order_id,date,product,region,segment,quantity,unit_price,discount,customer_age,customer_loyalty_years,marketing_spend,competitor_price_index,revenue,profit_margin,profit,month,year,quarter,product_encoded,region_encoded,segment_encoded
ORD-00000,2021-01-01,Phone,East,SMB,5,617.9,0.21,41,9.1,1887.46,0.89,2440.7,0.481,1173.98,1,2021,1,5,1,3
ORD-00001,2021-01-01,Laptop,South,Online,12,1624.65,0.21,69,1.6,2018.2,1.19,15401.68,0.391,6022.06,1,2021,1,2,3,1
ORD-00002,2021-01-01,Headphones,East,SMB,7,988.85,0.15,36,2.5,1111.49,1.06,5883.66,0.252,1482.68,1,2021,1,0,1,3
ORD-00003,2021-01-01,Phone,North,Retail,13,1326.95,0.26,22,6.1,4384.41,0.87,12765.26,0.141,1799.9,1,2021,1,5,2,2
ORD-00004,2021-01-01,Headphones,West,Retail,13,419.08,0.3,46,1.2,656.09,1.0,3813.63,0.297,1132.65,1,2021,1,0,4,2
ORD-00005,2021-01-01,Mouse,South,Enterprise,17,1090.34,0.23,56,8.9,2859.33,0.87,14272.55,0.302,4310.31,1,2021,1,4,3,0
ORD-00006,2021-01-01,Tablet,Central,SMB,4,670.05,0.18,19,0.5,4089.34,1.04,2197.76,0.32,703.28,1,2021,1,6,0,3
ORD-00007,2021-01-01,Mouse,Central,Online,18,1076.51,0.02,34,7.6,2946.43,0.94,18989.64,0.373,7083.14,1,2021,1,4,0,1
ORD-00008,2021-01-02,Phone,North,Online,10,1572.61,0.22,62,3.7,1701.79,0.88,12266.36,0.206,2526.87,1,2021,1,5,2,1
ORD-00009,2021-01-02,Phone,East,Retail,3,1549.38,0.21,28,0.5,3928.64,0.9,3672.03,0.101,370.88,1,2021,1,5,1,2
ORD-00010,2021-01-02,Phone,East,Online,12,740.73,0.23,54,8.4,2545.97,1.07,6844.35,0.425,2908.85,1,2021,1,5,1,1
ORD-00011,2021-01-02,Monitor,North,Retail,1,1403.84,0.04,30,6.4,898.76,0.96,1347.69,0.429,578.16,1,2021,1,3,2,2
ORD-00012,2021-01-02,Tablet,Central,Retail,11,1885.52,0.2,46,0.1,1652.63,1.01,16592.58,0.465,7715.55,1,2021,1,6,0,2
ORD-00013,2021-01-03,Headphones,Central,Retail,18,1270.06,0.09,49,2.7,3000.51,1.13,20803.58,0.488,10152.15,1,2021,1,0,0,2
ORD-00014,2021-01-03,Webcam,East,Enterprise,13,339.4,0.23,62,3.5,3328.0,1.06,3397.39,0.164,557.17,1,2021,1,7,1,0
ORD-00015,2021-01-03,Phone,South,Enterprise,17,1375.43,0.07,57,3.2,2785.85,0.98,21745.55,0.242,5262.42,1,2021,1,5,3,0
ORD-00016,2021-01-03,Phone,West,Retail,8,254.56,0.21,60,5.0,1432.85,1.18,1608.82,0.441,709.49,1,2021,1,5,4,2
ORD-00017,2021-01-03,Headphones,South,Retail,19,1750.62,0.09,25,5.3,3009.39,0.89,30268.22,0.474,14347.14,1,2021,1,0,3,2
ORD-00018,2021-01-04,Webcam,Central,Retail,17,1057.49,0.0,27,4.0,1729.01,0.92,17977.33,0.106,1905.6,1,2021,1,7,0,2
ORD-00019,2021-01-04,Mouse,South,Online,2,801.02,0.19,42,3.3,1202.11,1.16,1297.65,0.255,330.9,1,2021,1,4,3,1
ORD-00020,2021-01-04,Mouse,West,Retail,3,161.16,0.03,28,5.0,4733.09,1.14,468.98,0.145,68.0,1,2021,1,4,4,2
ORD-00021,2021-01-05,Phone,South,Retail,3,792.53,0.2,45,0.3,1642.88,0.85,1902.07,0.415,789.36,1,2021,1,5,3,2
ORD-00022,2021-01-05,Laptop,South,SMB,6,1811.25,0.28,50,6.5,1744.54,1.17,7824.6,0.399,3122.02,1,2021,1,2,3,3
ORD-00023,2021-01-05,Monitor,South,SMB,10,90.92,0.29,56,6.1,4494.2,0.8,645.53,0.402,259.5,1,2021,1,3,3,3
ORD-00024,2021-01-05,Mouse,South,SMB,18,975.56,0.07,43,2.8,799.2,1.13,16330.87,0.256,4180.7,1,2021,1,4,3,3
ORD-00025,2021-01-06,Laptop,North,SMB,18,1865.76,0.24,25,1.8,2964.51,0.91,25523.6,0.262,6687.18,1,2021,1,2,2,3
ORD-00026,2021-01-06,Monitor,Central,Retail,14,819.94,0.11,55,0.7,3940.18,0.88,10216.45,0.205,2094.37,1,2021,1,3,0,2
ORD-00027,2021-01-06,Phone,West,SMB,16,884.94,0.27,43,5.9,1440.96,0.98,10336.1,0.244,2522.01,1,2021,1,5,4,3
ORD-00028,2021-01-06,Tablet,Central,Online,7,1178.19,0.24,49,5.7,4236.0,1.16,6267.97,0.493,3090.11,1,2021,1,6,0,1
ORD-00029,2021-01-07,Keyboard,North,Online,1,952.73,0.02,63,5.3,3871.28,1.11,933.68,0.119,111.11,1,2021,1,1,2,1
ORD-00030,2021-01-07,Keyboard,North,SMB,17,378.77,0.12,45,9.9,2481.86,1.19,5666.4,0.23,1303.27,1,2021,1,1,2,3
ORD-00031,2021-01-07,Phone,North,Enterprise,5,86.18,0.1,69,5.3,681.71,1.02,387.81,0.416,161.33,1,2021,1,5,2,0
ORD-00032,2021-01-07,Mouse,North,Online,1,1239.13,0.24,24,7.2,4853.53,1.0,941.74,0.253,238.26,1,2021,1,4,2,1
ORD-00033,2021-01-07,Laptop,South,Online,17,1845.57,0.12,52,1.1,3158.73,0.81,27609.73,0.48,13252.67,1,2021,1,2,3,1
ORD-00034,2021-01-08,Tablet,Central,SMB,10,257.41,0.21,19,3.0,2633.78,0.87,2033.54,0.233,473.81,1,2021,1,6,0,3
ORD-00035,2021-01-08,Headphones,East,SMB,12,461.36,0.18,39,2.8,4438.7,1.0,4539.78,0.44,1997.5,1,2021,1,0,1,3
ORD-00036,2021-01-08,Monitor,West,Retail,2,771.95,0.29,67,5.8,2164.65,1.1,1096.17,0.426,466.97,1,2021,1,3,4,2
ORD-00037,2021-01-08,Phone,North,Online,16,1627.05,0.28,39,3.3,2861.84,1.13,18743.62,0.104,1949.34,1,2021,1,5,2,1
ORD-00038,2021-01-08,Tablet,Central,SMB,15,575.06,0.13,20,6.4,4306.22,0.91,7504.53,0.261,1958.68,1,2021,1,6,0,3
ORD-00039,2021-01-09,Webcam,North,SMB,13,1770.01,0.22,63,6.9,2025.56,1.08,17947.9,0.212,3804.95,1,2021,1,7,2,3
ORD-00040,2021-01-09,Tablet,North,Retail,18,157.17,0.25,67,0.3,3884.72,1.13,2121.8,0.292,619.57,1,2021,1,6,2,2
ORD-00041,2021-01-09,Mouse,North,Online,14,1884.87,0.27,62,6.4,1355.08,0.95,19263.37,0.285,5490.06,1,2021,1,4,2,1
ORD-00042,2021-01-10,Webcam,North,SMB,18,1143.46,0.02,25,1.2,3541.59,1.08,20170.63,0.462,9318.83,1,2021,1,7,2,3
ORD-00043,2021-01-10,Monitor,North,Retail,2,1334.62,0.09,21,4.7,2601.13,0.97,2429.01,0.173,420.22,1,2021,1,3,2,2
ORD-00044,2021-01-10,Webcam,West,SMB,2,766.99,0.1,32,7.3,908.04,1.19,1380.58,0.173,238.84,1,2021,1,7,4,3
ORD-00045,2021-01-10,Tablet,Central,Enterprise,3,1574.89,0.13,61,7.0,766.44,0.8,4110.46,0.143,587.8,1,2021,1,6,0,0
ORD-00046,2021-01-10,Mouse,North,Enterprise,5,374.8,0.05,63,3.0,2342.67,0.97,1780.3,0.395,703.22,1,2021,1,4,2,0
ORD-00047,2021-01-11,Webcam,North,SMB,16,145.38,0.15,69,2.7,3583.15,0.91,1977.17,0.467,923.34,1,2021,1,7,2,3
ORD-00048,2021-01-11,Laptop,North,Online,15,821.26,0.2,56,4.4,3056.15,1.14,9855.12,0.247,2434.21,1,2021,1,2,2,1
ORD-00049,2021-01-11,Mouse,North,Enterprise,12,1714.71,0.15,29,1.9,4288.15,0.91,17490.04,0.125,2186.26,1,2021,1,4,2,0
ORD-00050,2021-01-11,Laptop,South,Retail,9,1522.11,0.2,46,9.7,2009.34,1.02,10959.19,0.162,1775.39,1,2021,1,2,3,2
ORD-00051,2021-01-11,Laptop,South,SMB,14,1058.45,0.02,26,3.4,4233.85,1.1,14521.93,0.141,2047.59,1,2021,1,2,3,3
ORD-00052,2021-01-12,Webcam,East,Retail,16,1165.67,0.26,59,9.2,281.44,1.0,13801.53,0.337,4651.12,1,2021,1,7,1,2
ORD-00053,2021-01-12,Webcam,North,Enterprise,11,303.29,0.28,57,9.1,1892.44,0.96,2402.06,0.213,511.64,1,2021,1,7,2,0
ORD-00054,2021-01-12,Headphones,East,Online,6,1689.33,0.19,37,3.6,457.62,0.82,8210.14,0.459,3768.45,1,2021,1,0,1,1
ORD-00055,2021-01-12,Headphones,West,Retail,10,1584.57,0.26,51,2.5,4604.3,0.81,11725.82,0.165,1934.76,1,2021,1,0,4,2
ORD-00056,2021-01-12,Tablet,East,Enterprise,8,1330.12,0.04,43,7.7,2429.03,1.18,10215.32,0.472,4821.63,1,2021,1,6,1,0
ORD-00057,2021-01-12,Mouse,Central,Enterprise,16,959.07,0.24,65,2.3,1649.17,1.06,11662.29,0.233,2717.31,1,2021,1,4,0,0
ORD-00058,2021-01-12,Headphones,South,Enterprise,3,1930.7,0.04,38,5.2,2513.19,1.13,5560.42,0.447,2485.51,1,2021,1,0,3,0
ORD-00059,2021-01-12,Laptop,South,Retail,2,1764.11,0.12,40,1.1,2710.95,0.99,3104.83,0.48,1490.32,1,2021,1,2,3,2
ORD-00060,2021-01-12,Headphones,North,Enterprise,16,1306.64,0.1,35,3.9,4246.54,0.9,18815.62,0.495,9313.73,1,2021,1,0,2,0
ORD-00061,2021-01-13,Monitor,North,SMB,19,775.01,0.18,69,0.8,2757.9,0.92,12074.66,0.421,5083.43,1,2021,1,3,2,3
ORD-00062,2021-01-13,Tablet,West,Enterprise,9,1255.14,0.09,41,2.8,2213.77,0.82,10279.6,0.141,1449.42,1,2021,1,6,4,0
ORD-00063,2021-01-13,Mouse,West,SMB,16,1172.11,0.19,59,6.7,4810.64,1.12,15190.55,0.122,1853.25,1,2021,1,4,4,3
ORD-00064,2021-01-13,Mouse,Central,Online,4,818.77,0.11,46,9.9,4845.93,1.03,2914.82,0.396,1154.27,1,2021,1,4,0,1
ORD-00065,2021-01-13,Keyboard,North,SMB,10,648.01,0.26,55,2.5,288.24,0.99,4795.27,0.459,2201.03,1,2021,1,1,2,3
ORD-00066,2021-01-14,Mouse,North,Online,19,843.67,0.19,55,4.7,3563.54,1.14,12984.08,0.166,2155.36,1,2021,1,4,2,1
ORD-00067,2021-01-14,Tablet,West,Online,13,1169.13,0.06,69,4.5,1921.61,0.98,14286.77,0.476,6800.5,1,2021,1,6,4,1
ORD-00068,2021-01-14,Monitor,West,SMB,18,884.86,0.1,30,1.8,3408.48,1.18,14334.73,0.344,4931.15,1,2021,1,3,4,3
ORD-00069,2021-01-14,Mouse,West,Online,15,563.97,0.25,49,6.1,3220.92,0.81,6344.66,0.15,951.7,1,2021,1,4,4,1
ORD-00070,2021-01-15,Keyboard,South,SMB,4,1533.88,0.12,36,7.2,1717.51,1.19,5399.26,0.167,901.68,1,2021,1,1,3,3
ORD-00071,2021-01-15,Tablet,East,Retail,9,1086.36,0.16,34,1.5,4934.63,1.13,8212.88,0.126,1034.82,1,2021,1,6,1,2
ORD-00072,2021-01-15,Laptop,East,Online,4,181.97,0.19,19,7.6,1849.84,0.94,589.58,0.157,92.56,1,2021,1,2,1,1
ORD-00073,2021-01-15,Phone,North,SMB,16,768.22,0.1,35,7.0,3196.71,1.04,11062.37,0.393,4347.51,1,2021,1,5,2,3
ORD-00074,2021-01-15,Phone,South,Online,15,1775.58,0.09,56,2.0,4085.59,1.15,24236.67,0.188,4556.49,1,2021,1,5,3,1
ORD-00075,2021-01-16,Laptop,West,Enterprise,2,1522.71,0.14,44,6.5,812.78,0.99,2619.06,0.325,851.19,1,2021,1,2,4,0
ORD-00076,2021-01-16,Headphones,North,SMB,14,680.33,0.06,31,3.9,1572.79,0.82,8953.14,0.388,3473.82,1,2021,1,0,2,3
ORD-00077,2021-01-17,Mouse,South,Enterprise,3,1879.46,0.09,32,6.8,1074.97,1.16,5130.93,0.458,2349.97,1,2021,1,4,3,0
ORD-00078,2021-01-17,Webcam,Central,Online,4,199.38,0.02,25,5.0,3930.93,1.01,781.57,0.336,262.61,1,2021,1,7,0,1
ORD-00079,2021-01-17,Phone,South,Online,1,1924.41,0.09,26,0.5,4025.92,1.02,1751.21,0.328,574.4,1,2021,1,5,3,1
ORD-00080,2021-01-17,Headphones,North,Retail,9,529.12,0.1,38,7.9,1354.12,0.81,4285.87,0.465,1992.93,1,2021,1,0,2,2
ORD-00081,2021-01-17,Phone,East,SMB,17,67.73,0.29,60,5.6,120.24,0.84,817.5,0.218,178.22,1,2021,1,5,1,3
ORD-00082,2021-01-17,Laptop,West,Enterprise,14,895.93,0.18,52,7.2,2174.42,1.11,10285.28,0.181,1861.64,1,2021,1,2,4,0
ORD-00083,2021-01-17,Mouse,Central,Retail,17,749.99,0.24,69,1.3,3466.97,0.97,9689.87,0.449,4350.75,1,2021,1,4,0,2
ORD-00084,2021-01-18,Mouse,South,Online,1,1101.22,0.01,31,7.2,3150.26,1.2,1090.21,0.13,141.73,1,2021,1,4,3,1
ORD-00085,2021-01-18,Headphones,North,Online,10,1603.71,0.03,44,4.1,2283.93,1.08,15555.99,0.176,2737.85,1,2021,1,0,2,1
ORD-00086,2021-01-19,Laptop,North,Retail,16,1692.74,0.24,25,8.0,1579.51,1.18,20583.72,0.265,5454.69,1,2021,1,2,2,2
ORD-00087,2021-01-19,Headphones,West,Enterprise,19,832.4,0.19,52,6.0,2424.5,0.91,12810.64,0.245,3138.61,1,2021,1,0,4,0
ORD-00088,2021-01-19,Mouse,North,Online,3,888.2,0.06,35,3.5,174.0,0.87,2504.72,0.382,956.8,1,2021,1,4,2,1
ORD-00089,2021-01-19,Webcam,North,Online,12,338.95,0.12,31,2.0,461.97,0.95,3579.31,0.137,490.37,1,2021,1,7,2,1
ORD-00090,2021-01-19,Mouse,West,SMB,3,142.72,0.16,69,8.2,897.12,0.91,359.65,0.291,104.66,1,2021,1,4,4,3
ORD-00091,2021-01-19,Tablet,Central,Retail,15,1300.37,0.25,25,5.6,3164.49,1.05,14629.16,0.423,6188.13,1,2021,1,6,0,2
ORD-00092,2021-01-19,Webcam,East,Online,17,175.65,0.02,66,9.9,1172.12,1.1,2926.33,0.373,1091.52,1,2021,1,7,1,1
ORD-00093,2021-01-19,Headphones,East,Enterprise,18,1480.97,0.18,25,3.7,2174.56,0.96,21859.12,0.353,7716.27,1,2021,1,0,1,0
ORD-00094,2021-01-19,Tablet,South,SMB,7,1101.23,0.22,54,6.9,3144.91,0.84,6012.72,0.196,1178.49,1,2021,1,6,3,3
ORD-00095,2021-01-19,Laptop,Central,Retail,19,437.24,0.29,61,6.2,4169.83,0.81,5898.37,0.257,1515.88,1,2021,1,2,0,2
ORD-00096,2021-01-20,Monitor,South,Enterprise,7,1102.07,0.24,19,6.4,2793.32,0.89,5863.01,0.172,1008.44,1,2021,1,3,3,0
ORD-00097,2021-01-20,Phone,East,Online,5,406.85,0.08,34,7.4,967.92,1.09,1871.51,0.304,568.94,1,2021,1,5,1,1
ORD-00098,2021-01-21,Tablet,West,Retail,8,905.54,0.21,30,1.4,4763.52,0.89,5723.01,0.334,1911.49,1,2021,1,6,4,2
ORD-00099,2021-01-21,Phone,North,Retail,16,1609.14,0.23,31,5.5,541.07,1.16,19824.6,0.352,6978.26,1,2021,1,5,2,2
ORD-00100,2021-01-21,Keyboard,East,Enterprise,16,950.74,0.22,58,5.1,1898.88,1.06,11865.24,0.45,5339.36,1,2021,1,1,1,0
ORD-00101,2021-01-21,Laptop,Central,Retail,19,339.96,0.25,58,3.4,4614.49,1.14,4844.43,0.125,605.55,1,2021,1,2,0,2
ORD-00102,2021-01-21,Monitor,East,Enterprise,15,1461.47,0.27,26,4.4,3051.43,0.95,16003.1,0.255,4080.79,1,2021,1,3,1,0
ORD-00103,2021-01-21,Keyboard,Central,Online,7,414.2,0.03,44,5.2,3347.0,1.19,2812.42,0.336,944.97,1,2021,1,1,0,1
ORD-00104,2021-01-21,Keyboard,Central,SMB,5,1490.17,0.03,37,3.2,1578.29,1.07,7227.32,0.328,2370.56,1,2021,1,1,0,3
ORD-00105,2021-01-21,Mouse,Central,Enterprise,11,984.74,0.24,55,2.9,484.84,0.94,8232.43,0.109,897.33,1,2021,1,4,0,0
ORD-00106,2021-01-21,Keyboard,South,SMB,10,934.8,0.08,29,7.4,1892.23,0.89,8600.16,0.176,1513.63,1,2021,1,1,3,3
ORD-00107,2021-01-22,Laptop,West,Retail,9,1710.3,0.02,59,0.7,2070.57,1.15,15084.85,0.438,6607.16,1,2021,1,2,4,2
ORD-00108,2021-01-22,Tablet,East,Enterprise,1,1431.78,0.12,39,3.1,1424.33,0.93,1259.97,0.306,385.55,1,2021,1,6,1,0
ORD-00109,2021-01-22,Laptop,West,Online,1,114.18,0.25,54,6.5,1155.88,0.82,85.64,0.265,22.69,1,2021,1,2,4,1
ORD-00110,2021-01-22,Tablet,North,Enterprise,8,627.54,0.04,67,2.1,1841.99,0.91,4819.51,0.46,2216.97,1,2021,1,6,2,0
ORD-00111,2021-01-22,Keyboard,East,Enterprise,3,1748.3,0.2,56,5.7,3233.14,0.87,4195.92,0.13,545.47,1,2021,1,1,1,0
ORD-00112,2021-01-22,Keyboard,West,Enterprise,2,85.74,0.0,48,3.0,4750.27,0.93,171.48,0.469,80.42,1,2021,1,1,4,0
ORD-00113,2021-01-22,Webcam,West,SMB,4,1113.24,0.03,30,8.4,3548.53,1.05,4319.37,0.111,479.45,1,2021,1,7,4,3
ORD-00114,2021-01-22,Monitor,North,SMB,19,1469.26,0.11,18,3.5,3920.06,1.0,24845.19,0.325,8074.69,1,2021,1,3,2,3
ORD-00115,2021-01-23,Tablet,Central,Retail,11,1262.62,0.03,55,2.3,1599.73,1.08,13472.16,0.322,4338.04,1,2021,1,6,0,2
ORD-00116,2021-01-23,Keyboard,East,Retail,5,1533.04,0.25,57,5.3,612.99,0.93,5748.9,0.356,2046.61,1,2021,1,1,1,2
ORD-00117,2021-01-23,Mouse,East,Retail,10,1465.1,0.26,26,1.4,1528.42,0.85,10841.74,0.112,1214.27,1,2021,1,4,1,2
ORD-00118,2021-01-23,Webcam,North,Retail,8,1399.46,0.23,56,8.0,2073.01,0.86,8620.67,0.312,2689.65,1,2021,1,7,2,2
ORD-00119,2021-01-23,Phone,Central,Enterprise,13,1652.0,0.07,27,6.8,3480.42,1.12,19972.68,0.145,2896.04,1,2021,1,5,0,0
ORD-00120,2021-01-24,Webcam,East,SMB,5,1309.1,0.16,46,7.7,4702.86,0.84,5498.22,0.162,890.71,1,2021,1,7,1,3
ORD-00121,2021-01-25,Monitor,East,SMB,12,834.72,0.06,57,4.0,4065.53,1.12,9415.64,0.186,1751.31,1,2021,1,3,1,3
ORD-00122,2021-01-25,Laptop,East,SMB,13,970.22,0.08,47,8.4,1405.36,0.89,11603.83,0.345,4003.32,1,2021,1,2,1,3
ORD-00123,2021-01-25,Monitor,Central,SMB,8,1447.61,0.15,19,4.9,4119.47,1.07,9843.75,0.256,2520.0,1,2021,1,3,0,3
ORD-00124,2021-01-25,Phone,North,Retail,15,1758.8,0.22,35,0.9,2117.56,1.05,20577.96,0.134,2757.45,1,2021,1,5,2,2
ORD-00125,2021-01-25,Webcam,East,Enterprise,13,580.83,0.03,45,2.2,959.65,0.84,7324.27,0.216,1582.04,1,2021,1,7,1,0
ORD-00126,2021-01-25,Tablet,West,SMB,1,717.05,0.09,64,7.1,2360.14,1.07,652.52,0.131,85.48,1,2021,1,6,4,3
ORD-00127,2021-01-26,Laptop,Central,Online,6,1864.94,0.28,49,9.0,2859.78,0.98,8056.54,0.366,2948.69,1,2021,1,2,0,1
ORD-00128,2021-01-26,Laptop,South,Enterprise,11,1178.1,0.13,41,1.0,3840.69,1.08,11274.42,0.323,3641.64,1,2021,1,2,3,0
ORD-00129,2021-01-26,Tablet,North,Online,13,398.98,0.28,55,8.6,1814.49,1.13,3734.45,0.263,982.16,1,2021,1,6,2,1
ORD-00130,2021-01-27,Headphones,West,Enterprise,1,1344.21,0.3,31,8.0,819.22,0.82,940.95,0.471,443.19,1,2021,1,0,4,0
ORD-00131,2021-01-27,Headphones,East,Enterprise,11,1981.99,0.16,42,3.6,562.33,1.06,18313.59,0.307,5622.27,1,2021,1,0,1,0
ORD-00132,2021-01-27,Monitor,South,Enterprise,11,1655.73,0.09,42,6.9,650.99,0.84,16573.86,0.455,7541.11,1,2021,1,3,3,0
ORD-00133,2021-01-27,Keyboard,North,Online,8,1504.2,0.24,49,1.9,4755.11,0.95,9145.54,0.332,3036.32,1,2021,1,1,2,1
ORD-00134,2021-01-28,Headphones,Central,SMB,3,455.69,0.05,44,8.1,4763.58,0.81,1298.72,0.251,325.98,1,2021,1,0,0,3
ORD-00135,2021-01-28,Monitor,South,SMB,19,1758.47,0.08,49,6.6,4846.91,0.93,30738.06,0.316,9713.23,1,2021,1,3,3,3
ORD-00136,2021-01-28,Headphones,South,Online,12,1075.29,0.24,48,4.4,1582.2,0.87,9806.64,0.161,1578.87,1,2021,1,0,3,1
ORD-00137,2021-01-28,Phone,West,SMB,6,1784.12,0.13,67,8.6,1038.91,1.02,9313.11,0.37,3445.85,1,2021,1,5,4,3
ORD-00138,2021-01-28,Mouse,North,Retail,8,693.16,0.06,41,1.4,4906.48,1.0,5212.56,0.493,2569.79,1,2021,1,4,2,2
ORD-00139,2021-01-29,Keyboard,West,SMB,5,171.0,0.2,52,8.5,4942.49,1.12,684.0,0.199,136.12,1,2021,1,1,4,3
ORD-00140,2021-01-29,Monitor,West,Retail,10,978.15,0.22,47,0.2,483.92,1.06,7629.57,0.229,1747.17,1,2021,1,3,4,2
ORD-00141,2021-01-29,Mouse,East,Retail,16,576.18,0.04,50,7.5,3787.39,1.09,8850.12,0.262,2318.73,1,2021,1,4,1,2
ORD-00142,2021-01-29,Mouse,Central,Retail,12,1444.7,0.08,50,5.7,1514.45,0.84,15949.49,0.293,4673.2,1,2021,1,4,0,2
ORD-00143,2021-01-29,Webcam,South,Online,17,1916.36,0.07,63,7.0,4555.56,0.81,30297.65,0.388,11755.49,1,2021,1,7,3,1
ORD-00144,2021-01-29,Headphones,North,SMB,6,1397.4,0.11,44,4.1,537.2,1.19,7462.12,0.155,1156.63,1,2021,1,0,2,3
ORD-00145,2021-01-29,Webcam,Central,SMB,9,1779.52,0.23,50,8.6,4454.03,0.97,12332.07,0.221,2725.39,1,2021,1,7,0,3
ORD-00146,2021-01-29,Tablet,Central,Online,10,933.4,0.21,50,3.1,112.84,0.96,7373.86,0.315,2322.77,1,2021,1,6,0,1
ORD-00147,2021-01-30,Phone,North,Online,14,1554.7,0.2,21,2.7,2657.69,0.81,17412.64,0.336,5850.65,1,2021,1,5,2,1
ORD-00148,2021-01-30,Phone,Central,SMB,14,1693.93,0.0,47,3.0,1744.26,0.85,23715.02,0.315,7470.23,1,2021,1,5,0,3
ORD-00149,2021-01-30,Phone,East,Online,17,1436.21,0.04,61,7.7,2193.94,1.18,23438.95,0.274,6422.27,1,2021,1,5,1,1
ORD-00150,2021-01-31,Keyboard,Central,Online,16,1040.17,0.07,32,5.0,2225.54,1.08,15477.73,0.385,5958.93,1,2021,1,1,0,1
ORD-00151,2021-01-31,Laptop,East,Retail,4,1270.44,0.08,46,5.4,3302.66,0.96,4675.22,0.182,850.89,1,2021,1,2,1,2
ORD-00152,2021-01-31,Keyboard,South,Online,2,1415.99,0.04,45,8.3,213.18,1.16,2718.7,0.213,579.08,1,2021,1,1,3,1
ORD-00153,2021-02-01,Monitor,South,Retail,16,543.51,0.12,49,8.3,3487.68,1.04,7652.62,0.278,2127.43,2,2021,1,3,3,2
ORD-00154,2021-02-01,Mouse,West,Enterprise,1,1628.68,0.02,53,1.6,208.77,1.1,1596.11,0.378,603.33,2,2021,1,4,4,0
ORD-00155,2021-02-01,Mouse,East,Retail,3,1903.13,0.23,47,5.5,1007.84,0.97,4396.23,0.133,584.7,2,2021,1,4,1,2
ORD-00156,2021-02-02,Webcam,South,Retail,11,957.22,0.24,59,1.3,3073.03,0.97,8002.36,0.146,1168.34,2,2021,1,7,3,2
ORD-00157,2021-02-02,Laptop,Central,Online,16,1417.08,0.17,60,8.7,523.54,0.83,18818.82,0.413,7772.17,2,2021,1,2,0,1
ORD-00158,2021-02-03,Monitor,North,SMB,18,1487.2,0.03,55,8.4,4955.43,1.09,25966.51,0.204,5297.17,2,2021,1,3,2,3
ORD-00159,2021-02-03,Laptop,North,Enterprise,15,1341.38,0.27,59,8.5,3943.48,0.84,14688.11,0.485,7123.73,2,2021,1,2,2,0
ORD-00160,2021-02-03,Mouse,East,Enterprise,9,1116.87,0.29,29,7.0,3557.76,1.11,7136.8,0.485,3461.35,2,2021,1,4,1,0
ORD-00161,2021-02-03,Headphones,West,Enterprise,12,1769.21,0.06,20,4.7,1411.64,0.88,19956.69,0.374,7463.8,2,2021,1,0,4,0
ORD-00162,2021-02-04,Keyboard,Central,SMB,18,925.41,0.21,32,4.0,337.97,0.9,13159.33,0.387,5092.66,2,2021,1,1,0,3
ORD-00163,2021-02-04,Phone,East,Enterprise,5,169.15,0.25,65,4.0,4896.03,1.17,634.31,0.36,228.35,2,2021,1,5,1,0
ORD-00164,2021-02-04,Mouse,North,Enterprise,8,1696.88,0.16,27,0.7,824.46,0.99,11403.03,0.171,1949.92,2,2021,1,4,2,0
ORD-00165,2021-02-04,Tablet,East,SMB,3,1364.26,0.1,39,9.5,4169.78,0.85,3683.5,0.3,1105.05,2,2021,1,6,1,3
ORD-00166,2021-02-04,Phone,Central,Enterprise,2,1706.05,0.14,40,4.5,1067.84,1.16,2934.41,0.417,1223.65,2,2021,1,5,0,0
ORD-00167,2021-02-05,Mouse,South,Online,19,320.17,0.15,28,9.3,1933.07,0.98,5170.75,0.41,2120.01,2,2021,1,4,3,1
ORD-00168,2021-02-05,Keyboard,Central,Online,8,109.97,0.12,33,8.8,3498.59,0.85,774.19,0.46,356.13,2,2021,1,1,0,1
ORD-00169,2021-02-05,Laptop,South,Retail,2,1872.03,0.28,66,8.3,4732.29,0.96,2695.72,0.46,1240.03,2,2021,1,2,3,2
ORD-00170,2021-02-05,Headphones,South,Retail,19,338.07,0.22,63,5.9,196.93,1.04,5010.2,0.205,1027.09,2,2021,1,0,3,2
ORD-00171,2021-02-05,Headphones,South,Retail,1,1628.82,0.07,33,1.0,1377.76,0.94,1514.8,0.389,589.26,2,2021,1,0,3,2
ORD-00172,2021-02-06,Phone,East,Online,13,1655.26,0.18,31,3.2,3848.33,1.17,17645.07,0.361,6369.87,2,2021,1,5,1,1
ORD-00173,2021-02-06,Keyboard,North,Online,17,1431.98,0.21,23,6.0,949.63,0.91,19231.49,0.454,8731.1,2,2021,1,1,2,1
ORD-00174,2021-02-06,Headphones,East,Online,3,305.96,0.04,59,0.1,646.13,0.87,881.16,0.173,152.44,2,2021,1,0,1,1
ORD-00175,2021-02-07,Headphones,North,Retail,9,1351.43,0.11,34,0.4,326.31,0.89,10824.95,0.396,4286.68,2,2021,1,0,2,2
ORD-00176,2021-02-07,Monitor,Central,Retail,5,1783.72,0.27,48,6.8,2562.2,0.83,6510.58,0.269,1751.35,2,2021,1,3,0,2
ORD-00177,2021-02-07,Tablet,West,Retail,6,879.79,0.17,59,8.9,3861.89,0.98,4381.35,0.258,1130.39,2,2021,1,6,4,2
ORD-00178,2021-02-08,Phone,Central,Retail,4,856.36,0.07,27,8.6,4812.5,1.15,3185.66,0.114,363.17,2,2021,1,5,0,2
ORD-00179,2021-02-08,Laptop,East,Retail,17,913.57,0.04,63,1.7,1410.68,0.92,14909.46,0.485,7231.09,2,2021,1,2,1,2
ORD-00180,2021-02-08,Headphones,East,Retail,16,210.43,0.16,37,9.1,694.72,0.9,2828.18,0.37,1046.43,2,2021,1,0,1,2
ORD-00181,2021-02-08,Monitor,North,Online,16,1789.45,0.16,66,7.0,2072.51,1.13,24050.21,0.336,8080.87,2,2021,1,3,2,1
ORD-00182,2021-02-08,Keyboard,East,SMB,11,1744.91,0.1,26,7.2,371.66,0.92,17274.61,0.2,3454.92,2,2021,1,1,1,3
ORD-00183,2021-02-08,Headphones,South,SMB,2,1995.92,0.19,32,3.0,1723.66,0.99,3233.39,0.363,1173.72,2,2021,1,0,3,3
ORD-00184,2021-02-09,Webcam,East,Retail,17,1191.11,0.02,56,7.2,3251.09,0.81,19843.89,0.478,9485.38,2,2021,1,7,1,2
ORD-00185,2021-02-09,Tablet,North,SMB,15,1514.82,0.04,19,7.1,924.01,0.91,21813.41,0.165,3599.21,2,2021,1,6,2,3
ORD-00186,2021-02-09,Laptop,North,SMB,18,445.21,0.16,21,5.9,3196.2,0.85,6731.58,0.494,3325.4,2,2021,1,2,2,3
ORD-00187,2021-02-09,Keyboard,South,Online,10,1351.68,0.02,69,3.6,4862.55,0.84,13246.46,0.271,3589.79,2,2021,1,1,3,1
ORD-00188,2021-02-09,Keyboard,North,Retail,6,1316.98,0.26,41,8.1,4334.58,0.97,5847.39,0.491,2871.07,2,2021,1,1,2,2
ORD-00189,2021-02-09,Phone,West,Retail,16,1807.36,0.04,35,9.4,1848.49,0.91,27761.05,0.354,9827.41,2,2021,1,5,4,2
ORD-00190,2021-02-10,Headphones,Central,SMB,5,1670.05,0.2,28,8.7,2165.33,0.87,6680.2,0.23,1536.45,2,2021,1,0,0,3
ORD-00191,2021-02-10,Phone,East,Retail,12,1880.01,0.12,54,2.4,2154.67,1.0,19852.91,0.25,4963.23,2,2021,1,5,1,2
ORD-00192,2021-02-10,Laptop,West,Retail,6,1744.23,0.12,43,4.5,4313.51,1.11,9209.53,0.216,1989.26,2,2021,1,2,4,2
ORD-00193,2021-02-10,Webcam,East,Retail,14,1743.95,0.23,25,3.4,4969.75,1.09,18799.78,0.234,4399.15,2,2021,1,7,1,2
ORD-00194,2021-02-10,Headphones,West,Retail,16,174.26,0.15,39,7.1,4146.89,0.9,2369.94,0.359,850.81,2,2021,1,0,4,2
ORD-00195,2021-02-10,Mouse,East,SMB,7,1699.63,0.22,69,8.3,2834.78,0.91,9279.98,0.107,992.96,2,2021,1,4,1,3
ORD-00196,2021-02-11,Headphones,South,Enterprise,2,1234.58,0.15,22,2.2,577.09,1.09,2098.79,0.487,1022.11,2,2021,1,0,3,0
ORD-00197,2021-02-11,Webcam,North,SMB,6,791.87,0.18,19,9.5,4776.97,1.02,3896.0,0.407,1585.67,2,2021,1,7,2,3
ORD-00198,2021-02-11,Mouse,North,Online,9,160.2,0.23,22,6.8,4314.22,1.1,1110.19,0.476,528.45,2,2021,1,4,2,1
ORD-00199,2021-02-12,Keyboard,South,Enterprise,7,1371.46,0.18,52,2.2,4222.91,0.8,7872.18,0.387,3046.53,2,2021,1,1,3,0
ORD-00200,2021-02-12,Phone,West,Enterprise,2,689.99,0.18,49,3.7,2019.91,0.83,1131.58,0.292,330.42,2,2021,1,5,4,0
ORD-00201,2021-02-12,Tablet,Central,Enterprise,19,962.16,0.24,61,1.0,2291.14,1.12,13893.59,0.176,2445.27,2,2021,1,6,0,0
ORD-00202,2021-02-12,Headphones,West,SMB,8,1379.37,0.28,36,6.0,686.34,1.14,7945.17,0.307,2439.17,2,2021,1,0,4,3
ORD-00203,2021-02-12,Tablet,North,Online,11,1827.96,0.11,56,1.7,4695.58,0.94,17895.73,0.385,6889.86,2,2021,1,6,2,1
ORD-00204,2021-02-12,Headphones,Central,SMB,4,1659.6,0.17,68,6.9,4721.85,1.18,5509.87,0.442,2435.36,2,2021,1,0,0,3
ORD-00205,2021-02-12,Keyboard,East,Online,16,928.66,0.03,21,7.4,1346.76,0.92,14412.8,0.23,3314.94,2,2021,1,1,1,1
ORD-00206,2021-02-12,Phone,Central,SMB,18,806.18,0.11,40,4.8,3510.44,1.16,12915.0,0.304,3926.16,2,2021,1,5,0,3
ORD-00207,2021-02-13,Laptop,West,SMB,13,517.57,0.12,63,0.9,1097.1,0.97,5921.0,0.348,2060.51,2,2021,1,2,4,3
ORD-00208,2021-02-13,Laptop,South,SMB,5,776.23,0.25,36,6.1,2025.44,1.02,2910.86,0.335,975.14,2,2021,1,2,3,3
ORD-00209,2021-02-14,Laptop,East,Enterprise,2,266.54,0.15,43,3.7,1581.67,1.06,453.12,0.121,54.83,2,2021,1,2,1,0
ORD-00210,2021-02-14,Headphones,West,SMB,11,1943.66,0.22,67,9.5,2009.0,0.85,16676.6,0.293,4886.24,2,2021,1,0,4,3
ORD-00211,2021-02-14,Headphones,East,Online,1,1169.14,0.01,43,5.1,1613.97,0.81,1157.45,0.424,490.76,2,2021,1,0,1,1
ORD-00212,2021-02-15,Tablet,Central,Online,13,299.22,0.14,24,0.7,1791.93,0.97,3345.28,0.421,1408.36,2,2021,1,6,0,1
ORD-00213,2021-02-15,Phone,North,Online,5,737.97,0.27,49,6.4,3976.2,0.86,2693.59,0.303,816.16,2,2021,1,5,2,1
ORD-00214,2021-02-16,Webcam,West,Enterprise,18,1116.73,0.07,64,7.8,1570.13,1.02,18694.06,0.481,8991.84,2,2021,1,7,4,0
ORD-00215,2021-02-16,Headphones,South,SMB,14,1089.13,0.01,50,1.6,4092.01,0.98,15095.34,0.43,6491.0,2,2021,1,0,3,3
ORD-00216,2021-02-16,Phone,Central,SMB,13,119.23,0.13,61,4.5,2882.82,0.85,1348.49,0.395,532.65,2,2021,1,5,0,3
ORD-00217,2021-02-16,Tablet,West,Retail,7,1904.14,0.21,43,7.4,3924.18,1.07,10529.89,0.306,3222.15,2,2021,1,6,4,2
ORD-00218,2021-02-16,Headphones,South,Enterprise,8,586.98,0.14,41,0.2,4602.56,0.81,4038.42,0.336,1356.91,2,2021,1,0,3,0
ORD-00219,2021-02-17,Laptop,West,Online,18,81.56,0.14,68,0.3,778.28,0.85,1262.55,0.189,238.62,2,2021,1,2,4,1
ORD-00220,2021-02-17,Laptop,Central,Online,7,199.07,0.2,40,6.8,1785.06,1.08,1114.79,0.313,348.93,2,2021,1,2,0,1
ORD-00221,2021-02-17,Keyboard,West,SMB,17,1181.38,0.08,55,7.3,372.23,1.01,18476.78,0.31,5727.8,2,2021,1,1,4,3
ORD-00222,2021-02-17,Mouse,East,Online,16,318.68,0.23,43,8.5,2093.86,0.91,3926.14,0.181,710.63,2,2021,1,4,1,1
ORD-00223,2021-02-18,Monitor,Central,SMB,11,131.36,0.05,62,4.0,1263.27,0.87,1372.71,0.48,658.9,2,2021,1,3,0,3
ORD-00224,2021-02-18,Webcam,West,SMB,19,790.27,0.12,48,3.9,2901.23,1.06,13213.31,0.198,2616.24,2,2021,1,7,4,3
ORD-00225,2021-02-18,Mouse,North,Retail,1,1264.38,0.2,23,5.5,3938.61,0.88,1011.5,0.142,143.63,2,2021,1,4,2,2
ORD-00226,2021-02-18,Headphones,West,Enterprise,8,268.09,0.25,62,7.6,2483.19,1.19,1608.54,0.287,461.65,2,2021,1,0,4,0
ORD-00227,2021-02-19,Phone,East,SMB,1,660.99,0.24,48,6.4,1734.75,1.15,502.35,0.374,187.88,2,2021,1,5,1,3
ORD-00228,2021-02-19,Headphones,South,SMB,9,864.63,0.22,64,3.3,847.53,0.85,6069.7,0.178,1080.41,2,2021,1,0,3,3
ORD-00229,2021-02-19,Phone,South,SMB,19,360.95,0.11,65,3.5,231.47,1.14,6103.66,0.173,1055.93,2,2021,1,5,3,3
ORD-00230,2021-02-19,Phone,South,Retail,9,1036.84,0.04,57,7.6,3421.63,0.94,8958.3,0.205,1836.45,2,2021,1,5,3,2
ORD-00231,2021-02-19,Mouse,North,SMB,10,216.17,0.07,62,5.3,249.67,1.0,2010.38,0.221,444.29,2,2021,1,4,2,3
ORD-00232,2021-02-20,Monitor,East,Enterprise,11,140.71,0.26,62,1.0,4612.11,0.86,1145.38,0.198,226.79,2,2021,1,3,1,0
ORD-00233,2021-02-20,Keyboard,Central,Enterprise,1,1063.68,0.26,69,1.5,3011.73,0.85,787.12,0.288,226.69,2,2021,1,1,0,0
ORD-00234,2021-02-20,Mouse,South,Online,8,533.4,0.29,69,8.5,1831.15,1.15,3029.71,0.107,324.18,2,2021,1,4,3,1
ORD-00235,2021-02-20,Monitor,East,Enterprise,12,235.98,0.02,29,10.0,305.38,1.05,2775.12,0.135,374.64,2,2021,1,3,1,0
ORD-00236,2021-02-21,Laptop,West,Online,1,876.63,0.16,68,3.4,2126.08,0.98,736.37,0.392,288.66,2,2021,1,2,4,1
ORD-00237,2021-02-21,Laptop,North,Enterprise,10,1834.52,0.19,34,3.9,4349.77,0.81,14859.61,0.265,3937.8,2,2021,1,2,2,0
ORD-00238,2021-02-21,Phone,East,Online,4,1462.18,0.21,43,1.5,4852.13,1.17,4620.49,0.244,1127.4,2,2021,1,5,1,1
ORD-00239,2021-02-22,Tablet,East,SMB,15,1640.45,0.19,20,2.4,516.15,0.95,19931.47,0.104,2072.87,2,2021,1,6,1,3
ORD-00240,2021-02-22,Headphones,Central,Retail,19,1750.23,0.23,32,4.2,3907.98,0.97,25605.86,0.219,5607.68,2,2021,1,0,0,2
ORD-00241,2021-02-22,Headphones,East,Retail,6,1946.62,0.11,66,2.8,1365.95,0.92,10394.95,0.428,4449.04,2,2021,1,0,1,2
ORD-00242,2021-02-22,Phone,Central,Retail,5,1538.33,0.05,55,7.0,1959.24,1.16,7307.07,0.236,1724.47,2,2021,1,5,0,2
ORD-00243,2021-02-23,Tablet,North,SMB,5,1236.4,0.06,41,5.4,2783.6,0.94,5811.08,0.485,2818.37,2,2021,1,6,2,3
ORD-00244,2021-02-23,Webcam,North,Retail,18,762.58,0.0,68,8.2,4974.17,0.87,13726.44,0.256,3513.97,2,2021,1,7,2,2
ORD-00245,2021-02-23,Monitor,West,Enterprise,3,404.2,0.11,47,7.2,1123.19,1.0,1079.21,0.286,308.65,2,2021,1,3,4,0
ORD-00246,2021-02-23,Webcam,Central,Online,2,1388.99,0.03,61,1.3,739.44,1.11,2694.64,0.421,1134.44,2,2021,1,7,0,1
ORD-00247,2021-02-23,Webcam,Central,SMB,4,1990.15,0.1,53,1.2,3015.39,0.95,7164.54,0.493,3532.12,2,2021,1,7,0,3
ORD-00248,2021-02-23,Laptop,South,Retail,18,961.35,0.19,61,9.0,4279.94,1.06,14016.48,0.249,3490.1,2,2021,1,2,3,2
ORD-00249,2021-02-23,Webcam,South,Enterprise,9,1461.17,0.27,44,8.2,3276.26,0.92,9599.89,0.148,1420.78,2,2021,1,7,3,0
ORD-00250,2021-02-24,Headphones,West,Enterprise,19,1015.43,0.25,39,4.7,1803.12,1.09,14469.88,0.309,4471.19,2,2021,1,0,4,0
ORD-00251,2021-02-24,Mouse,North,SMB,10,892.27,0.08,19,1.3,4887.21,1.07,8208.88,0.337,2766.39,2,2021,1,4,2,3
ORD-00252,2021-02-24,Tablet,South,SMB,15,850.1,0.04,24,9.0,4975.66,1.07,12241.44,0.484,5924.86,2,2021,1,6,3,3
ORD-00253,2021-02-24,Monitor,East,Retail,1,1034.02,0.06,33,2.3,3876.18,1.06,971.98,0.266,258.55,2,2021,1,3,1,2
ORD-00254,2021-02-24,Laptop,North,Online,11,765.45,0.29,41,0.4,4031.84,0.86,5978.16,0.136,813.03,2,2021,1,2,2,1
ORD-00255,2021-02-25,Webcam,East,Retail,14,1510.11,0.16,47,9.2,3828.12,1.16,17758.89,0.36,6393.2,2,2021,1,7,1,2
ORD-00256,2021-02-25,Mouse,Central,Retail,10,1754.83,0.05,61,8.1,1362.54,1.03,16670.88,0.108,1800.46,2,2021,1,4,0,2
ORD-00257,2021-02-25,Tablet,North,SMB,19,1771.63,0.25,65,6.9,836.29,0.95,25245.73,0.27,6816.35,2,2021,1,6,2,3
ORD-00258,2021-02-25,Phone,West,Retail,16,494.01,0.12,63,0.3,2816.33,0.87,6955.66,0.264,1836.29,2,2021,1,5,4,2
ORD-00259,2021-02-26,Phone,Central,Retail,8,1797.02,0.27,18,5.3,4775.32,1.11,10494.6,0.202,2119.91,2,2021,1,5,0,2
ORD-00260,2021-02-26,Phone,Central,Online,2,716.02,0.08,44,6.5,4403.63,1.0,1317.48,0.486,640.3,2,2021,1,5,0,1
ORD-00261,2021-02-27,Headphones,East,Enterprise,7,653.15,0.12,26,7.6,623.61,0.86,4023.4,0.261,1050.11,2,2021,1,0,1,0
ORD-00262,2021-02-27,Monitor,Central,Enterprise,19,1467.17,0.15,24,4.7,379.26,1.17,23694.8,0.458,10852.22,2,2021,1,3,0,0
ORD-00263,2021-02-27,Phone,South,Online,7,644.16,0.27,22,9.5,4381.48,0.84,3291.66,0.306,1007.25,2,2021,1,5,3,1
ORD-00264,2021-02-27,Headphones,North,Enterprise,15,153.28,0.26,47,2.4,3103.77,1.01,1701.41,0.428,728.2,2,2021,1,0,2,0
ORD-00265,2021-02-27,Keyboard,South,Retail,8,778.55,0.17,59,0.7,1591.17,1.04,5169.57,0.281,1452.65,2,2021,1,1,3,2
ORD-00266,2021-02-27,Headphones,East,Online,14,1456.86,0.07,44,3.3,2852.66,1.2,18968.32,0.497,9427.26,2,2021,1,0,1,1
ORD-00267,2021-02-28,Laptop,East,Online,1,687.57,0.12,27,6.6,1186.18,0.86,605.06,0.356,215.4,2,2021,1,2,1,1
ORD-00268,2021-02-28,Headphones,North,SMB,13,1277.64,0.29,42,7.4,4740.06,1.05,11792.62,0.162,1910.4,2,2021,1,0,2,3
ORD-00269,2021-02-28,Monitor,Central,Enterprise,3,1337.23,0.18,35,7.4,4153.27,0.99,3289.59,0.103,338.83,2,2021,1,3,0,0
ORD-00270,2021-02-28,Mouse,West,SMB,6,1480.79,0.23,24,1.1,4814.97,0.9,6841.25,0.472,3229.07,2,2021,1,4,4,3
ORD-00271,2021-03-01,Webcam,East,Retail,19,1799.4,0.13,48,8.9,1016.58,1.18,29744.08,0.375,11154.03,3,2021,1,7,1,2
ORD-00272,2021-03-01,Headphones,North,Online,15,893.5,0.16,49,2.8,4233.99,1.12,11258.1,0.143,1609.91,3,2021,1,0,2,1
ORD-00273,2021-03-02,Phone,West,Retail,4,374.54,0.13,67,2.1,2845.4,1.11,1303.4,0.397,517.45,3,2021,1,5,4,2
ORD-00274,2021-03-02,Laptop,Central,Enterprise,3,671.91,0.21,62,6.1,1692.46,1.16,1592.43,0.191,304.15,3,2021,1,2,0,0
ORD-00275,2021-03-02,Tablet,East,SMB,4,892.73,0.26,28,2.1,2450.35,1.09,2642.48,0.424,1120.41,3,2021,1,6,1,3
ORD-00276,2021-03-02,Phone,North,Enterprise,5,1442.09,0.15,27,5.1,4727.48,1.0,6128.88,0.344,2108.33,3,2021,1,5,2,0
ORD-00277,2021-03-02,Laptop,North,Retail,18,75.59,0.14,39,4.1,3488.12,0.96,1170.13,0.149,174.35,3,2021,1,2,2,2
ORD-00278,2021-03-02,Keyboard,North,SMB,10,665.78,0.1,48,2.3,1863.59,1.08,5992.02,0.128,766.98,3,2021,1,1,2,3
ORD-00279,2021-03-03,Webcam,East,Enterprise,8,1570.69,0.05,58,2.9,4999.51,1.04,11937.24,0.286,3414.05,3,2021,1,7,1,0
ORD-00280,2021-03-03,Tablet,West,Retail,12,1358.17,0.28,64,4.3,1794.14,1.02,11734.59,0.475,5573.93,3,2021,1,6,4,2
ORD-00281,2021-03-03,Keyboard,North,Enterprise,3,1476.89,0.09,31,3.5,4087.23,1.04,4031.91,0.326,1314.4,3,2021,1,1,2,0
ORD-00282,2021-03-04,Mouse,Central,Online,18,1633.03,0.24,20,3.8,3943.45,1.06,22339.85,0.404,9025.3,3,2021,1,4,0,1
ORD-00283,2021-03-04,Laptop,North,SMB,8,1577.31,0.21,41,7.4,3642.34,1.19,9968.6,0.288,2870.96,3,2021,1,2,2,3
ORD-00284,2021-03-04,Keyboard,West,SMB,1,1380.26,0.24,31,1.7,3380.24,1.1,1049.0,0.254,266.45,3,2021,1,1,4,3
ORD-00285,2021-03-05,Webcam,East,SMB,14,907.34,0.28,33,6.3,632.46,0.87,9145.99,0.429,3923.63,3,2021,1,7,1,3
ORD-00286,2021-03-05,Webcam,North,Online,13,1968.02,0.19,45,6.8,4975.28,0.99,20723.25,0.285,5906.13,3,2021,1,7,2,1
ORD-00287,2021-03-05,Mouse,North,SMB,12,1159.69,0.27,52,8.0,889.11,1.07,10158.88,0.157,1594.94,3,2021,1,4,2,3
ORD-00288,2021-03-06,Webcam,Central,Online,3,445.4,0.05,57,8.5,3021.06,0.87,1269.39,0.21,266.57,3,2021,1,7,0,1
ORD-00289,2021-03-06,Laptop,Central,SMB,18,620.99,0.19,19,1.6,1320.82,1.17,9054.03,0.325,2942.56,3,2021,1,2,0,3
ORD-00290,2021-03-06,Laptop,North,Enterprise,13,1402.45,0.23,51,1.4,927.01,0.83,14038.52,0.261,3664.05,3,2021,1,2,2,0
ORD-00291,2021-03-06,Webcam,North,Enterprise,15,1853.24,0.08,35,6.1,2841.38,1.04,25574.71,0.247,6316.95,3,2021,1,7,2,0
ORD-00292,2021-03-07,Keyboard,Central,Enterprise,10,398.5,0.22,24,7.6,4198.09,1.19,3108.3,0.368,1143.85,3,2021,1,1,0,0
ORD-00293,2021-03-07,Laptop,West,Enterprise,1,210.58,0.23,66,2.7,1947.03,1.09,162.15,0.355,57.56,3,2021,1,2,4,0
ORD-00294,2021-03-08,Phone,South,Online,6,1768.99,0.25,55,5.3,478.13,1.07,7960.46,0.226,1799.06,3,2021,1,5,3,1
ORD-00295,2021-03-08,Webcam,South,Retail,9,1834.79,0.09,59,7.7,3156.42,1.2,15026.93,0.244,3666.57,3,2021,1,7,3,2
ORD-00296,2021-03-08,Laptop,North,Retail,10,588.94,0.2,24,7.7,3855.51,1.12,4711.52,0.401,1889.32,3,2021,1,2,2,2
ORD-00297,2021-03-09,Monitor,Central,Enterprise,15,785.71,0.09,21,6.5,1550.81,1.19,10724.94,0.469,5030.0,3,2021,1,3,0,0
ORD-00298,2021-03-09,Mouse,East,Retail,9,1337.37,0.22,60,0.8,3483.89,1.08,9388.34,0.23,2159.32,3,2021,1,4,1,2
ORD-00299,2021-03-09,Webcam,East,Retail,14,693.36,0.14,33,0.5,471.37,1.07,8348.05,0.217,1811.53,3,2021,1,7,1,2
ORD-00300,2021-03-10,Laptop,South,SMB,11,1760.46,0.18,66,3.9,1871.0,1.11,15879.35,0.206,3271.15,3,2021,1,2,3,3
ORD-00301,2021-03-10,Monitor,West,Online,7,259.78,0.12,23,0.3,2423.24,0.88,1600.24,0.157,251.24,3,2021,1,3,4,1
ORD-00302,2021-03-10,Laptop,South,Enterprise,2,124.07,0.05,37,9.0,3931.62,1.12,235.73,0.251,59.17,3,2021,1,2,3,0
ORD-00303,2021-03-10,Laptop,North,Retail,14,456.55,0.05,48,0.2,1756.89,1.19,6072.12,0.306,1858.07,3,2021,1,2,2,2
ORD-00304,2021-03-10,Keyboard,West,Retail,6,607.87,0.02,36,0.3,2323.13,1.04,3574.28,0.315,1125.9,3,2021,1,1,4,2
ORD-00305,2021-03-11,Phone,East,Enterprise,5,270.21,0.19,69,1.7,3178.93,0.8,1094.35,0.376,411.48,3,2021,1,5,1,0
ORD-00306,2021-03-12,Webcam,Central,SMB,5,178.1,0.25,39,6.3,3157.99,0.83,667.88,0.121,80.81,3,2021,1,7,0,3
ORD-00307,2021-03-12,Mouse,Central,Enterprise,19,1523.44,0.01,38,5.4,2637.02,0.89,28655.91,0.325,9313.17,3,2021,1,4,0,0
ORD-00308,2021-03-13,Webcam,North,SMB,19,370.34,0.02,35,6.6,1709.53,1.0,6895.73,0.202,1392.94,3,2021,1,7,2,3
ORD-00309,2021-03-13,Phone,South,Retail,6,1832.15,0.14,49,8.9,3382.63,0.97,9453.89,0.196,1852.96,3,2021,1,5,3,2
ORD-00310,2021-03-13,Tablet,North,Online,10,767.6,0.22,64,4.5,4202.06,1.19,5987.28,0.416,2490.71,3,2021,1,6,2,1
ORD-00311,2021-03-13,Keyboard,Central,SMB,14,1357.68,0.05,51,0.4,853.69,1.18,18057.14,0.161,2907.2,3,2021,1,1,0,3
ORD-00312,2021-03-13,Keyboard,East,SMB,17,489.53,0.08,68,7.6,1768.26,0.96,7656.25,0.232,1776.25,3,2021,1,1,1,3
ORD-00313,2021-03-13,Phone,Central,Enterprise,3,518.63,0.07,44,8.1,3376.87,1.12,1446.98,0.355,513.68,3,2021,1,5,0,0
ORD-00314,2021-03-14,Headphones,West,Retail,1,1170.68,0.12,55,0.5,3803.3,1.05,1030.2,0.357,367.78,3,2021,1,0,4,2
ORD-00315,2021-03-14,Keyboard,Central,Online,10,1143.25,0.07,61,2.4,3929.15,0.9,10632.22,0.119,1265.23,3,2021,1,1,0,1
ORD-00316,2021-03-14,Webcam,Central,Enterprise,3,1549.02,0.11,47,7.7,3301.03,1.17,4135.88,0.129,533.53,3,2021,1,7,0,0
ORD-00317,2021-03-14,Phone,West,Enterprise,5,1527.74,0.22,50,3.8,2443.52,0.9,5958.19,0.362,2156.86,3,2021,1,5,4,0
ORD-00318,2021-03-14,Keyboard,South,Online,19,1357.84,0.18,44,4.7,3264.42,1.15,21155.15,0.481,10175.63,3,2021,1,1,3,1
ORD-00319,2021-03-14,Laptop,Central,Retail,10,925.8,0.02,40,8.2,761.72,1.06,9072.84,0.499,4527.35,3,2021,1,2,0,2
ORD-00320,2021-03-14,Phone,North,Online,16,1786.75,0.19,60,0.9,1118.03,1.05,23156.28,0.495,11462.36,3,2021,1,5,2,1
ORD-00321,2021-03-14,Phone,Central,Enterprise,1,1264.03,0.14,36,6.8,4644.9,1.14,1087.07,0.241,261.98,3,2021,1,5,0,0
ORD-00322,2021-03-15,Webcam,North,Enterprise,6,1980.89,0.28,48,2.1,4618.64,1.0,8557.44,0.197,1685.82,3,2021,1,7,2,0
ORD-00323,2021-03-15,Monitor,West,SMB,9,1647.77,0.09,21,0.6,3647.03,1.14,13495.24,0.139,1875.84,3,2021,1,3,4,3
ORD-00324,2021-03-16,Keyboard,Central,Online,5,136.4,0.22,36,6.6,1702.53,1.02,531.96,0.23,122.35,3,2021,1,1,0,1
ORD-00325,2021-03-16,Keyboard,West,Online,14,675.16,0.22,55,1.2,3279.32,1.19,7372.75,0.211,1555.65,3,2021,1,1,4,1
ORD-00326,2021-03-16,Phone,West,Online,10,1165.16,0.07,57,7.5,3470.18,1.06,10835.99,0.331,3586.71,3,2021,1,5,4,1
ORD-00327,2021-03-16,Laptop,South,Enterprise,2,1456.87,0.27,39,2.0,2624.06,0.95,2127.03,0.248,527.5,3,2021,1,2,3,0
ORD-00328,2021-03-16,Laptop,Central,Retail,5,1123.16,0.15,26,0.5,3767.78,1.11,4773.43,0.193,921.27,3,2021,1,2,0,2
ORD-00329,2021-03-16,Mouse,North,Enterprise,1,1582.95,0.2,48,1.0,245.49,1.0,1266.36,0.345,436.89,3,2021,1,4,2,0
ORD-00330,2021-03-17,Laptop,North,SMB,10,601.18,0.04,27,8.4,1355.48,1.12,5771.33,0.229,1321.63,3,2021,1,2,2,3
ORD-00331,2021-03-17,Keyboard,Central,Enterprise,9,408.63,0.08,27,3.7,3992.81,1.13,3383.46,0.241,815.41,3,2021,1,1,0,0
ORD-00332,2021-03-17,Headphones,South,Enterprise,3,155.14,0.18,47,3.0,4699.63,1.05,381.64,0.339,129.38,3,2021,1,0,3,0
ORD-00333,2021-03-17,Monitor,South,Enterprise,15,1167.96,0.1,27,4.9,4392.83,1.15,15767.46,0.147,2317.82,3,2021,1,3,3,0
ORD-00334,2021-03-17,Phone,South,SMB,4,1392.77,0.15,53,6.3,3610.82,0.96,4735.42,0.41,1941.52,3,2021,1,5,3,3
ORD-00335,2021-03-17,Tablet,North,Online,13,685.99,0.11,35,0.4,910.93,0.82,7936.9,0.486,3857.33,3,2021,1,6,2,1
ORD-00336,2021-03-17,Monitor,West,Retail,6,1246.49,0.19,61,9.0,1906.73,1.07,6057.94,0.296,1793.15,3,2021,1,3,4,2
ORD-00337,2021-03-18,Webcam,South,Retail,17,151.71,0.15,60,9.6,346.04,1.11,2192.21,0.324,710.28,3,2021,1,7,3,2
ORD-00338,2021-03-18,Webcam,North,SMB,5,243.62,0.0,65,4.2,3235.32,0.83,1218.1,0.254,309.4,3,2021,1,7,2,3
ORD-00339,2021-03-19,Headphones,North,Online,15,1418.42,0.19,36,4.1,2304.33,1.11,17233.8,0.483,8323.93,3,2021,1,0,2,1
ORD-00340,2021-03-19,Tablet,West,Online,8,767.74,0.13,60,8.8,2907.76,1.06,5343.47,0.153,817.55,3,2021,1,6,4,1
ORD-00341,2021-03-19,Monitor,Central,SMB,5,1359.1,0.1,40,4.3,4898.83,0.85,6115.95,0.425,2599.28,3,2021,1,3,0,3
ORD-00342,2021-03-19,Laptop,Central,Enterprise,13,1671.86,0.03,21,8.6,2071.04,1.02,21082.15,0.36,7589.57,3,2021,1,2,0,0
ORD-00343,2021-03-19,Keyboard,South,Online,1,1712.61,0.07,29,0.3,1602.88,0.84,1592.73,0.417,664.17,3,2021,1,1,3,1
ORD-00344,2021-03-20,Headphones,South,Retail,1,385.73,0.07,66,4.9,837.96,0.93,358.73,0.48,172.19,3,2021,1,0,3,2
ORD-00345,2021-03-20,Tablet,West,SMB,7,998.26,0.28,41,9.5,803.69,1.12,5031.23,0.298,1499.31,3,2021,1,6,4,3
ORD-00346,2021-03-20,Headphones,South,Retail,5,1481.16,0.13,30,2.5,2641.01,0.84,6443.05,0.215,1385.26,3,2021,1,0,3,2
ORD-00347,2021-03-20,Monitor,West,Enterprise,14,1559.26,0.01,21,2.7,3771.22,0.98,21611.34,0.412,8903.87,3,2021,1,3,4,0
ORD-00348,2021-03-20,Keyboard,North,SMB,15,1580.12,0.04,44,6.3,2865.87,1.04,22753.73,0.438,9966.13,3,2021,1,1,2,3
ORD-00349,2021-03-20,Headphones,South,Retail,17,494.93,0.02,55,9.3,4379.13,1.18,8245.53,0.375,3092.07,3,2021,1,0,3,2
ORD-00350,2021-03-21,Tablet,North,Retail,18,425.44,0.18,56,2.0,1647.77,1.09,6279.49,0.44,2762.98,3,2021,1,6,2,2
ORD-00351,2021-03-22,Phone,East,Enterprise,7,1200.52,0.06,25,9.2,3015.73,0.86,7899.42,0.392,3096.57,3,2021,1,5,1,0
ORD-00352,2021-03-23,Monitor,West,SMB,18,1495.12,0.15,43,6.6,3340.08,1.19,22875.34,0.483,11048.79,3,2021,1,3,4,3
ORD-00353,2021-03-23,Phone,East,Online,19,672.32,0.11,51,9.9,1475.38,0.99,11368.93,0.328,3729.01,3,2021,1,5,1,1
ORD-00354,2021-03-23,Laptop,South,Online,7,254.18,0.24,26,7.4,2041.89,0.95,1352.24,0.252,340.76,3,2021,1,2,3,1
ORD-00355,2021-03-23,Phone,North,Retail,8,1447.66,0.1,27,6.7,2995.61,0.85,10423.15,0.372,3877.41,3,2021,1,5,2,2
ORD-00356,2021-03-24,Phone,South,Enterprise,13,634.41,0.14,68,8.1,202.56,1.17,7092.7,0.128,907.87,3,2021,1,5,3,0
ORD-00357,2021-03-24,Mouse,East,Retail,18,374.41,0.22,18,1.8,4444.39,1.03,5256.72,0.299,1571.76,3,2021,1,4,1,2
ORD-00358,2021-03-24,Monitor,South,Enterprise,11,338.06,0.13,65,9.5,644.21,1.2,3235.23,0.409,1323.21,3,2021,1,3,3,0
ORD-00359,2021-03-24,Laptop,Central,Online,9,664.07,0.24,67,1.7,333.03,0.87,4542.24,0.168,763.1,3,2021,1,2,0,1
ORD-00360,2021-03-24,Phone,East,Retail,1,1205.72,0.2,25,0.3,1153.67,1.02,964.58,0.26,250.79,3,2021,1,5,1,2
ORD-00361,2021-03-24,Webcam,South,Retail,8,748.88,0.12,27,7.0,2561.36,0.84,5272.12,0.24,1265.31,3,2021,1,7,3,2
ORD-00362,2021-03-24,Keyboard,North,Enterprise,12,90.29,0.15,60,1.8,1710.62,1.01,920.96,0.234,215.5,3,2021,1,1,2,0
ORD-00363,2021-03-25,Tablet,South,SMB,2,238.97,0.29,66,7.6,2256.71,1.16,339.34,0.36,122.16,3,2021,1,6,3,3
ORD-00364,2021-03-25,Phone,North,Enterprise,15,616.48,0.2,42,8.0,512.93,0.84,7397.76,0.299,2211.93,3,2021,1,5,2,0
ORD-00365,2021-03-26,Laptop,Central,SMB,18,1336.42,0.27,48,2.4,1242.21,0.91,17560.56,0.419,7357.87,3,2021,1,2,0,3
ORD-00366,2021-03-26,Phone,South,Online,17,242.1,0.05,56,0.9,578.54,1.07,3909.91,0.123,480.92,3,2021,1,5,3,1
ORD-00367,2021-03-26,Tablet,Central,Retail,15,1143.28,0.14,20,5.0,1225.56,0.83,14748.31,0.282,4159.02,3,2021,1,6,0,2
ORD-00368,2021-03-27,Laptop,East,Retail,9,283.78,0.27,56,8.9,3546.21,0.98,1864.43,0.106,197.63,3,2021,1,2,1,2
ORD-00369,2021-03-27,Monitor,North,Enterprise,3,462.65,0.1,55,8.5,2918.92,0.93,1249.16,0.188,234.84,3,2021,1,3,2,0
ORD-00370,2021-03-27,Laptop,East,Enterprise,19,385.77,0.29,52,1.2,1736.46,1.14,5204.04,0.41,2133.66,3,2021,1,2,1,0
ORD-00371,2021-03-28,Monitor,North,Online,18,181.1,0.03,25,9.6,1380.01,0.82,3162.01,0.142,449.01,3,2021,1,3,2,1
ORD-00372,2021-03-28,Laptop,Central,Online,8,1359.09,0.27,18,2.6,4987.89,1.15,7937.09,0.142,1127.07,3,2021,1,2,0,1
ORD-00373,2021-03-28,Webcam,West,SMB,1,953.64,0.13,22,3.5,3862.55,1.08,829.67,0.261,216.54,3,2021,1,7,4,3
ORD-00374,2021-03-28,Headphones,South,Online,15,1670.55,0.02,68,1.5,4128.02,0.92,24557.08,0.411,10092.96,3,2021,1,0,3,1
ORD-00375,2021-03-28,Tablet,Central,Online,19,242.84,0.26,44,3.8,229.19,0.88,3414.33,0.355,1212.09,3,2021,1,6,0,1
ORD-00376,2021-03-28,Tablet,North,Online,10,332.23,0.08,62,6.4,391.98,1.18,3056.52,0.413,1262.34,3,2021,1,6,2,1
ORD-00377,2021-03-29,Laptop,North,Online,12,647.59,0.01,43,5.1,3591.81,1.02,7693.37,0.12,923.2,3,2021,1,2,2,1
ORD-00378,2021-03-29,Headphones,North,SMB,6,1543.44,0.04,60,8.3,1039.98,0.94,8890.21,0.325,2889.32,3,2021,1,0,2,3
ORD-00379,2021-03-29,Phone,North,Online,13,646.23,0.2,43,6.4,2185.71,0.82,6720.79,0.281,1888.54,3,2021,1,5,2,1
ORD-00380,2021-03-29,Tablet,South,SMB,4,846.42,0.29,28,2.6,1002.42,0.87,2403.83,0.458,1100.95,3,2021,1,6,3,3
ORD-00381,2021-03-30,Webcam,East,Enterprise,13,638.13,0.03,51,5.6,967.65,1.04,8046.82,0.395,3178.49,3,2021,1,7,1,0
ORD-00382,2021-03-30,Monitor,West,Retail,17,206.44,0.14,58,0.6,634.48,1.01,3018.15,0.27,814.9,3,2021,1,3,4,2
ORD-00383,2021-03-30,Monitor,South,Enterprise,1,1881.9,0.05,19,5.8,3011.87,1.1,1787.8,0.322,575.67,3,2021,1,3,3,0
ORD-00384,2021-03-31,Keyboard,North,Online,5,1119.65,0.22,38,3.9,3722.58,1.13,4366.64,0.27,1178.99,3,2021,1,1,2,1
ORD-00385,2021-03-31,Mouse,South,Retail,17,1586.27,0.04,68,1.0,378.54,0.96,25887.93,0.276,7145.07,3,2021,1,4,3,2
ORD-00386,2021-03-31,Headphones,Central,Online,18,1333.8,0.07,43,3.1,1450.2,0.84,22327.81,0.354,7904.04,3,2021,1,0,0,1
ORD-00387,2021-03-31,Mouse,North,Online,7,1052.8,0.06,29,9.0,3326.01,1.12,6927.42,0.187,1295.43,3,2021,1,4,2,1
ORD-00388,2021-03-31,Mouse,West,Enterprise,16,224.87,0.17,26,5.9,2022.35,1.02,2986.27,0.233,695.8,3,2021,1,4,4,0
ORD-00389,2021-03-31,Monitor,North,Online,8,1303.33,0.26,58,9.0,3552.86,1.19,7715.71,0.212,1635.73,3,2021,1,3,2,1
ORD-00390,2021-03-31,Webcam,West,Enterprise,12,352.97,0.15,40,4.1,3820.22,1.12,3600.29,0.42,1512.12,3,2021,1,7,4,0
ORD-00391,2021-04-01,Webcam,West,Online,14,858.05,0.02,59,9.8,258.24,0.93,11772.45,0.477,5615.46,4,2021,2,7,4,1
ORD-00392,2021-04-01,Keyboard,East,SMB,19,1276.77,0.17,22,3.6,1966.21,0.97,20134.66,0.266,5355.82,4,2021,2,1,1,3
ORD-00393,2021-04-02,Mouse,East,Retail,11,1575.35,0.24,26,7.6,3672.78,0.89,13169.93,0.131,1725.26,4,2021,2,4,1,2
ORD-00394,2021-04-02,Mouse,South,Enterprise,12,1385.84,0.04,67,3.1,1954.24,1.0,15964.88,0.137,2187.19,4,2021,2,4,3,0
ORD-00395,2021-04-02,Laptop,South,Enterprise,13,1359.49,0.02,27,1.1,128.58,1.08,17319.9,0.26,4503.17,4,2021,2,2,3,0
ORD-00396,2021-04-02,Laptop,West,Retail,8,340.63,0.06,66,8.3,1747.88,1.04,2561.54,0.258,660.88,4,2021,2,2,4,2
ORD-00397,2021-04-02,Laptop,North,Enterprise,1,724.95,0.22,27,7.6,4376.0,0.94,565.46,0.158,89.34,4,2021,2,2,2,0
ORD-00398,2021-04-02,Phone,Central,Retail,9,133.68,0.18,31,8.2,4764.5,1.13,986.56,0.423,417.31,4,2021,2,5,0,2
ORD-00399,2021-04-03,Mouse,Central,SMB,2,1452.98,0.16,53,3.0,2846.53,0.84,2441.01,0.3,732.3,4,2021,2,4,0,3
ORD-00400,2021-04-03,Webcam,North,Online,14,1907.54,0.07,27,7.0,1601.16,0.86,24836.17,0.144,3576.41,4,2021,2,7,2,1
ORD-00401,2021-04-03,Webcam,North,SMB,13,565.02,0.1,67,2.2,2383.71,0.96,6610.73,0.139,918.89,4,2021,2,7,2,3
ORD-00402,2021-04-03,Phone,East,Online,16,221.01,0.29,54,0.1,1257.4,1.08,2510.67,0.278,697.97,4,2021,2,5,1,1
ORD-00403,2021-04-03,Webcam,Central,Retail,2,977.36,0.07,58,8.7,923.82,1.08,1817.89,0.147,267.23,4,2021,2,7,0,2
ORD-00404,2021-04-03,Keyboard,West,SMB,4,1720.56,0.27,55,5.2,2518.32,0.95,5024.04,0.324,1627.79,4,2021,2,1,4,3
ORD-00405,2021-04-04,Headphones,South,Online,12,1126.35,0.17,65,9.8,3709.75,1.08,11218.45,0.254,2849.49,4,2021,2,0,3,1
ORD-00406,2021-04-05,Monitor,East,Retail,16,141.22,0.04,39,3.9,1190.08,0.82,2169.14,0.468,1015.16,4,2021,2,3,1,2
ORD-00407,2021-04-05,Mouse,Central,Online,10,1949.83,0.14,40,9.6,4556.73,0.92,16768.54,0.268,4493.97,4,2021,2,4,0,1
ORD-00408,2021-04-05,Webcam,North,Enterprise,3,1665.87,0.28,33,6.2,924.32,1.08,3598.28,0.346,1245.0,4,2021,2,7,2,0
ORD-00409,2021-04-05,Monitor,Central,Enterprise,4,306.61,0.13,28,5.1,2836.22,0.87,1067.0,0.425,453.48,4,2021,2,3,0,0
ORD-00410,2021-04-06,Webcam,West,Retail,6,1847.51,0.26,64,3.0,3904.28,0.89,8202.94,0.221,1812.85,4,2021,2,7,4,2
ORD-00411,2021-04-06,Headphones,East,Online,5,928.84,0.08,68,8.3,1145.6,0.83,4272.66,0.305,1303.16,4,2021,2,0,1,1
ORD-00412,2021-04-06,Laptop,North,Enterprise,18,775.2,0.17,52,8.3,1552.58,0.95,11581.49,0.148,1714.06,4,2021,2,2,2,0
ORD-00413,2021-04-06,Mouse,West,SMB,3,949.05,0.25,65,4.2,352.27,1.13,2135.36,0.273,582.95,4,2021,2,4,4,3
ORD-00414,2021-04-06,Tablet,South,Online,10,1677.42,0.28,37,7.3,4725.35,1.13,12077.42,0.25,3019.36,4,2021,2,6,3,1
ORD-00415,2021-04-07,Phone,East,Online,11,1335.99,0.15,54,4.5,2486.16,1.14,12491.51,0.271,3385.2,4,2021,2,5,1,1
ORD-00416,2021-04-07,Phone,West,Enterprise,19,165.53,0.19,58,7.4,415.1,0.81,2547.51,0.143,364.29,4,2021,2,5,4,0
ORD-00417,2021-04-08,Mouse,West,Enterprise,14,1917.33,0.0,22,9.9,4167.62,1.2,26842.62,0.259,6952.24,4,2021,2,4,4,0
ORD-00418,2021-04-08,Headphones,North,Retail,11,338.18,0.08,53,2.6,2889.79,1.0,3422.38,0.448,1533.23,4,2021,2,0,2,2
ORD-00419,2021-04-08,Laptop,South,Online,4,1503.86,0.08,30,6.3,370.9,1.15,5534.2,0.475,2628.74,4,2021,2,2,3,1
ORD-00420,2021-04-08,Phone,West,SMB,6,1290.47,0.03,69,3.8,2309.39,1.16,7510.54,0.197,1479.58,4,2021,2,5,4,3
ORD-00421,2021-04-09,Laptop,East,Enterprise,17,415.68,0.08,34,5.5,2228.57,1.01,6501.24,0.22,1430.27,4,2021,2,2,1,0
ORD-00422,2021-04-09,Keyboard,West,Online,19,382.93,0.1,43,8.7,815.8,0.82,6548.1,0.104,681.0,4,2021,2,1,4,1
ORD-00423,2021-04-09,Monitor,Central,Enterprise,13,1747.14,0.29,69,3.5,2159.83,1.04,16126.1,0.146,2354.41,4,2021,2,3,0,0
ORD-00424,2021-04-09,Headphones,East,Retail,10,868.41,0.2,61,0.7,1485.75,0.93,6947.28,0.238,1653.45,4,2021,2,0,1,2
ORD-00425,2021-04-09,Tablet,East,Online,11,1326.42,0.13,69,8.0,3529.72,0.88,12693.84,0.374,4747.5,4,2021,2,6,1,1
ORD-00426,2021-04-10,Monitor,West,Online,6,1032.94,0.3,37,5.6,126.91,0.87,4338.35,0.217,941.42,4,2021,2,3,4,1
ORD-00427,2021-04-10,Monitor,North,Retail,2,1468.34,0.05,56,4.5,621.24,1.02,2789.85,0.13,362.68,4,2021,2,3,2,2
ORD-00428,2021-04-11,Keyboard,East,SMB,1,984.52,0.14,50,1.8,4601.38,0.84,846.69,0.392,331.9,4,2021,2,1,1,3
ORD-00429,2021-04-11,Phone,Central,Enterprise,11,610.39,0.19,47,0.9,2223.33,1.13,5438.57,0.287,1560.87,4,2021,2,5,0,0
ORD-00430,2021-04-11,Tablet,North,Retail,16,758.6,0.02,33,2.8,963.29,0.89,11894.85,0.308,3663.61,4,2021,2,6,2,2
ORD-00431,2021-04-11,Phone,North,Online,3,1725.2,0.22,24,7.2,3986.81,1.02,4036.97,0.23,928.5,4,2021,2,5,2,1
ORD-00432,2021-04-12,Mouse,North,Retail,5,962.67,0.03,47,4.1,4272.8,0.85,4668.95,0.345,1610.79,4,2021,2,4,2,2
ORD-00433,2021-04-12,Monitor,East,Online,15,466.23,0.04,19,5.7,1134.95,1.14,6713.71,0.456,3061.45,4,2021,2,3,1,1
ORD-00434,2021-04-12,Mouse,North,Retail,15,1872.48,0.05,29,0.8,3596.64,1.08,26682.84,0.322,8591.87,4,2021,2,4,2,2
ORD-00435,2021-04-13,Laptop,West,SMB,4,1603.37,0.28,60,1.2,3114.16,0.88,4617.71,0.335,1546.93,4,2021,2,2,4,3
ORD-00436,2021-04-13,Monitor,North,Online,4,158.55,0.2,57,0.1,3750.78,1.09,507.36,0.249,126.33,4,2021,2,3,2,1
ORD-00437,2021-04-13,Phone,Central,Retail,8,1997.94,0.2,18,6.7,3960.7,0.83,12786.82,0.133,1700.65,4,2021,2,5,0,2
ORD-00438,2021-04-14,Monitor,South,SMB,7,1405.11,0.17,20,2.6,3338.59,1.11,8163.69,0.271,2212.36,4,2021,2,3,3,3
ORD-00439,2021-04-14,Laptop,Central,SMB,17,362.52,0.09,25,9.7,4785.46,1.0,5608.18,0.47,2635.84,4,2021,2,2,0,3
ORD-00440,2021-04-14,Keyboard,East,Enterprise,15,512.48,0.19,43,3.1,4334.71,0.85,6226.63,0.372,2316.31,4,2021,2,1,1,0
ORD-00441,2021-04-14,Mouse,North,Online,5,1400.27,0.12,57,3.6,1221.96,1.02,6161.19,0.296,1823.71,4,2021,2,4,2,1
ORD-00442,2021-04-14,Webcam,North,Enterprise,13,1570.53,0.04,28,4.7,4576.47,0.88,19600.21,0.348,6820.87,4,2021,2,7,2,0
ORD-00443,2021-04-14,Mouse,West,SMB,4,516.12,0.21,38,3.2,1862.03,1.07,1630.94,0.323,526.79,4,2021,2,4,4,3
ORD-00444,2021-04-14,Phone,North,Enterprise,17,551.09,0.04,22,8.2,3660.06,1.08,8993.79,0.465,4182.11,4,2021,2,5,2,0
ORD-00445,2021-04-15,Monitor,Central,Enterprise,17,648.89,0.06,57,8.8,4255.25,1.1,10369.26,0.19,1970.16,4,2021,2,3,0,0
ORD-00446,2021-04-15,Phone,East,Retail,14,1216.14,0.25,43,0.1,2238.22,1.16,12769.47,0.455,5810.11,4,2021,2,5,1,2
ORD-00447,2021-04-15,Keyboard,South,Enterprise,14,385.04,0.2,38,6.5,352.39,1.06,4312.45,0.375,1617.17,4,2021,2,1,3,0
ORD-00448,2021-04-15,Monitor,North,SMB,17,253.27,0.19,26,6.9,4753.34,1.0,3487.53,0.151,526.62,4,2021,2,3,2,3
ORD-00449,2021-04-15,Webcam,South,Enterprise,8,1373.78,0.13,34,9.6,455.15,1.14,9561.51,0.249,2380.82,4,2021,2,7,3,0
ORD-00450,2021-04-16,Monitor,North,Online,2,1569.24,0.12,54,3.7,1805.74,1.16,2761.86,0.275,759.51,4,2021,2,3,2,1
ORD-00451,2021-04-16,Webcam,East,Retail,13,1026.81,0.21,68,2.0,3022.59,1.11,10545.34,0.133,1402.53,4,2021,2,7,1,2
ORD-00452,2021-04-16,Phone,Central,SMB,16,759.47,0.22,68,5.2,675.93,1.18,9478.19,0.322,3051.98,4,2021,2,5,0,3
ORD-00453,2021-04-16,Phone,East,Enterprise,16,892.48,0.15,19,4.5,4207.21,1.19,12137.73,0.204,2476.1,4,2021,2,5,1,0
ORD-00454,2021-04-16,Laptop,South,Online,6,807.4,0.29,68,7.9,1096.77,0.9,3439.52,0.283,973.38,4,2021,2,2,3,1
ORD-00455,2021-04-17,Headphones,North,SMB,4,1921.97,0.29,64,9.0,4931.42,0.87,5458.39,0.276,1506.52,4,2021,2,0,2,3
ORD-00456,2021-04-17,Headphones,South,Enterprise,3,1547.78,0.12,57,0.9,4590.52,0.98,4086.14,0.309,1262.62,4,2021,2,0,3,0
ORD-00457,2021-04-18,Keyboard,Central,Retail,6,455.77,0.25,45,8.5,3062.32,1.2,2050.96,0.438,898.32,4,2021,2,1,0,2
ORD-00458,2021-04-18,Headphones,East,Enterprise,4,799.17,0.16,44,9.1,3334.05,0.84,2685.21,0.412,1106.31,4,2021,2,0,1,0
ORD-00459,2021-04-18,Laptop,South,SMB,18,1110.82,0.15,57,9.2,2714.67,1.08,16995.55,0.449,7631.0,4,2021,2,2,3,3
ORD-00460,2021-04-18,Mouse,South,SMB,6,1245.32,0.02,18,7.6,2016.41,1.14,7322.48,0.329,2409.1,4,2021,2,4,3,3
ORD-00461,2021-04-19,Webcam,Central,SMB,5,962.96,0.17,63,7.4,1823.37,1.2,3996.28,0.346,1382.71,4,2021,2,7,0,3
ORD-00462,2021-04-19,Monitor,North,Online,9,1629.75,0.27,28,0.1,4469.11,1.05,10707.46,0.272,2912.43,4,2021,2,3,2,1
ORD-00463,2021-04-19,Phone,South,Enterprise,11,1546.83,0.23,56,9.2,2925.44,0.95,13101.65,0.387,5070.34,4,2021,2,5,3,0
ORD-00464,2021-04-19,Monitor,Central,Enterprise,6,1035.06,0.24,35,3.5,4134.14,0.87,4719.87,0.182,859.02,4,2021,2,3,0,0
ORD-00465,2021-04-19,Monitor,North,Enterprise,16,1716.14,0.05,44,0.4,2618.95,1.19,26085.33,0.29,7564.75,4,2021,2,3,2,0
ORD-00466,2021-04-19,Tablet,North,Retail,19,1514.62,0.11,64,4.1,1604.42,1.17,25612.22,0.386,9886.32,4,2021,2,6,2,2
ORD-00467,2021-04-19,Mouse,East,Online,11,1568.23,0.07,27,7.3,549.62,1.12,16042.99,0.411,6593.67,4,2021,2,4,1,1
ORD-00468,2021-04-19,Tablet,Central,Online,15,1914.98,0.09,53,4.4,1686.11,1.18,26139.48,0.199,5201.76,4,2021,2,6,0,1
ORD-00469,2021-04-20,Headphones,North,Retail,9,569.61,0.17,38,7.6,4412.58,0.82,4254.99,0.173,736.11,4,2021,2,0,2,2
ORD-00470,2021-04-21,Monitor,East,Online,19,571.91,0.11,45,5.1,3588.61,1.05,9671.0,0.215,2079.26,4,2021,2,3,1,1
ORD-00471,2021-04-21,Webcam,West,Retail,19,1783.46,0.17,18,3.0,3950.57,0.91,28125.16,0.468,13162.57,4,2021,2,7,4,2
ORD-00472,2021-04-21,Phone,Central,SMB,9,1555.84,0.13,31,2.0,3889.83,1.11,12182.23,0.152,1851.7,4,2021,2,5,0,3
ORD-00473,2021-04-21,Webcam,West,SMB,4,1856.76,0.09,37,4.2,687.86,0.84,6758.61,0.481,3250.89,4,2021,2,7,4,3
ORD-00474,2021-04-21,Monitor,North,Online,10,173.1,0.03,69,0.4,878.42,0.9,1679.07,0.498,836.18,4,2021,2,3,2,1
ORD-00475,2021-04-21,Mouse,Central,SMB,9,1274.13,0.27,26,4.2,1654.47,1.14,8371.03,0.413,3457.24,4,2021,2,4,0,3
ORD-00476,2021-04-21,Webcam,East,SMB,19,332.03,0.0,62,0.7,1575.04,1.1,6308.57,0.404,2548.66,4,2021,2,7,1,3
ORD-00477,2021-04-21,Tablet,North,SMB,15,1032.6,0.0,44,8.8,423.8,1.2,15489.0,0.481,7450.21,4,2021,2,6,2,3
ORD-00478,2021-04-21,Phone,Central,Enterprise,19,353.71,0.25,66,5.8,852.01,1.06,5040.37,0.216,1088.72,4,2021,2,5,0,0
ORD-00479,2021-04-21,Monitor,Central,SMB,2,299.75,0.3,69,6.5,4295.53,0.92,419.65,0.152,63.79,4,2021,2,3,0,3
ORD-00480,2021-04-22,Keyboard,West,Enterprise,10,73.73,0.22,21,2.9,2986.32,1.02,575.09,0.429,246.71,4,2021,2,1,4,0
ORD-00481,2021-04-22,Mouse,North,Retail,19,1278.97,0.0,54,2.3,1777.19,1.18,24300.43,0.168,4082.47,4,2021,2,4,2,2
ORD-00482,2021-04-22,Mouse,East,Retail,17,750.09,0.07,35,7.1,2679.74,1.06,11858.92,0.118,1399.35,4,2021,2,4,1,2
ORD-00483,2021-04-23,Keyboard,East,Retail,2,255.12,0.29,48,6.7,1380.44,1.15,362.27,0.179,64.85,4,2021,2,1,1,2
ORD-00484,2021-04-23,Webcam,North,Retail,19,679.53,0.24,66,1.2,2960.83,0.81,9812.41,0.275,2698.41,4,2021,2,7,2,2
ORD-00485,2021-04-23,Monitor,North,Retail,17,379.44,0.17,56,2.4,465.69,0.95,5353.9,0.298,1595.46,4,2021,2,3,2,2
ORD-00486,2021-04-23,Mouse,South,SMB,18,1886.3,0.07,27,9.5,4522.99,1.17,31576.66,0.125,3947.08,4,2021,2,4,3,3
ORD-00487,2021-04-23,Phone,West,SMB,17,674.01,0.0,26,3.0,1278.19,0.82,11458.17,0.277,3173.91,4,2021,2,5,4,3
ORD-00488,2021-04-23,Monitor,North,SMB,2,701.21,0.01,45,0.3,4113.47,1.01,1388.4,0.342,474.83,4,2021,2,3,2,3
ORD-00489,2021-04-23,Monitor,North,Retail,19,1687.72,0.18,45,0.6,3333.99,0.94,26294.68,0.473,12437.38,4,2021,2,3,2,2
ORD-00490,2021-04-23,Tablet,South,Retail,1,1313.12,0.01,30,7.8,2662.73,1.06,1299.99,0.191,248.3,4,2021,2,6,3,2
ORD-00491,2021-04-23,Mouse,South,Enterprise,11,1434.83,0.3,35,7.6,4656.0,0.86,11048.19,0.184,2032.87,4,2021,2,4,3,0
ORD-00492,2021-04-24,Mouse,Central,Online,10,1290.2,0.06,29,3.8,868.38,1.06,12127.88,0.256,3104.74,4,2021,2,4,0,1
ORD-00493,2021-04-24,Keyboard,East,SMB,5,1895.08,0.21,25,1.5,684.46,1.2,7485.57,0.493,3690.39,4,2021,2,1,1,3
ORD-00494,2021-04-24,Tablet,West,Online,16,453.65,0.05,40,5.0,1677.11,0.91,6895.48,0.234,1613.54,4,2021,2,6,4,1
ORD-00495,2021-04-24,Webcam,Central,Retail,5,1978.63,0.16,67,3.3,4168.08,0.98,8310.25,0.118,980.61,4,2021,2,7,0,2
ORD-00496,2021-04-24,Headphones,North,Retail,12,1670.36,0.02,22,3.7,272.49,0.81,19643.43,0.206,4046.55,4,2021,2,0,2,2
ORD-00497,2021-04-25,Webcam,South,Retail,4,1198.5,0.23,24,2.6,1273.09,0.97,3691.38,0.323,1192.32,4,2021,2,7,3,2
ORD-00498,2021-04-25,Webcam,East,Online,6,1341.62,0.18,32,0.6,2181.04,0.96,6600.77,0.265,1749.2,4,2021,2,7,1,1
ORD-00499,2021-04-25,Tablet,Central,Enterprise,19,1315.21,0.03,20,7.9,3593.41,1.03,24239.32,0.41,9938.12,4,2021,2,6,0,0
ORD-00500,2021-04-26,Mouse,East,Retail,9,163.87,0.25,35,6.2,1566.63,0.9,1106.12,0.343,379.4,4,2021,2,4,1,2
ORD-00501,2021-04-26,Monitor,South,Enterprise,12,475.13,0.16,55,8.3,2295.75,0.93,4789.31,0.324,1551.74,4,2021,2,3,3,0
ORD-00502,2021-04-26,Tablet,Central,Enterprise,15,1924.87,0.28,43,5.0,1750.57,1.04,20788.6,0.229,4760.59,4,2021,2,6,0,0
ORD-00503,2021-04-26,Keyboard,Central,SMB,16,1092.01,0.27,55,9.8,551.1,1.16,12754.68,0.321,4094.25,4,2021,2,1,0,3
ORD-00504,2021-04-26,Tablet,East,Online,13,787.79,0.28,69,9.6,3719.51,0.89,7373.71,0.346,2551.3,4,2021,2,6,1,1
ORD-00505,2021-04-26,Keyboard,South,Retail,7,1535.98,0.02,50,2.7,2360.76,1.07,10536.82,0.172,1812.33,4,2021,2,1,3,2
ORD-00506,2021-04-26,Webcam,North,Enterprise,4,1072.81,0.04,38,3.9,4081.31,1.01,4119.59,0.394,1623.12,4,2021,2,7,2,0
ORD-00507,2021-04-26,Headphones,Central,Online,11,75.67,0.3,34,7.5,3504.0,0.84,582.66,0.257,149.74,4,2021,2,0,0,1
ORD-00508,2021-04-27,Tablet,North,Online,8,1485.66,0.15,60,7.8,383.29,1.03,10102.49,0.397,4010.69,4,2021,2,6,2,1
ORD-00509,2021-04-27,Keyboard,South,Retail,6,1477.82,0.07,19,9.1,2550.37,1.08,8246.24,0.171,1410.11,4,2021,2,1,3,2
ORD-00510,2021-04-27,Tablet,Central,SMB,10,372.04,0.23,42,6.5,4955.19,1.04,2864.71,0.363,1039.89,4,2021,2,6,0,3
ORD-00511,2021-04-28,Headphones,Central,SMB,7,1915.49,0.08,58,4.8,1608.56,0.84,12335.76,0.111,1369.27,4,2021,2,0,0,3
ORD-00512,2021-04-28,Webcam,North,Enterprise,7,486.62,0.22,36,3.8,2515.49,1.14,2656.95,0.164,435.74,4,2021,2,7,2,0
ORD-00513,2021-04-28,Tablet,West,SMB,4,942.61,0.25,55,4.2,3294.96,0.82,2827.83,0.456,1289.49,4,2021,2,6,4,3
ORD-00514,2021-04-28,Phone,North,SMB,3,273.74,0.24,42,8.5,1091.1,0.89,624.13,0.285,177.88,4,2021,2,5,2,3
ORD-00515,2021-04-28,Keyboard,North,SMB,7,1226.4,0.08,56,9.8,3542.29,1.05,7898.02,0.303,2393.1,4,2021,2,1,2,3
ORD-00516,2021-04-28,Headphones,West,Online,4,782.13,0.12,21,0.5,3332.91,0.89,2753.1,0.463,1274.69,4,2021,2,0,4,1
ORD-00517,2021-04-29,Keyboard,South,Retail,13,738.69,0.12,20,5.8,1937.31,0.84,8450.61,0.294,2484.48,4,2021,2,1,3,2
ORD-00518,2021-04-29,Keyboard,South,Online,17,1662.6,0.15,51,5.2,1493.75,1.0,24024.57,0.362,8696.89,4,2021,2,1,3,1
ORD-00519,2021-04-29,Laptop,Central,Online,7,68.65,0.05,59,3.8,4603.6,1.09,456.52,0.189,86.28,4,2021,2,2,0,1
ORD-00520,2021-04-30,Headphones,East,Retail,17,1606.0,0.14,27,8.5,722.42,0.96,23479.72,0.133,3122.8,4,2021,2,0,1,2
ORD-00521,2021-04-30,Tablet,East,Online,4,1164.32,0.15,66,5.8,2216.95,1.08,3958.69,0.241,954.04,4,2021,2,6,1,1
ORD-00522,2021-05-01,Keyboard,Central,Enterprise,11,1972.89,0.16,44,3.1,3858.22,1.14,18229.5,0.419,7638.16,5,2021,2,1,0,0
ORD-00523,2021-05-01,Mouse,East,Enterprise,3,1199.41,0.25,65,4.4,825.87,1.18,2698.67,0.279,752.93,5,2021,2,4,1,0
ORD-00524,2021-05-02,Laptop,North,Online,11,157.99,0.16,43,3.6,4671.34,0.89,1459.83,0.167,243.79,5,2021,2,2,2,1
ORD-00525,2021-05-02,Phone,North,SMB,3,148.76,0.07,44,4.3,2678.64,1.04,415.04,0.318,131.98,5,2021,2,5,2,3
ORD-00526,2021-05-02,Keyboard,West,Online,12,1772.15,0.2,18,0.7,2573.6,0.91,17012.64,0.206,3504.6,5,2021,2,1,4,1
ORD-00527,2021-05-02,Webcam,West,SMB,1,1690.37,0.24,61,1.1,2178.96,1.15,1284.68,0.479,615.36,5,2021,2,7,4,3
ORD-00528,2021-05-02,Keyboard,Central,Online,4,724.49,0.1,37,6.2,4350.51,1.16,2608.16,0.331,863.3,5,2021,2,1,0,1
ORD-00529,2021-05-02,Laptop,Central,Enterprise,14,1255.16,0.19,69,6.8,4747.36,0.93,14233.51,0.493,7017.12,5,2021,2,2,0,0
ORD-00530,2021-05-02,Tablet,Central,SMB,1,1004.7,0.04,42,6.4,1962.33,1.06,964.51,0.117,112.85,5,2021,2,6,0,3
ORD-00531,2021-05-03,Mouse,North,Enterprise,14,1935.97,0.1,27,7.6,2757.73,1.16,24393.22,0.105,2561.29,5,2021,2,4,2,0
ORD-00532,2021-05-03,Webcam,East,Online,13,1902.42,0.27,18,9.4,1645.57,1.0,18053.97,0.291,5253.71,5,2021,2,7,1,1
ORD-00533,2021-05-03,Phone,Central,Retail,13,1968.49,0.27,33,8.6,1903.28,1.09,18680.97,0.445,8313.03,5,2021,2,5,0,2
ORD-00534,2021-05-03,Webcam,Central,SMB,15,1739.58,0.17,28,4.2,238.83,1.12,21657.77,0.31,6713.91,5,2021,2,7,0,3
ORD-00535,2021-05-04,Keyboard,North,SMB,17,1823.63,0.21,21,2.2,3951.08,1.15,24491.35,0.45,11021.11,5,2021,2,1,2,3
ORD-00536,2021-05-04,Tablet,North,Online,12,473.69,0.26,52,3.1,4849.73,1.01,4206.37,0.152,639.37,5,2021,2,6,2,1
ORD-00537,2021-05-04,Headphones,North,Online,14,1670.46,0.29,30,5.9,3870.68,1.18,16604.37,0.38,6309.66,5,2021,2,0,2,1
ORD-00538,2021-05-04,Mouse,East,SMB,12,1432.27,0.15,38,8.6,2639.24,1.05,14609.15,0.364,5317.73,5,2021,2,4,1,3
ORD-00539,2021-05-04,Headphones,Central,Retail,18,1927.43,0.17,32,7.0,4154.8,0.86,28795.8,0.318,9157.06,5,2021,2,0,0,2
ORD-00540,2021-05-05,Mouse,South,Online,4,1163.96,0.12,27,5.4,4303.61,1.04,4097.14,0.262,1073.45,5,2021,2,4,3,1
ORD-00541,2021-05-05,Phone,South,Online,14,216.08,0.02,55,6.0,2768.16,0.92,2964.62,0.359,1064.3,5,2021,2,5,3,1
ORD-00542,2021-05-05,Monitor,Central,Online,19,1214.93,0.13,28,5.3,4692.07,0.95,20082.79,0.32,6426.49,5,2021,2,3,0,1
ORD-00543,2021-05-05,Mouse,Central,Retail,13,1388.83,0.24,49,9.7,247.83,1.12,13721.64,0.209,2867.82,5,2021,2,4,0,2
ORD-00544,2021-05-05,Monitor,Central,SMB,18,479.63,0.24,50,8.2,149.47,1.19,6561.34,0.142,931.71,5,2021,2,3,0,3
ORD-00545,2021-05-05,Headphones,Central,Enterprise,11,818.52,0.27,37,7.8,499.15,1.15,6572.72,0.255,1676.04,5,2021,2,0,0,0
ORD-00546,2021-05-06,Mouse,East,Online,6,1217.08,0.02,53,5.2,383.5,0.93,7156.43,0.305,2182.71,5,2021,2,4,1,1
ORD-00547,2021-05-06,Phone,South,Retail,9,779.51,0.16,47,3.3,2180.59,0.98,5893.1,0.303,1785.61,5,2021,2,5,3,2
ORD-00548,2021-05-06,Laptop,West,SMB,12,781.15,0.03,27,0.2,4707.57,1.19,9092.59,0.27,2455.0,5,2021,2,2,4,3
ORD-00549,2021-05-06,Phone,South,SMB,19,309.52,0.06,32,0.4,3408.6,1.17,5528.03,0.231,1276.97,5,2021,2,5,3,3
ORD-00550,2021-05-06,Phone,South,Retail,14,1884.46,0.27,46,0.3,3331.32,1.19,19259.18,0.24,4622.2,5,2021,2,5,3,2
ORD-00551,2021-05-07,Laptop,North,Online,15,1513.46,0.15,18,9.8,1985.94,0.97,19296.62,0.206,3975.1,5,2021,2,2,2,1
ORD-00552,2021-05-07,Laptop,Central,Enterprise,11,52.42,0.23,38,1.1,2715.46,1.12,444.0,0.332,147.41,5,2021,2,2,0,0
ORD-00553,2021-05-07,Tablet,Central,Online,6,1542.95,0.02,32,1.4,1590.46,1.15,9072.55,0.44,3991.92,5,2021,2,6,0,1
ORD-00554,2021-05-08,Mouse,Central,SMB,14,1492.6,0.13,20,4.8,2637.4,0.82,18179.87,0.452,8217.3,5,2021,2,4,0,3
ORD-00555,2021-05-08,Headphones,North,Enterprise,3,68.98,0.2,50,4.8,3758.64,0.91,165.55,0.497,82.28,5,2021,2,0,2,0
ORD-00556,2021-05-08,Tablet,East,Online,19,770.73,0.04,55,9.2,2837.59,1.15,14058.12,0.136,1911.9,5,2021,2,6,1,1
ORD-00557,2021-05-08,Laptop,East,Enterprise,11,1233.16,0.1,36,0.7,2152.47,0.96,12208.28,0.186,2270.74,5,2021,2,2,1,0
ORD-00558,2021-05-08,Monitor,West,Retail,17,932.86,0.02,21,9.6,4240.12,0.91,15541.45,0.392,6092.25,5,2021,2,3,4,2
ORD-00559,2021-05-09,Headphones,East,Online,17,1567.07,0.2,29,2.2,1508.47,0.91,21312.15,0.358,7629.75,5,2021,2,0,1,1
ORD-00560,2021-05-09,Monitor,East,SMB,3,879.64,0.29,42,9.7,2459.29,0.95,1873.63,0.154,288.54,5,2021,2,3,1,3
ORD-00561,2021-05-09,Phone,Central,SMB,14,350.03,0.25,51,5.4,4892.92,0.9,3675.32,0.352,1293.71,5,2021,2,5,0,3
ORD-00562,2021-05-09,Keyboard,South,Enterprise,7,1954.01,0.29,34,6.5,4839.88,0.8,9711.43,0.263,2554.11,5,2021,2,1,3,0
ORD-00563,2021-05-09,Phone,East,Retail,19,521.98,0.25,23,3.2,130.79,0.87,7438.22,0.483,3592.66,5,2021,2,5,1,2
ORD-00564,2021-05-09,Phone,East,Online,3,1449.5,0.26,29,6.1,2707.94,1.15,3217.89,0.442,1422.31,5,2021,2,5,1,1
ORD-00565,2021-05-09,Keyboard,North,Retail,2,329.15,0.17,32,7.1,1750.9,0.83,546.39,0.129,70.48,5,2021,2,1,2,2
ORD-00566,2021-05-10,Mouse,West,Retail,17,691.57,0.16,34,0.1,1527.0,0.97,9875.62,0.136,1343.08,5,2021,2,4,4,2
ORD-00567,2021-05-10,Laptop,North,Enterprise,9,911.95,0.12,18,0.3,3021.64,0.98,7222.64,0.267,1928.44,5,2021,2,2,2,0
ORD-00568,2021-05-10,Monitor,Central,Enterprise,6,424.85,0.25,31,9.9,2286.89,1.11,1911.83,0.103,196.92,5,2021,2,3,0,0
ORD-00569,2021-05-10,Phone,South,Online,9,927.42,0.05,19,4.6,3690.93,0.9,7929.44,0.138,1094.26,5,2021,2,5,3,1
ORD-00570,2021-05-10,Keyboard,West,SMB,5,356.47,0.02,21,9.4,232.96,0.92,1746.7,0.473,826.19,5,2021,2,1,4,3
ORD-00571,2021-05-10,Tablet,North,Online,2,1140.06,0.28,69,7.3,4641.77,0.81,1641.69,0.417,684.58,5,2021,2,6,2,1
ORD-00572,2021-05-11,Phone,East,Retail,15,1344.24,0.0,19,3.7,2881.21,1.16,20163.6,0.369,7440.37,5,2021,2,5,1,2
ORD-00573,2021-05-11,Monitor,East,Enterprise,9,171.75,0.29,43,1.5,3451.93,1.07,1097.48,0.432,474.11,5,2021,2,3,1,0
ORD-00574,2021-05-11,Laptop,West,Retail,19,1748.71,0.22,63,9.8,3062.47,0.91,25915.88,0.2,5183.18,5,2021,2,2,4,2
ORD-00575,2021-05-11,Phone,East,Enterprise,10,411.02,0.1,67,5.8,4946.74,1.16,3699.18,0.39,1442.68,5,2021,2,5,1,0
ORD-00576,2021-05-11,Phone,North,SMB,4,489.46,0.21,57,1.9,4932.86,0.83,1546.69,0.346,535.15,5,2021,2,5,2,3
ORD-00577,2021-05-12,Mouse,North,Retail,10,1339.63,0.25,69,6.8,3088.47,0.95,10047.22,0.439,4410.73,5,2021,2,4,2,2
ORD-00578,2021-05-12,Webcam,East,Enterprise,8,964.06,0.07,50,0.9,3451.42,1.03,7172.61,0.213,1527.77,5,2021,2,7,1,0
ORD-00579,2021-05-12,Keyboard,East,Online,13,1023.82,0.23,65,8.7,3130.99,1.0,10248.44,0.405,4150.62,5,2021,2,1,1,1
ORD-00580,2021-05-12,Tablet,Central,Online,7,299.9,0.24,56,0.9,1622.34,1.06,1595.47,0.441,703.6,5,2021,2,6,0,1
ORD-00581,2021-05-13,Tablet,South,Online,7,1621.18,0.07,23,2.4,1043.81,0.92,10553.88,0.32,3377.24,5,2021,2,6,3,1
ORD-00582,2021-05-13,Headphones,West,Retail,4,1253.26,0.01,47,0.9,2073.54,1.1,4962.91,0.266,1320.13,5,2021,2,0,4,2
ORD-00583,2021-05-13,Laptop,North,Enterprise,15,313.99,0.06,39,1.0,3445.51,0.96,4427.26,0.479,2120.66,5,2021,2,2,2,0
ORD-00584,2021-05-14,Headphones,West,Enterprise,12,779.3,0.06,44,5.2,374.29,0.85,8790.5,0.168,1476.8,5,2021,2,0,4,0
ORD-00585,2021-05-14,Monitor,Central,Enterprise,16,1630.3,0.02,36,6.9,2620.1,1.1,25563.1,0.115,2939.76,5,2021,2,3,0,0
ORD-00586,2021-05-14,Laptop,North,Retail,6,1158.29,0.22,27,7.9,2101.15,1.16,5420.8,0.172,932.38,5,2021,2,2,2,2
ORD-00587,2021-05-14,Phone,Central,Enterprise,9,261.87,0.11,23,7.0,2684.68,0.95,2097.58,0.373,782.4,5,2021,2,5,0,0
ORD-00588,2021-05-14,Webcam,Central,SMB,3,776.92,0.27,43,3.6,4315.11,1.04,1701.45,0.416,707.8,5,2021,2,7,0,3
ORD-00589,2021-05-14,Phone,East,Retail,8,523.25,0.08,59,5.6,333.29,1.08,3851.12,0.387,1490.38,5,2021,2,5,1,2
ORD-00590,2021-05-15,Tablet,West,SMB,7,1059.06,0.14,68,9.3,3841.76,1.13,6375.54,0.268,1708.64,5,2021,2,6,4,3
ORD-00591,2021-05-15,Monitor,West,SMB,4,1694.55,0.19,20,3.9,3367.86,0.88,5490.34,0.487,2673.8,5,2021,2,3,4,3
ORD-00592,2021-05-15,Keyboard,East,Online,13,900.72,0.26,69,2.5,1098.86,1.03,8664.93,0.278,2408.85,5,2021,2,1,1,1
ORD-00593,2021-05-16,Monitor,West,Retail,19,895.02,0.16,20,5.2,3697.5,1.1,14284.52,0.493,7042.27,5,2021,2,3,4,2
ORD-00594,2021-05-16,Phone,East,Enterprise,7,1815.43,0.11,69,3.0,2532.22,0.88,11310.13,0.467,5281.83,5,2021,2,5,1,0
ORD-00595,2021-05-17,Keyboard,North,SMB,10,1173.56,0.26,23,2.6,2457.02,0.99,8684.34,0.263,2283.98,5,2021,2,1,2,3
ORD-00596,2021-05-17,Monitor,Central,Retail,12,1154.07,0.09,66,7.8,2467.05,0.99,12602.44,0.164,2066.8,5,2021,2,3,0,2
ORD-00597,2021-05-17,Webcam,Central,Enterprise,3,560.72,0.02,67,8.9,4751.25,1.14,1648.52,0.136,224.2,5,2021,2,7,0,0
ORD-00598,2021-05-17,Webcam,West,Online,12,1235.06,0.13,27,5.0,4727.39,1.11,12894.03,0.313,4035.83,5,2021,2,7,4,1
ORD-00599,2021-05-17,Monitor,South,Retail,19,1173.03,0.24,55,7.8,4576.68,0.89,16938.55,0.405,6860.11,5,2021,2,3,3,2
ORD-00600,2021-05-17,Keyboard,Central,Retail,15,823.86,0.01,30,1.9,4445.04,0.89,12234.32,0.17,2079.83,5,2021,2,1,0,2
ORD-00601,2021-05-17,Phone,East,Retail,8,1981.86,0.18,55,5.5,284.18,1.09,13001.0,0.227,2951.23,5,2021,2,5,1,2
ORD-00602,2021-05-17,Monitor,South,Enterprise,12,1769.69,0.18,29,6.4,2062.92,1.1,17413.75,0.352,6129.64,5,2021,2,3,3,0
ORD-00603,2021-05-17,Keyboard,South,SMB,6,1511.69,0.28,63,4.9,4484.9,0.87,6530.5,0.284,1854.66,5,2021,2,1,3,3
ORD-00604,2021-05-18,Mouse,Central,SMB,10,1097.82,0.09,66,1.2,3800.12,0.96,9990.16,0.342,3416.63,5,2021,2,4,0,3
ORD-00605,2021-05-18,Webcam,Central,Retail,2,951.02,0.08,44,7.3,2337.63,1.13,1749.88,0.371,649.21,5,2021,2,7,0,2
ORD-00606,2021-05-18,Mouse,Central,Retail,13,410.55,0.13,25,8.4,3888.94,0.83,4643.32,0.252,1170.12,5,2021,2,4,0,2
ORD-00607,2021-05-18,Phone,East,Enterprise,7,646.19,0.11,22,6.4,1120.11,0.95,4025.76,0.414,1666.66,5,2021,2,5,1,0
ORD-00608,2021-05-18,Keyboard,South,Online,8,1559.22,0.22,53,1.7,3039.02,1.06,9729.53,0.381,3706.95,5,2021,2,1,3,1
ORD-00609,2021-05-19,Mouse,West,Retail,16,934.81,0.19,55,0.7,2711.69,1.11,12115.14,0.375,4543.18,5,2021,2,4,4,2
ORD-00610,2021-05-19,Keyboard,East,Retail,11,1770.43,0.23,60,3.0,2910.38,1.06,14995.54,0.16,2399.29,5,2021,2,1,1,2
ORD-00611,2021-05-19,Monitor,North,Online,4,338.43,0.25,47,0.4,3636.8,0.96,1015.29,0.29,294.43,5,2021,2,3,2,1
ORD-00612,2021-05-19,Phone,Central,Retail,17,1041.28,0.28,54,8.4,4754.03,1.2,12745.27,0.331,4218.68,5,2021,2,5,0,2
ORD-00613,2021-05-19,Mouse,South,SMB,16,1311.58,0.13,46,7.0,1393.66,0.82,18257.19,0.191,3487.12,5,2021,2,4,3,3
ORD-00614,2021-05-19,Headphones,East,Retail,19,1057.85,0.3,39,5.6,3814.45,1.0,14069.4,0.403,5669.97,5,2021,2,0,1,2
ORD-00615,2021-05-20,Monitor,North,SMB,11,1783.99,0.06,31,8.9,3261.19,1.0,18446.46,0.148,2730.08,5,2021,2,3,2,3
ORD-00616,2021-05-20,Webcam,East,Enterprise,7,1979.65,0.21,27,1.1,3506.21,0.9,10947.46,0.16,1751.59,5,2021,2,7,1,0
ORD-00617,2021-05-20,Headphones,East,Enterprise,13,275.88,0.16,28,7.1,2201.71,1.02,3012.61,0.265,798.34,5,2021,2,0,1,0
ORD-00618,2021-05-20,Headphones,West,SMB,19,303.41,0.25,52,1.5,4728.44,0.89,4323.59,0.154,665.83,5,2021,2,0,4,3
ORD-00619,2021-05-20,Laptop,West,SMB,17,304.13,0.14,40,0.6,2450.32,0.98,4446.38,0.105,466.87,5,2021,2,2,4,3
ORD-00620,2021-05-21,Laptop,East,Online,13,1378.3,0.24,25,1.3,695.8,0.97,13617.6,0.265,3608.66,5,2021,2,2,1,1
ORD-00621,2021-05-21,Phone,North,SMB,12,776.72,0.28,38,9.5,3435.4,1.11,6710.86,0.359,2409.2,5,2021,2,5,2,3
ORD-00622,2021-05-21,Mouse,South,SMB,7,1479.96,0.22,54,4.4,731.46,1.18,8080.58,0.298,2408.01,5,2021,2,4,3,3
ORD-00623,2021-05-21,Mouse,South,Retail,1,840.67,0.23,45,0.5,1681.11,0.88,647.32,0.121,78.33,5,2021,2,4,3,2
ORD-00624,2021-05-21,Mouse,Central,Online,1,1273.83,0.02,69,5.8,1217.23,1.2,1248.35,0.193,240.93,5,2021,2,4,0,1
ORD-00625,2021-05-21,Keyboard,Central,SMB,14,1551.22,0.06,48,2.0,2740.78,1.18,20414.06,0.31,6328.36,5,2021,2,1,0,3
ORD-00626,2021-05-21,Monitor,South,SMB,15,1119.02,0.29,45,0.1,1802.77,0.85,11917.56,0.395,4707.44,5,2021,2,3,3,3
ORD-00627,2021-05-22,Mouse,East,SMB,11,1102.03,0.21,59,7.6,883.28,1.16,9576.64,0.418,4003.04,5,2021,2,4,1,3
ORD-00628,2021-05-22,Monitor,East,Retail,9,222.06,0.17,44,1.5,3974.99,1.03,1658.79,0.308,510.91,5,2021,2,3,1,2
ORD-00629,2021-05-22,Phone,West,Retail,17,851.02,0.11,57,9.4,2395.61,1.15,12875.93,0.358,4609.58,5,2021,2,5,4,2
ORD-00630,2021-05-23,Headphones,West,Retail,4,1114.27,0.01,38,5.9,2326.8,1.18,4412.51,0.461,2034.17,5,2021,2,0,4,2
ORD-00631,2021-05-23,Mouse,Central,Enterprise,19,950.86,0.11,26,0.9,4443.18,1.14,16079.04,0.126,2025.96,5,2021,2,4,0,0
ORD-00632,2021-05-23,Phone,South,Retail,7,1806.52,0.15,46,2.2,2740.24,0.96,10748.79,0.14,1504.83,5,2021,2,5,3,2
ORD-00633,2021-05-23,Mouse,East,SMB,1,1817.73,0.06,32,6.1,3578.49,1.05,1708.67,0.283,483.55,5,2021,2,4,1,3
ORD-00634,2021-05-23,Laptop,South,Retail,9,1652.74,0.05,50,3.4,1707.52,0.99,14130.93,0.344,4861.04,5,2021,2,2,3,2
ORD-00635,2021-05-23,Tablet,North,Retail,13,781.83,0.15,54,5.3,2850.32,0.95,8639.22,0.102,881.2,5,2021,2,6,2,2
ORD-00636,2021-05-23,Phone,South,Online,2,1448.73,0.18,64,8.0,3659.43,0.9,2375.92,0.281,667.63,5,2021,2,5,3,1
ORD-00637,2021-05-24,Mouse,North,SMB,2,820.81,0.07,53,7.9,1552.71,0.98,1526.71,0.169,258.01,5,2021,2,4,2,3
ORD-00638,2021-05-24,Webcam,West,Retail,15,503.56,0.18,68,7.0,3473.82,1.12,6193.79,0.358,2217.38,5,2021,2,7,4,2
ORD-00639,2021-05-24,Tablet,West,Enterprise,17,718.66,0.27,45,8.9,2886.94,1.14,8918.57,0.207,1846.14,5,2021,2,6,4,0
ORD-00640,2021-05-24,Phone,Central,Online,13,188.38,0.14,27,2.0,2227.55,1.18,2106.09,0.461,970.91,5,2021,2,5,0,1
ORD-00641,2021-05-24,Webcam,South,Retail,7,696.97,0.26,40,1.8,3593.55,0.92,3610.3,0.126,454.9,5,2021,2,7,3,2
ORD-00642,2021-05-24,Webcam,South,Online,9,948.45,0.28,45,8.0,1652.83,1.06,6145.96,0.424,2605.89,5,2021,2,7,3,1
ORD-00643,2021-05-25,Keyboard,North,Online,12,1913.19,0.03,51,3.2,3601.06,1.08,22269.53,0.257,5723.27,5,2021,2,1,2,1
ORD-00644,2021-05-25,Webcam,West,Enterprise,3,661.15,0.03,22,5.1,2800.46,0.88,1923.95,0.443,852.31,5,2021,2,7,4,0
ORD-00645,2021-05-25,Mouse,North,Enterprise,15,1809.78,0.14,35,7.4,1303.46,0.95,23346.16,0.426,9945.46,5,2021,2,4,2,0
ORD-00646,2021-05-26,Keyboard,West,Enterprise,7,496.27,0.18,23,4.0,3374.55,0.94,2848.59,0.196,558.32,5,2021,2,1,4,0
ORD-00647,2021-05-26,Laptop,North,SMB,1,422.39,0.13,59,1.3,4435.35,1.19,367.48,0.12,44.1,5,2021,2,2,2,3
ORD-00648,2021-05-26,Mouse,West,Online,14,1062.04,0.1,64,6.8,1619.07,1.18,13381.7,0.378,5058.28,5,2021,2,4,4,1
ORD-00649,2021-05-26,Headphones,North,Retail,19,1361.4,0.19,40,8.2,4080.43,1.13,20951.95,0.182,3813.25,5,2021,2,0,2,2
ORD-00650,2021-05-26,Webcam,West,Enterprise,16,136.45,0.0,45,0.1,1747.04,0.99,2183.2,0.472,1030.47,5,2021,2,7,4,0
ORD-00651,2021-05-27,Laptop,North,Enterprise,10,481.08,0.29,58,5.6,4123.49,0.91,3415.67,0.127,433.79,5,2021,2,2,2,0
ORD-00652,2021-05-27,Tablet,South,Online,1,938.58,0.07,30,4.7,350.64,1.17,872.88,0.23,200.76,5,2021,2,6,3,1
ORD-00653,2021-05-27,Phone,Central,Online,5,695.46,0.28,67,2.6,135.36,0.91,2503.66,0.105,262.88,5,2021,2,5,0,1
ORD-00654,2021-05-27,Webcam,North,Online,3,1439.61,0.03,42,1.6,654.98,1.01,4189.27,0.227,950.96,5,2021,2,7,2,1
ORD-00655,2021-05-27,Monitor,Central,Retail,17,1046.76,0.07,24,1.9,4382.32,0.9,16549.28,0.317,5246.12,5,2021,2,3,0,2
ORD-00656,2021-05-28,Laptop,South,SMB,18,362.7,0.07,19,7.2,2715.24,1.19,6071.6,0.362,2197.92,5,2021,2,2,3,3
ORD-00657,2021-05-28,Monitor,South,SMB,19,1794.21,0.3,33,5.4,3011.1,0.82,23862.99,0.391,9330.43,5,2021,2,3,3,3
ORD-00658,2021-05-28,Webcam,West,Enterprise,18,621.17,0.0,19,9.8,4226.81,0.87,11181.06,0.433,4841.4,5,2021,2,7,4,0
ORD-00659,2021-05-28,Monitor,Central,SMB,16,1475.71,0.19,53,2.4,348.16,1.11,19125.2,0.144,2754.03,5,2021,2,3,0,3
ORD-00660,2021-05-28,Webcam,East,Retail,2,1570.84,0.26,19,9.6,1996.82,0.86,2324.84,0.405,941.56,5,2021,2,7,1,2
ORD-00661,2021-05-28,Phone,West,SMB,15,1928.16,0.2,66,5.2,3251.14,1.19,23137.92,0.211,4882.1,5,2021,2,5,4,3
ORD-00662,2021-05-29,Tablet,Central,Retail,13,1022.09,0.11,55,1.5,2082.93,0.93,11825.58,0.155,1832.96,5,2021,2,6,0,2
ORD-00663,2021-05-29,Phone,North,Enterprise,13,1250.88,0.29,27,1.5,257.44,1.17,11545.62,0.206,2378.4,5,2021,2,5,2,0
ORD-00664,2021-05-29,Mouse,North,Online,16,703.01,0.27,31,6.1,3289.62,1.06,8211.16,0.443,3637.54,5,2021,2,4,2,1
ORD-00665,2021-05-29,Laptop,South,Retail,8,1372.45,0.13,44,8.3,2017.87,1.05,9552.25,0.351,3352.84,5,2021,2,2,3,2
ORD-00666,2021-05-29,Monitor,East,Online,11,953.6,0.17,32,7.5,194.12,1.17,8706.37,0.339,2951.46,5,2021,2,3,1,1
ORD-00667,2021-05-29,Phone,North,Enterprise,8,903.42,0.29,38,6.6,935.54,1.01,5131.43,0.334,1713.9,5,2021,2,5,2,0
ORD-00668,2021-05-29,Webcam,Central,Retail,10,1718.16,0.29,29,1.7,1166.15,0.96,12198.94,0.263,3208.32,5,2021,2,7,0,2
ORD-00669,2021-05-30,Phone,Central,Retail,1,147.83,0.13,68,1.1,2602.02,0.89,128.61,0.267,34.34,5,2021,2,5,0,2
ORD-00670,2021-05-30,Phone,North,SMB,12,1769.83,0.25,60,0.0,1013.24,0.86,15928.47,0.159,2532.63,5,2021,2,5,2,3
ORD-00671,2021-05-31,Laptop,Central,Retail,9,1711.54,0.09,50,1.0,1870.5,1.12,14017.51,0.233,3266.08,5,2021,2,2,0,2
ORD-00672,2021-05-31,Tablet,Central,Enterprise,5,1037.41,0.11,57,7.7,3778.26,0.85,4616.47,0.305,1408.02,5,2021,2,6,0,0
ORD-00673,2021-05-31,Headphones,South,Online,9,1005.9,0.05,39,9.0,4057.83,0.96,8600.44,0.342,2941.35,5,2021,2,0,3,1
ORD-00674,2021-05-31,Phone,East,Retail,16,755.52,0.06,55,2.4,3997.52,0.96,11363.02,0.129,1465.83,5,2021,2,5,1,2
ORD-00675,2021-06-01,Laptop,South,Enterprise,18,1988.64,0.2,61,7.9,3505.91,1.07,28636.42,0.234,6700.92,6,2021,2,2,3,0
ORD-00676,2021-06-01,Monitor,East,Enterprise,8,266.78,0.15,69,2.0,2754.88,0.91,1814.1,0.236,428.13,6,2021,2,3,1,0
ORD-00677,2021-06-01,Webcam,Central,Retail,11,1200.92,0.07,65,2.5,2798.09,1.14,12285.41,0.306,3759.34,6,2021,2,7,0,2
ORD-00678,2021-06-01,Mouse,East,SMB,19,1379.28,0.12,35,2.2,4771.6,0.88,23061.56,0.384,8855.64,6,2021,2,4,1,3
ORD-00679,2021-06-02,Headphones,Central,Retail,4,1871.94,0.11,61,0.5,4401.56,1.12,6664.11,0.354,2359.09,6,2021,2,0,0,2
ORD-00680,2021-06-02,Keyboard,Central,Retail,10,1571.4,0.3,69,1.9,3283.94,1.14,10999.8,0.328,3607.93,6,2021,2,1,0,2
ORD-00681,2021-06-02,Headphones,South,SMB,13,1305.5,0.26,19,3.7,2395.63,0.88,12558.91,0.217,2725.28,6,2021,2,0,3,3
ORD-00682,2021-06-02,Webcam,South,Enterprise,14,277.78,0.12,46,4.1,3672.45,1.12,3422.25,0.436,1492.1,6,2021,2,7,3,0
ORD-00683,2021-06-03,Headphones,West,Retail,2,778.78,0.27,24,3.1,407.31,1.09,1137.02,0.414,470.73,6,2021,2,0,4,2
ORD-00684,2021-06-03,Webcam,North,SMB,4,320.74,0.1,48,5.1,4728.58,1.15,1154.66,0.173,199.76,6,2021,2,7,2,3
ORD-00685,2021-06-03,Laptop,West,Online,7,1768.36,0.2,58,3.8,2783.14,1.0,9902.82,0.362,3584.82,6,2021,2,2,4,1
ORD-00686,2021-06-03,Keyboard,West,Online,19,1511.76,0.29,35,9.7,2563.67,0.89,20393.64,0.463,9442.26,6,2021,2,1,4,1
ORD-00687,2021-06-03,Phone,East,SMB,17,1527.2,0.12,26,8.1,1525.09,1.16,22846.91,0.274,6260.05,6,2021,2,5,1,3
ORD-00688,2021-06-03,Phone,Central,Enterprise,16,1321.9,0.2,25,9.3,116.61,1.12,16920.32,0.47,7952.55,6,2021,2,5,0,0
ORD-00689,2021-06-03,Headphones,Central,SMB,13,1038.73,0.09,50,5.6,400.09,0.81,12288.18,0.109,1339.41,6,2021,2,0,0,3
ORD-00690,2021-06-03,Laptop,Central,Enterprise,18,342.44,0.08,22,6.8,1388.74,1.18,5670.81,0.306,1735.27,6,2021,2,2,0,0
ORD-00691,2021-06-03,Keyboard,North,Online,12,692.91,0.17,65,1.7,2753.58,1.18,6901.38,0.203,1400.98,6,2021,2,1,2,1
ORD-00692,2021-06-04,Phone,East,Retail,1,316.99,0.29,31,7.5,509.54,0.94,225.06,0.205,46.14,6,2021,2,5,1,2
ORD-00693,2021-06-04,Monitor,East,SMB,15,1463.58,0.14,30,2.4,4863.05,0.8,18880.18,0.451,8514.96,6,2021,2,3,1,3
ORD-00694,2021-06-04,Tablet,Central,Online,3,362.45,0.28,28,1.5,2113.71,1.02,782.89,0.225,176.15,6,2021,2,6,0,1
ORD-00695,2021-06-04,Tablet,West,Retail,6,1419.12,0.27,37,0.4,1649.96,1.17,6215.75,0.109,677.52,6,2021,2,6,4,2
ORD-00696,2021-06-05,Phone,North,Online,14,1399.9,0.08,40,4.7,2673.46,0.85,18030.71,0.316,5697.7,6,2021,2,5,2,1
ORD-00697,2021-06-05,Keyboard,West,SMB,6,945.64,0.12,62,2.9,418.43,1.04,4992.98,0.488,2436.57,6,2021,2,1,4,3
ORD-00698,2021-06-05,Mouse,South,SMB,1,313.7,0.19,44,9.9,4267.21,1.09,254.1,0.132,33.54,6,2021,2,4,3,3
ORD-00699,2021-06-05,Phone,East,Retail,6,663.86,0.16,32,2.5,2355.36,0.85,3345.85,0.215,719.36,6,2021,2,5,1,2
ORD-00700,2021-06-05,Mouse,East,SMB,8,674.18,0.03,47,8.7,973.84,1.01,5231.64,0.288,1506.71,6,2021,2,4,1,3
ORD-00701,2021-06-05,Mouse,West,Online,15,1415.75,0.3,33,3.2,892.5,0.84,14865.37,0.432,6421.84,6,2021,2,4,4,1
ORD-00702,2021-06-06,Webcam,North,Retail,14,271.8,0.23,62,7.5,1868.68,1.02,2930.0,0.208,609.44,6,2021,2,7,2,2
ORD-00703,2021-06-06,Webcam,East,Retail,16,1666.68,0.13,57,6.6,2909.48,0.98,23200.19,0.237,5498.45,6,2021,2,7,1,2
ORD-00704,2021-06-06,Keyboard,West,Online,16,1533.96,0.19,35,5.6,2142.84,0.91,19880.12,0.254,5049.55,6,2021,2,1,4,1
ORD-00705,2021-06-06,Mouse,North,Enterprise,19,413.3,0.03,68,4.2,3024.31,1.14,7617.12,0.252,1919.51,6,2021,2,4,2,0
ORD-00706,2021-06-07,Monitor,West,Retail,1,1452.37,0.15,64,6.7,3556.84,0.95,1234.51,0.18,222.21,6,2021,2,3,4,2
ORD-00707,2021-06-08,Keyboard,North,Enterprise,4,1353.6,0.28,59,4.1,3767.59,1.08,3898.37,0.466,1816.64,6,2021,2,1,2,0
ORD-00708,2021-06-08,Phone,Central,Online,10,1508.84,0.27,40,5.5,2064.68,1.12,11014.53,0.417,4593.06,6,2021,2,5,0,1
ORD-00709,2021-06-08,Headphones,North,Online,18,418.41,0.1,53,5.9,3613.32,0.87,6778.24,0.49,3321.34,6,2021,2,0,2,1
ORD-00710,2021-06-08,Monitor,South,Retail,2,357.3,0.16,55,2.7,793.37,0.85,600.26,0.248,148.86,6,2021,2,3,3,2
ORD-00711,2021-06-08,Laptop,Central,SMB,4,511.14,0.21,25,3.4,2614.17,0.8,1615.2,0.118,190.59,6,2021,2,2,0,3
ORD-00712,2021-06-09,Tablet,West,Retail,15,763.45,0.1,56,0.2,455.32,0.92,10306.58,0.146,1504.76,6,2021,2,6,4,2
ORD-00713,2021-06-09,Phone,Central,SMB,4,1597.65,0.02,46,8.5,1296.12,1.13,6262.79,0.243,1521.86,6,2021,2,5,0,3
ORD-00714,2021-06-09,Phone,Central,Enterprise,16,1488.95,0.15,29,7.6,2957.61,1.11,20249.72,0.464,9395.87,6,2021,2,5,0,0
ORD-00715,2021-06-09,Phone,West,SMB,15,1854.63,0.18,35,1.8,3728.06,1.15,22811.95,0.492,11223.48,6,2021,2,5,4,3
ORD-00716,2021-06-09,Monitor,West,Retail,18,164.33,0.0,67,3.6,567.02,1.1,2957.94,0.429,1268.96,6,2021,2,3,4,2
ORD-00717,2021-06-09,Laptop,South,SMB,7,72.53,0.03,36,4.2,1114.64,0.81,492.48,0.195,96.03,6,2021,2,2,3,3
ORD-00718,2021-06-10,Headphones,West,Online,15,1413.32,0.06,53,3.3,4960.3,0.95,19927.81,0.364,7253.72,6,2021,2,0,4,1
ORD-00719,2021-06-10,Keyboard,East,Enterprise,11,594.61,0.1,50,8.0,1754.52,0.8,5886.64,0.339,1995.57,6,2021,2,1,1,0
ORD-00720,2021-06-10,Webcam,East,Online,19,701.45,0.16,22,7.3,1491.8,0.81,11195.14,0.429,4802.72,6,2021,2,7,1,1
ORD-00721,2021-06-10,Laptop,South,Online,8,1116.26,0.09,56,7.7,517.76,0.99,8126.37,0.304,2470.42,6,2021,2,2,3,1
ORD-00722,2021-06-10,Monitor,North,Online,1,249.71,0.08,45,9.0,3504.73,0.94,229.73,0.227,52.15,6,2021,2,3,2,1
ORD-00723,2021-06-11,Phone,North,Online,3,1303.25,0.26,43,6.0,2590.44,1.02,2893.22,0.108,312.47,6,2021,2,5,2,1
ORD-00724,2021-06-11,Tablet,East,SMB,5,684.04,0.04,60,6.1,872.0,0.83,3283.39,0.418,1372.46,6,2021,2,6,1,3
ORD-00725,2021-06-11,Phone,West,Online,18,1283.79,0.15,38,7.2,3201.2,1.04,19641.99,0.312,6128.3,6,2021,2,5,4,1
ORD-00726,2021-06-11,Keyboard,South,SMB,12,1676.31,0.29,40,6.8,2676.23,0.83,14282.16,0.314,4484.6,6,2021,2,1,3,3
ORD-00727,2021-06-11,Mouse,North,Online,12,383.67,0.19,38,8.7,2868.23,0.97,3729.27,0.483,1801.24,6,2021,2,4,2,1
ORD-00728,2021-06-11,Tablet,North,Retail,19,1865.2,0.22,28,7.7,4974.79,0.94,27642.26,0.294,8126.82,6,2021,2,6,2,2
ORD-00729,2021-06-11,Phone,Central,Online,9,1084.84,0.13,59,1.2,240.2,0.89,8494.3,0.226,1919.71,6,2021,2,5,0,1
ORD-00730,2021-06-11,Headphones,East,Retail,11,1849.71,0.01,56,9.3,4583.36,0.92,20143.34,0.236,4753.83,6,2021,2,0,1,2
ORD-00731,2021-06-12,Tablet,West,SMB,17,455.07,0.19,33,6.8,4225.26,0.8,6266.31,0.105,657.96,6,2021,2,6,4,3
ORD-00732,2021-06-12,Mouse,South,Enterprise,16,1228.9,0.19,50,1.3,2135.18,0.93,15926.54,0.149,2373.05,6,2021,2,4,3,0
ORD-00733,2021-06-12,Webcam,North,SMB,4,837.58,0.03,44,7.7,4416.64,0.83,3249.81,0.118,383.48,6,2021,2,7,2,3
ORD-00734,2021-06-12,Laptop,Central,Enterprise,10,1559.73,0.14,18,3.6,3277.95,1.17,13413.68,0.197,2642.49,6,2021,2,2,0,0
ORD-00735,2021-06-13,Monitor,East,Enterprise,15,1231.52,0.27,61,8.1,4457.84,0.83,13485.14,0.126,1699.13,6,2021,2,3,1,0
ORD-00736,2021-06-13,Webcam,East,Online,19,1014.31,0.06,33,9.6,3014.18,1.18,18115.58,0.232,4202.81,6,2021,2,7,1,1
ORD-00737,2021-06-13,Phone,South,Enterprise,3,1830.32,0.14,22,2.6,1159.13,1.0,4722.23,0.15,708.33,6,2021,2,5,3,0
ORD-00738,2021-06-13,Keyboard,North,SMB,5,785.38,0.14,63,8.6,2923.48,1.01,3377.13,0.467,1577.12,6,2021,2,1,2,3
ORD-00739,2021-06-13,Laptop,South,Online,11,478.96,0.24,35,7.7,977.41,1.12,4004.11,0.475,1901.95,6,2021,2,2,3,1
ORD-00740,2021-06-14,Webcam,South,Enterprise,5,1235.8,0.25,58,6.7,790.06,1.08,4634.25,0.341,1580.28,6,2021,2,7,3,0
ORD-00741,2021-06-14,Phone,Central,SMB,7,1266.86,0.23,51,3.8,3304.9,0.89,6828.38,0.422,2881.58,6,2021,2,5,0,3
ORD-00742,2021-06-14,Laptop,East,Enterprise,6,906.23,0.11,61,1.1,4742.64,0.81,4839.27,0.371,1795.37,6,2021,2,2,1,0
ORD-00743,2021-06-14,Webcam,West,Enterprise,13,998.89,0.02,42,4.8,2983.63,1.11,12725.86,0.424,5395.76,6,2021,2,7,4,0
ORD-00744,2021-06-14,Keyboard,East,Online,2,1921.13,0.1,59,1.1,3999.36,0.85,3458.03,0.356,1231.06,6,2021,2,1,1,1
ORD-00745,2021-06-14,Phone,East,Online,19,1478.74,0.2,51,5.0,924.99,1.04,22476.85,0.272,6113.7,6,2021,2,5,1,1
ORD-00746,2021-06-15,Mouse,Central,SMB,11,265.67,0.21,32,8.2,3305.63,1.18,2308.67,0.45,1038.9,6,2021,2,4,0,3
ORD-00747,2021-06-15,Mouse,West,Online,5,463.65,0.29,21,10.0,3691.59,1.02,1645.96,0.275,452.64,6,2021,2,4,4,1
ORD-00748,2021-06-15,Keyboard,North,Online,9,1952.37,0.14,68,2.0,303.91,0.91,15111.34,0.258,3898.73,6,2021,2,1,2,1
ORD-00749,2021-06-15,Tablet,West,Retail,6,1466.61,0.19,21,2.1,576.11,0.87,7127.72,0.35,2494.7,6,2021,2,6,4,2
ORD-00750,2021-06-15,Keyboard,North,Retail,17,1834.34,0.16,42,8.1,3929.75,0.81,26194.38,0.475,12442.33,6,2021,2,1,2,2
ORD-00751,2021-06-15,Tablet,West,SMB,19,642.53,0.05,58,4.7,2255.76,1.05,11597.67,0.277,3212.55,6,2021,2,6,4,3
ORD-00752,2021-06-15,Phone,South,Online,8,1496.64,0.14,30,9.2,2087.35,1.02,10296.88,0.33,3397.97,6,2021,2,5,3,1
ORD-00753,2021-06-16,Webcam,West,SMB,7,1442.31,0.16,59,7.7,4609.81,0.98,8480.78,0.297,2518.79,6,2021,2,7,4,3
ORD-00754,2021-06-16,Tablet,Central,Retail,5,624.65,0.29,63,7.4,4960.63,0.88,2217.51,0.464,1028.92,6,2021,2,6,0,2
ORD-00755,2021-06-16,Phone,North,Retail,15,1124.09,0.11,42,1.0,3845.48,0.89,15006.6,0.371,5567.45,6,2021,2,5,2,2
ORD-00756,2021-06-17,Phone,East,Retail,10,1273.46,0.29,20,0.4,3983.71,1.18,9041.57,0.268,2423.14,6,2021,2,5,1,2
ORD-00757,2021-06-18,Headphones,Central,SMB,16,988.21,0.16,52,3.2,1120.77,0.81,13281.54,0.343,4555.57,6,2021,2,0,0,3
ORD-00758,2021-06-19,Monitor,North,Online,9,1663.0,0.07,69,2.2,1041.9,0.95,13919.31,0.162,2254.93,6,2021,2,3,2,1
ORD-00759,2021-06-19,Phone,North,Enterprise,7,1674.09,0.06,65,7.1,4905.35,0.82,11015.51,0.237,2610.68,6,2021,2,5,2,0
ORD-00760,2021-06-19,Tablet,East,Online,11,1708.67,0.04,26,4.5,3505.95,0.88,18043.56,0.394,7109.16,6,2021,2,6,1,1
ORD-00761,2021-06-19,Monitor,South,SMB,9,1616.68,0.14,31,5.2,3464.88,1.17,12513.1,0.325,4066.76,6,2021,2,3,3,3
ORD-00762,2021-06-19,Monitor,Central,Retail,17,1001.76,0.01,39,8.1,1502.32,0.86,16859.62,0.226,3810.27,6,2021,2,3,0,2
ORD-00763,2021-06-19,Phone,East,Enterprise,9,793.8,0.13,65,4.8,4443.75,1.04,6215.45,0.245,1522.79,6,2021,2,5,1,0
ORD-00764,2021-06-20,Keyboard,East,SMB,3,1671.18,0.3,26,5.4,317.76,0.94,3509.48,0.424,1488.02,6,2021,2,1,1,3
ORD-00765,2021-06-20,Keyboard,South,Retail,8,1005.89,0.2,41,8.4,1445.49,1.05,6437.7,0.316,2034.31,6,2021,2,1,3,2
ORD-00766,2021-06-20,Mouse,Central,SMB,19,530.42,0.23,40,4.3,982.69,1.14,7760.04,0.196,1520.97,6,2021,2,4,0,3
ORD-00767,2021-06-20,Monitor,East,Enterprise,16,1039.32,0.04,54,0.8,3584.37,0.91,15963.96,0.219,3496.11,6,2021,2,3,1,0
ORD-00768,2021-06-20,Phone,South,Retail,7,326.61,0.14,62,5.2,3605.21,0.83,1966.19,0.287,564.3,6,2021,2,5,3,2
ORD-00769,2021-06-20,Headphones,Central,Online,7,1398.68,0.09,32,5.8,2720.18,0.88,8909.59,0.405,3608.38,6,2021,2,0,0,1
ORD-00770,2021-06-20,Keyboard,West,SMB,13,705.05,0.27,53,5.1,125.77,0.98,6690.92,0.499,3338.77,6,2021,2,1,4,3
ORD-00771,2021-06-20,Headphones,North,Enterprise,3,558.28,0.05,31,2.6,4381.4,1.01,1591.1,0.174,276.85,6,2021,2,0,2,0
ORD-00772,2021-06-21,Phone,South,Online,12,1915.19,0.14,69,2.2,4782.38,1.18,19764.76,0.402,7945.43,6,2021,2,5,3,1
ORD-00773,2021-06-21,Phone,North,Enterprise,8,1564.92,0.18,37,3.7,1091.33,0.81,10265.88,0.347,3562.26,6,2021,2,5,2,0
ORD-00774,2021-06-21,Webcam,West,SMB,13,1584.79,0.15,56,1.7,4226.94,1.1,17511.93,0.312,5463.72,6,2021,2,7,4,3
ORD-00775,2021-06-21,Monitor,East,Enterprise,16,1266.26,0.25,53,6.7,4869.1,0.83,15195.12,0.487,7400.02,6,2021,2,3,1,0
ORD-00776,2021-06-22,Webcam,East,Retail,7,1686.39,0.07,44,6.1,1702.17,0.83,10978.4,0.229,2514.05,6,2021,2,7,1,2
ORD-00777,2021-06-22,Headphones,Central,Enterprise,4,1530.37,0.11,34,6.3,1006.78,1.06,5448.12,0.171,931.63,6,2021,2,0,0,0
ORD-00778,2021-06-22,Webcam,South,SMB,12,1217.61,0.24,43,2.2,4889.95,1.16,11104.6,0.451,5008.17,6,2021,2,7,3,3
ORD-00779,2021-06-22,Mouse,South,Retail,17,1924.19,0.16,58,2.5,392.74,0.92,27477.43,0.127,3489.63,6,2021,2,4,3,2
ORD-00780,2021-06-22,Monitor,Central,Enterprise,1,423.61,0.12,21,7.9,1452.21,0.91,372.78,0.427,159.18,6,2021,2,3,0,0
ORD-00781,2021-06-22,Laptop,North,Enterprise,17,1889.59,0.01,20,6.9,3735.94,1.05,31801.8,0.336,10685.4,6,2021,2,2,2,0
ORD-00782,2021-06-22,Webcam,East,Retail,2,832.8,0.23,36,8.8,3125.03,1.11,1282.51,0.166,212.9,6,2021,2,7,1,2
ORD-00783,2021-06-23,Headphones,East,Online,6,1080.38,0.29,58,4.0,3454.1,1.15,4602.42,0.191,879.06,6,2021,2,0,1,1
ORD-00784,2021-06-23,Keyboard,South,Online,12,289.34,0.19,57,5.5,3569.65,0.9,2812.38,0.162,455.61,6,2021,2,1,3,1
ORD-00785,2021-06-24,Keyboard,South,Retail,11,1103.21,0.26,56,7.4,3462.11,1.1,8980.13,0.387,3475.31,6,2021,2,1,3,2
ORD-00786,2021-06-24,Keyboard,Central,Enterprise,11,1241.85,0.16,24,9.7,1776.98,0.92,11474.69,0.159,1824.48,6,2021,2,1,0,0
ORD-00787,2021-06-24,Tablet,West,Online,18,1995.52,0.07,53,9.9,1626.35,1.02,33405.0,0.373,12460.06,6,2021,2,6,4,1
ORD-00788,2021-06-24,Phone,North,Retail,8,1951.63,0.0,36,10.0,2199.49,0.88,15613.04,0.151,2357.57,6,2021,2,5,2,2
ORD-00789,2021-06-24,Monitor,West,SMB,7,1934.47,0.2,29,8.9,4057.65,0.86,10833.03,0.421,4560.71,6,2021,2,3,4,3
ORD-00790,2021-06-24,Keyboard,West,Enterprise,14,729.36,0.15,37,6.4,4697.53,1.17,8679.38,0.468,4061.95,6,2021,2,1,4,0
ORD-00791,2021-06-25,Laptop,South,SMB,16,1982.97,0.23,55,0.1,2330.71,1.02,24430.19,0.324,7915.38,6,2021,2,2,3,3
ORD-00792,2021-06-26,Keyboard,South,Enterprise,12,938.18,0.21,29,7.0,520.25,0.8,8893.95,0.486,4322.46,6,2021,2,1,3,0
ORD-00793,2021-06-26,Mouse,South,Online,9,1711.08,0.3,46,2.4,4697.66,1.12,10779.8,0.256,2759.63,6,2021,2,4,3,1
ORD-00794,2021-06-26,Phone,West,SMB,16,471.82,0.15,47,0.6,494.1,1.08,6416.75,0.198,1270.52,6,2021,2,5,4,3
ORD-00795,2021-06-26,Headphones,North,SMB,19,1036.37,0.13,37,7.0,879.64,0.93,17131.2,0.171,2929.44,6,2021,2,0,2,3
ORD-00796,2021-06-26,Phone,South,Retail,16,1933.72,0.09,21,7.6,4351.62,0.99,28154.96,0.292,8221.25,6,2021,2,5,3,2
ORD-00797,2021-06-26,Webcam,East,Online,9,1896.71,0.14,19,6.6,2802.24,0.98,14680.54,0.152,2231.44,6,2021,2,7,1,1
ORD-00798,2021-06-28,Headphones,North,Online,13,1383.28,0.26,64,3.7,1828.16,0.91,13307.15,0.45,5988.22,6,2021,2,0,2,1
ORD-00799,2021-06-28,Headphones,East,Enterprise,5,1605.74,0.01,47,5.1,4661.46,1.19,7948.41,0.414,3290.64,6,2021,2,0,1,0
ORD-00800,2021-06-28,Webcam,North,Retail,19,394.03,0.29,40,9.3,4806.48,1.02,5315.46,0.325,1727.52,6,2021,2,7,2,2
ORD-00801,2021-06-28,Monitor,South,Retail,10,1457.23,0.3,23,7.3,1720.74,1.16,10200.61,0.389,3968.04,6,2021,2,3,3,2
ORD-00802,2021-06-28,Webcam,Central,Enterprise,7,1255.2,0.18,35,5.0,4355.28,1.03,7204.85,0.12,864.58,6,2021,2,7,0,0
ORD-00803,2021-06-28,Tablet,South,SMB,9,228.53,0.1,39,5.9,3424.79,1.08,1851.09,0.181,335.05,6,2021,2,6,3,3
ORD-00804,2021-06-30,Headphones,West,Enterprise,14,270.66,0.07,54,9.3,1445.01,0.81,3523.99,0.348,1226.35,6,2021,2,0,4,0
ORD-00805,2021-06-30,Headphones,West,Enterprise,15,261.47,0.08,21,3.9,4713.02,1.0,3608.29,0.291,1050.01,6,2021,2,0,4,0
ORD-00806,2021-06-30,Webcam,North,Enterprise,13,1462.5,0.02,60,1.0,409.04,1.09,18632.25,0.342,6372.23,6,2021,2,7,2,0
ORD-00807,2021-07-01,Monitor,West,Retail,10,326.34,0.14,28,3.3,1657.92,0.85,2806.52,0.136,381.69,7,2021,3,3,4,2
ORD-00808,2021-07-01,Keyboard,South,Enterprise,14,962.08,0.02,58,4.2,2041.68,1.07,13199.74,0.361,4765.11,7,2021,3,1,3,0
ORD-00809,2021-07-02,Mouse,East,Enterprise,12,746.11,0.22,52,2.7,3484.2,0.83,6983.59,0.421,2940.09,7,2021,3,4,1,0
ORD-00810,2021-07-02,Laptop,South,Enterprise,19,1123.48,0.11,28,5.3,288.32,1.12,18998.05,0.319,6060.38,7,2021,3,2,3,0
ORD-00811,2021-07-02,Monitor,North,Online,6,1427.63,0.06,51,3.0,4459.91,1.19,8051.83,0.243,1956.59,7,2021,3,3,2,1
ORD-00812,2021-07-02,Tablet,West,SMB,12,1385.21,0.16,26,1.0,3329.6,1.05,13962.92,0.17,2373.7,7,2021,3,6,4,3
ORD-00813,2021-07-02,Monitor,East,SMB,13,1055.26,0.29,48,1.9,1447.61,0.83,9740.05,0.206,2006.45,7,2021,3,3,1,3
ORD-00814,2021-07-02,Phone,Central,SMB,8,955.45,0.21,59,9.2,3325.88,1.03,6038.44,0.309,1865.88,7,2021,3,5,0,3
ORD-00815,2021-07-02,Keyboard,East,SMB,16,825.74,0.15,49,6.3,2730.93,1.1,11230.06,0.202,2268.47,7,2021,3,1,1,3
ORD-00816,2021-07-02,Keyboard,East,Retail,2,1730.72,0.23,60,3.1,1747.75,1.17,2665.31,0.411,1095.44,7,2021,3,1,1,2
ORD-00817,2021-07-02,Headphones,South,Retail,7,695.16,0.22,52,3.7,240.12,0.82,3795.57,0.153,580.72,7,2021,3,0,3,2
ORD-00818,2021-07-03,Keyboard,Central,Enterprise,12,555.76,0.27,66,4.9,2800.39,1.11,4868.46,0.307,1494.62,7,2021,3,1,0,0
ORD-00819,2021-07-03,Keyboard,North,Retail,7,1499.47,0.06,28,6.7,502.69,0.85,9866.51,0.298,2940.22,7,2021,3,1,2,2
ORD-00820,2021-07-03,Webcam,North,SMB,19,751.54,0.26,34,5.8,4069.86,1.12,10566.65,0.156,1648.4,7,2021,3,7,2,3
ORD-00821,2021-07-03,Keyboard,East,Online,14,1701.65,0.09,68,9.3,533.78,1.16,21679.02,0.498,10796.15,7,2021,3,1,1,1
ORD-00822,2021-07-03,Keyboard,East,Enterprise,9,689.38,0.28,53,6.3,2200.82,1.14,4467.18,0.429,1916.42,7,2021,3,1,1,0
ORD-00823,2021-07-04,Laptop,West,Enterprise,18,1418.79,0.08,19,9.1,2229.3,1.06,23495.16,0.255,5991.27,7,2021,3,2,4,0
ORD-00824,2021-07-04,Tablet,Central,SMB,11,137.96,0.28,41,0.1,2825.39,1.0,1092.64,0.374,408.65,7,2021,3,6,0,3
ORD-00825,2021-07-04,Headphones,East,SMB,16,801.85,0.29,63,8.9,293.59,1.15,9109.02,0.387,3525.19,7,2021,3,0,1,3
ORD-00826,2021-07-05,Webcam,West,SMB,19,719.3,0.04,32,7.2,1098.78,1.01,13120.03,0.36,4723.21,7,2021,3,7,4,3
ORD-00827,2021-07-06,Keyboard,Central,Retail,11,1642.52,0.29,45,1.7,1077.56,0.88,12828.08,0.273,3502.07,7,2021,3,1,0,2
ORD-00828,2021-07-06,Headphones,North,Enterprise,18,1935.76,0.03,20,2.6,3034.96,1.18,33798.37,0.454,15344.46,7,2021,3,0,2,0
ORD-00829,2021-07-06,Tablet,West,SMB,11,948.72,0.07,46,5.4,1391.81,0.95,9705.41,0.409,3969.51,7,2021,3,6,4,3
ORD-00830,2021-07-06,Webcam,Central,Online,4,1658.43,0.13,69,1.2,806.56,1.05,5771.34,0.317,1829.51,7,2021,3,7,0,1
ORD-00831,2021-07-06,Mouse,West,Enterprise,18,1414.4,0.3,62,7.9,189.93,0.88,17821.44,0.101,1799.97,7,2021,3,4,4,0
ORD-00832,2021-07-06,Keyboard,East,Enterprise,19,1936.4,0.15,30,7.9,4218.67,0.84,31272.86,0.189,5910.57,7,2021,3,1,1,0
ORD-00833,2021-07-06,Headphones,South,Retail,13,1631.66,0.17,67,3.0,4860.59,1.02,17605.61,0.304,5352.11,7,2021,3,0,3,2
ORD-00834,2021-07-06,Monitor,North,Enterprise,4,201.08,0.21,39,0.7,3545.98,1.02,635.41,0.46,292.29,7,2021,3,3,2,0
ORD-00835,2021-07-07,Webcam,East,SMB,10,1440.9,0.29,69,9.9,2122.29,0.95,10230.39,0.351,3590.87,7,2021,3,7,1,3
ORD-00836,2021-07-07,Webcam,East,SMB,5,1094.22,0.24,48,2.5,697.85,0.92,4158.04,0.267,1110.2,7,2021,3,7,1,3
ORD-00837,2021-07-07,Headphones,Central,Online,3,82.05,0.07,24,0.7,2428.01,0.95,228.92,0.119,27.24,7,2021,3,0,0,1
ORD-00838,2021-07-07,Keyboard,West,Enterprise,16,540.06,0.09,65,3.3,2340.88,1.12,7863.27,0.339,2665.65,7,2021,3,1,4,0
ORD-00839,2021-07-07,Phone,North,Enterprise,8,1847.42,0.03,65,9.7,2157.39,0.94,14335.98,0.24,3440.64,7,2021,3,5,2,0
ORD-00840,2021-07-07,Laptop,East,Retail,7,1855.82,0.19,43,7.9,1953.69,1.17,10522.5,0.315,3314.59,7,2021,3,2,1,2
ORD-00841,2021-07-07,Monitor,Central,SMB,19,1607.76,0.05,48,4.8,2534.09,0.85,29020.07,0.407,11811.17,7,2021,3,3,0,3
ORD-00842,2021-07-07,Monitor,North,Online,14,1964.47,0.08,55,3.1,458.59,1.17,25302.37,0.421,10652.3,7,2021,3,3,2,1
ORD-00843,2021-07-07,Phone,West,SMB,15,1622.76,0.27,55,4.2,287.64,1.08,17769.22,0.446,7925.07,7,2021,3,5,4,3
ORD-00844,2021-07-08,Keyboard,East,Enterprise,17,69.9,0.1,21,0.2,413.41,0.94,1069.47,0.354,378.59,7,2021,3,1,1,0
ORD-00845,2021-07-08,Webcam,East,Enterprise,1,611.28,0.17,52,7.2,1079.99,0.8,507.36,0.462,234.4,7,2021,3,7,1,0
ORD-00846,2021-07-08,Webcam,East,Online,6,109.72,0.12,50,1.0,1462.54,1.12,579.32,0.376,217.82,7,2021,3,7,1,1
ORD-00847,2021-07-08,Laptop,North,Enterprise,15,233.51,0.02,20,5.2,930.34,1.19,3432.6,0.414,1421.1,7,2021,3,2,2,0
ORD-00848,2021-07-09,Monitor,North,Online,12,476.74,0.11,36,5.7,1334.39,1.19,5091.58,0.374,1904.25,7,2021,3,3,2,1
ORD-00849,2021-07-09,Laptop,North,Online,2,1031.94,0.12,26,0.0,1010.6,0.97,1816.21,0.449,815.48,7,2021,3,2,2,1
ORD-00850,2021-07-09,Monitor,North,SMB,5,1702.69,0.27,63,9.8,838.64,0.83,6214.82,0.189,1174.6,7,2021,3,3,2,3
ORD-00851,2021-07-09,Keyboard,Central,Online,9,1730.84,0.1,36,3.0,1535.62,0.93,14019.8,0.404,5664.0,7,2021,3,1,0,1
ORD-00852,2021-07-09,Mouse,South,Enterprise,14,1251.59,0.11,36,0.8,2047.81,0.92,15594.81,0.147,2292.44,7,2021,3,4,3,0
ORD-00853,2021-07-09,Monitor,Central,Retail,18,1859.94,0.23,43,8.5,3746.91,0.84,25778.77,0.137,3531.69,7,2021,3,3,0,2
ORD-00854,2021-07-09,Mouse,East,Retail,8,1025.12,0.23,30,1.5,4782.19,1.01,6314.74,0.297,1875.48,7,2021,3,4,1,2
ORD-00855,2021-07-10,Monitor,Central,Enterprise,2,1783.62,0.24,39,0.2,4602.93,1.04,2711.1,0.22,596.44,7,2021,3,3,0,0
ORD-00856,2021-07-10,Webcam,West,Retail,9,935.43,0.29,65,4.9,2432.08,1.09,5977.4,0.325,1942.66,7,2021,3,7,4,2
ORD-00857,2021-07-10,Tablet,North,Retail,7,590.59,0.24,25,1.3,2360.59,0.82,3141.94,0.371,1165.66,7,2021,3,6,2,2
ORD-00858,2021-07-10,Keyboard,West,Online,18,1837.01,0.12,41,9.8,715.92,0.91,29098.24,0.191,5557.76,7,2021,3,1,4,1
ORD-00859,2021-07-10,Phone,West,Retail,16,806.47,0.25,43,0.1,4861.53,0.94,9677.64,0.38,3677.5,7,2021,3,5,4,2
ORD-00860,2021-07-10,Mouse,East,Retail,5,1031.64,0.15,65,0.5,3824.48,1.16,4384.47,0.498,2183.47,7,2021,3,4,1,2
ORD-00861,2021-07-11,Phone,North,Retail,15,691.28,0.08,58,8.3,4253.08,1.16,9539.66,0.404,3854.02,7,2021,3,5,2,2
ORD-00862,2021-07-11,Keyboard,West,SMB,5,1342.53,0.09,58,2.4,1247.4,0.9,6108.51,0.17,1038.45,7,2021,3,1,4,3
ORD-00863,2021-07-11,Headphones,East,Enterprise,11,1990.31,0.07,20,9.1,2065.32,0.99,20360.87,0.353,7187.39,7,2021,3,0,1,0
ORD-00864,2021-07-11,Phone,North,Online,14,99.75,0.04,24,3.1,602.96,0.97,1340.64,0.104,139.43,7,2021,3,5,2,1
ORD-00865,2021-07-11,Keyboard,South,Retail,19,1804.7,0.06,69,0.7,4709.98,1.01,32231.94,0.288,9282.8,7,2021,3,1,3,2
ORD-00866,2021-07-11,Webcam,East,Enterprise,3,57.66,0.02,67,0.1,1500.56,0.91,169.52,0.313,53.06,7,2021,3,7,1,0
ORD-00867,2021-07-11,Phone,Central,Retail,10,760.24,0.27,19,2.8,3020.45,0.99,5549.75,0.489,2713.83,7,2021,3,5,0,2
ORD-00868,2021-07-11,Mouse,North,SMB,6,378.78,0.28,50,4.7,845.88,0.86,1636.33,0.395,646.35,7,2021,3,4,2,3
ORD-00869,2021-07-11,Tablet,West,SMB,3,1526.82,0.18,29,0.0,4033.7,1.08,3755.98,0.382,1434.78,7,2021,3,6,4,3
ORD-00870,2021-07-12,Phone,West,Retail,2,148.69,0.25,65,5.8,1013.09,0.95,223.04,0.313,69.81,7,2021,3,5,4,2
ORD-00871,2021-07-12,Mouse,Central,Retail,13,1129.3,0.06,29,3.3,4065.98,1.02,13800.05,0.305,4209.02,7,2021,3,4,0,2
ORD-00872,2021-07-12,Monitor,Central,Retail,18,625.11,0.27,27,3.9,2068.64,1.04,8213.95,0.497,4082.33,7,2021,3,3,0,2
ORD-00873,2021-07-12,Keyboard,West,SMB,2,310.66,0.15,58,2.6,2931.01,1.13,528.12,0.109,57.57,7,2021,3,1,4,3
ORD-00874,2021-07-13,Laptop,North,SMB,15,1555.05,0.02,44,5.3,1421.57,0.83,22859.24,0.221,5051.89,7,2021,3,2,2,3
ORD-00875,2021-07-13,Headphones,East,Enterprise,5,473.96,0.04,35,2.3,4425.6,0.99,2275.01,0.154,350.35,7,2021,3,0,1,0
ORD-00876,2021-07-13,Webcam,Central,Online,15,486.17,0.09,21,1.3,3823.36,1.16,6636.22,0.226,1499.79,7,2021,3,7,0,1
ORD-00877,2021-07-13,Laptop,Central,Online,17,586.4,0.01,57,8.9,1835.94,0.93,9869.11,0.285,2812.7,7,2021,3,2,0,1
ORD-00878,2021-07-13,Webcam,Central,SMB,2,1194.2,0.09,40,3.9,2968.28,0.98,2173.44,0.237,515.11,7,2021,3,7,0,3
ORD-00879,2021-07-13,Keyboard,South,Online,18,1336.35,0.02,38,0.8,732.04,0.83,23573.21,0.485,11433.01,7,2021,3,1,3,1
ORD-00880,2021-07-13,Webcam,North,Retail,15,84.32,0.07,53,2.3,886.31,1.1,1176.26,0.372,437.57,7,2021,3,7,2,2
ORD-00881,2021-07-13,Tablet,North,Enterprise,3,521.65,0.08,47,3.1,2715.02,0.83,1439.75,0.391,562.94,7,2021,3,6,2,0
ORD-00882,2021-07-14,Phone,North,SMB,5,890.39,0.3,65,7.7,3238.93,1.05,3116.36,0.397,1237.19,7,2021,3,5,2,3
ORD-00883,2021-07-14,Tablet,North,SMB,11,697.36,0.07,38,0.2,2831.42,0.95,7133.99,0.46,3281.64,7,2021,3,6,2,3
ORD-00884,2021-07-14,Laptop,North,Online,9,1774.13,0.07,40,4.8,2841.1,0.94,14849.47,0.407,6043.73,7,2021,3,2,2,1
ORD-00885,2021-07-14,Headphones,West,Retail,5,1586.03,0.21,38,4.1,3737.22,1.03,6264.82,0.106,664.07,7,2021,3,0,4,2
ORD-00886,2021-07-14,Mouse,Central,Enterprise,1,1270.49,0.26,25,9.7,4521.8,1.03,940.16,0.205,192.73,7,2021,3,4,0,0
ORD-00887,2021-07-14,Headphones,West,Online,14,709.18,0.12,56,1.8,1999.23,0.96,8737.1,0.496,4333.6,7,2021,3,0,4,1
ORD-00888,2021-07-14,Keyboard,South,SMB,5,1416.31,0.26,30,6.3,2730.97,0.91,5240.35,0.361,1891.77,7,2021,3,1,3,3
ORD-00889,2021-07-15,Keyboard,East,SMB,8,1695.09,0.1,57,2.0,4475.82,1.0,12204.65,0.127,1549.99,7,2021,3,1,1,3
ORD-00890,2021-07-15,Tablet,Central,Online,14,1209.92,0.06,39,5.5,2374.97,0.91,15922.55,0.287,4569.77,7,2021,3,6,0,1
ORD-00891,2021-07-15,Mouse,South,Retail,16,1579.7,0.1,24,5.6,2281.23,0.84,22747.68,0.492,11191.86,7,2021,3,4,3,2
ORD-00892,2021-07-15,Tablet,West,Enterprise,6,1510.75,0.18,41,0.8,3855.92,1.12,7432.89,0.497,3694.15,7,2021,3,6,4,0
ORD-00893,2021-07-16,Phone,East,Enterprise,8,1164.89,0.11,22,4.6,4398.78,1.08,8294.02,0.273,2264.27,7,2021,3,5,1,0
ORD-00894,2021-07-16,Monitor,South,Enterprise,2,658.76,0.2,67,4.6,3714.59,0.83,1054.02,0.457,481.69,7,2021,3,3,3,0
ORD-00895,2021-07-16,Mouse,East,Enterprise,19,1504.28,0.07,43,3.2,590.61,0.87,26580.63,0.337,8957.67,7,2021,3,4,1,0
ORD-00896,2021-07-17,Monitor,South,Retail,9,453.25,0.21,68,2.8,2377.38,0.84,3222.61,0.304,979.67,7,2021,3,3,3,2
ORD-00897,2021-07-17,Headphones,West,SMB,5,1570.0,0.1,27,2.2,1138.65,1.12,7065.0,0.265,1872.22,7,2021,3,0,4,3
ORD-00898,2021-07-17,Phone,East,SMB,5,1618.87,0.14,28,0.1,1655.0,1.11,6961.14,0.457,3181.24,7,2021,3,5,1,3
ORD-00899,2021-07-17,Webcam,South,Enterprise,19,1653.18,0.17,57,0.0,2396.9,0.96,26070.65,0.348,9072.59,7,2021,3,7,3,0
ORD-00900,2021-07-17,Webcam,West,Enterprise,4,972.19,0.21,55,5.9,1185.49,1.13,3072.12,0.234,718.88,7,2021,3,7,4,0
ORD-00901,2021-07-17,Monitor,Central,Enterprise,16,425.34,0.07,28,2.9,2628.07,1.19,6329.06,0.297,1879.73,7,2021,3,3,0,0
ORD-00902,2021-07-18,Laptop,West,Online,16,244.46,0.25,65,1.7,3252.05,1.19,2933.52,0.278,815.52,7,2021,3,2,4,1
ORD-00903,2021-07-18,Headphones,West,Online,16,1499.55,0.22,47,6.8,4387.0,1.19,18714.38,0.28,5240.03,7,2021,3,0,4,1
ORD-00904,2021-07-18,Monitor,Central,SMB,7,1778.21,0.07,21,5.3,1136.16,1.14,11576.15,0.225,2604.63,7,2021,3,3,0,3
ORD-00905,2021-07-18,Phone,West,SMB,18,1319.13,0.29,19,9.1,1621.77,0.89,16858.48,0.353,5951.04,7,2021,3,5,4,3
ORD-00906,2021-07-19,Monitor,Central,Enterprise,1,331.11,0.2,30,8.3,2088.42,0.82,264.89,0.121,32.05,7,2021,3,3,0,0
ORD-00907,2021-07-20,Keyboard,Central,Online,3,1873.05,0.14,56,7.3,1200.28,1.12,4832.47,0.454,2193.94,7,2021,3,1,0,1
ORD-00908,2021-07-20,Tablet,Central,Retail,8,1978.75,0.05,34,1.3,1727.0,0.92,15038.5,0.266,4000.24,7,2021,3,6,0,2
ORD-00909,2021-07-20,Laptop,South,Online,1,895.09,0.16,40,6.7,4428.42,0.94,751.88,0.42,315.79,7,2021,3,2,3,1
ORD-00910,2021-07-20,Keyboard,East,SMB,7,1209.91,0.05,62,6.9,779.41,0.83,8045.9,0.392,3153.99,7,2021,3,1,1,3
ORD-00911,2021-07-20,Keyboard,South,Online,7,1565.6,0.13,27,7.6,2274.36,1.09,9534.5,0.289,2755.47,7,2021,3,1,3,1
ORD-00912,2021-07-20,Phone,Central,SMB,8,1485.96,0.12,30,2.6,1623.74,0.97,10461.16,0.179,1872.55,7,2021,3,5,0,3
ORD-00913,2021-07-20,Tablet,East,Enterprise,19,1937.19,0.22,59,6.4,478.11,0.88,28709.16,0.325,9330.48,7,2021,3,6,1,0
ORD-00914,2021-07-20,Tablet,East,Retail,17,274.02,0.06,56,6.2,571.01,1.06,4378.84,0.479,2097.46,7,2021,3,6,1,2
ORD-00915,2021-07-21,Mouse,Central,Enterprise,11,1182.41,0.25,59,3.9,3945.91,1.19,9754.88,0.174,1697.35,7,2021,3,4,0,0
ORD-00916,2021-07-21,Headphones,East,Enterprise,15,1399.27,0.1,46,6.6,4276.43,1.0,18890.14,0.202,3815.81,7,2021,3,0,1,0
ORD-00917,2021-07-21,Laptop,East,Retail,9,1785.69,0.13,33,0.9,3732.9,1.04,13981.95,0.497,6949.03,7,2021,3,2,1,2
ORD-00918,2021-07-21,Headphones,South,Retail,17,1754.51,0.23,20,6.4,2742.22,0.87,22966.54,0.457,10495.71,7,2021,3,0,3,2
ORD-00919,2021-07-21,Phone,East,Retail,11,1957.1,0.19,53,6.1,3886.03,0.86,17437.76,0.32,5580.08,7,2021,3,5,1,2
ORD-00920,2021-07-22,Laptop,Central,SMB,6,1048.55,0.09,21,2.1,844.88,0.98,5725.08,0.378,2164.08,7,2021,3,2,0,3
ORD-00921,2021-07-22,Mouse,North,Enterprise,9,1669.98,0.12,53,8.2,3922.99,1.14,13226.24,0.277,3663.67,7,2021,3,4,2,0
ORD-00922,2021-07-22,Monitor,North,SMB,18,883.2,0.09,33,8.7,2175.03,1.16,14466.82,0.262,3790.31,7,2021,3,3,2,3
ORD-00923,2021-07-22,Keyboard,North,Retail,2,873.51,0.18,58,2.1,3776.55,1.06,1432.56,0.277,396.82,7,2021,3,1,2,2
ORD-00924,2021-07-22,Laptop,Central,SMB,4,544.03,0.1,23,0.8,1215.97,0.94,1958.51,0.266,520.96,7,2021,3,2,0,3
ORD-00925,2021-07-23,Headphones,North,Retail,18,1645.56,0.22,59,6.0,4179.46,1.1,23103.66,0.37,8548.35,7,2021,3,0,2,2
ORD-00926,2021-07-24,Keyboard,South,Online,1,1972.34,0.17,45,4.8,2883.77,0.92,1637.04,0.232,379.79,7,2021,3,1,3,1
ORD-00927,2021-07-24,Phone,Central,Retail,11,549.87,0.04,53,4.3,135.95,0.89,5806.63,0.168,975.51,7,2021,3,5,0,2
ORD-00928,2021-07-24,Headphones,Central,Enterprise,3,159.46,0.09,40,7.6,2644.41,1.12,435.33,0.383,166.73,7,2021,3,0,0,0
ORD-00929,2021-07-25,Monitor,Central,Enterprise,8,1640.31,0.07,29,9.7,1620.37,1.1,12203.91,0.113,1379.04,7,2021,3,3,0,0
ORD-00930,2021-07-25,Phone,East,Enterprise,5,1259.45,0.12,59,4.8,381.76,1.15,5541.58,0.388,2150.13,7,2021,3,5,1,0
ORD-00931,2021-07-25,Webcam,East,SMB,5,1921.41,0.15,48,0.1,2291.82,1.03,8165.99,0.205,1674.03,7,2021,3,7,1,3
ORD-00932,2021-07-25,Monitor,East,Enterprise,11,541.87,0.15,29,6.0,1626.2,1.16,5066.48,0.176,891.7,7,2021,3,3,1,0
ORD-00933,2021-07-25,Monitor,West,Retail,12,188.5,0.23,49,6.5,1101.51,0.81,1741.74,0.252,438.92,7,2021,3,3,4,2
ORD-00934,2021-07-25,Keyboard,South,Online,9,1010.26,0.06,42,8.3,1810.7,0.9,8546.8,0.147,1256.38,7,2021,3,1,3,1
ORD-00935,2021-07-25,Phone,Central,Enterprise,13,216.66,0.28,68,2.0,980.08,1.12,2027.94,0.254,515.1,7,2021,3,5,0,0
ORD-00936,2021-07-26,Phone,Central,SMB,3,560.49,0.1,46,5.2,1569.08,0.97,1513.32,0.141,213.38,7,2021,3,5,0,3
ORD-00937,2021-07-26,Laptop,East,Online,13,295.66,0.09,36,4.5,665.14,0.9,3497.66,0.293,1024.81,7,2021,3,2,1,1
ORD-00938,2021-07-26,Headphones,Central,Enterprise,11,487.06,0.21,39,6.6,513.13,1.12,4232.55,0.17,719.53,7,2021,3,0,0,0
ORD-00939,2021-07-27,Webcam,Central,Enterprise,11,256.98,0.24,41,0.6,4559.1,1.13,2148.35,0.152,326.55,7,2021,3,7,0,0
ORD-00940,2021-07-27,Phone,North,Online,7,1910.12,0.11,50,8.8,4523.55,0.98,11900.05,0.332,3950.82,7,2021,3,5,2,1
ORD-00941,2021-07-27,Laptop,Central,Enterprise,17,593.2,0.22,53,5.1,4157.23,0.99,7865.83,0.35,2753.04,7,2021,3,2,0,0
ORD-00942,2021-07-27,Webcam,West,SMB,16,915.6,0.27,62,8.8,1228.6,1.11,10694.21,0.102,1090.81,7,2021,3,7,4,3
ORD-00943,2021-07-27,Tablet,East,Retail,14,1802.29,0.23,57,3.4,3656.86,1.11,19428.69,0.255,4954.32,7,2021,3,6,1,2
ORD-00944,2021-07-28,Tablet,South,Retail,1,1370.78,0.01,63,6.5,2989.59,1.15,1357.07,0.131,177.78,7,2021,3,6,3,2
ORD-00945,2021-07-28,Webcam,South,Online,11,1255.17,0.25,33,9.6,351.04,1.06,10355.15,0.395,4090.28,7,2021,3,7,3,1
ORD-00946,2021-07-28,Tablet,North,Retail,13,1425.85,0.23,19,9.4,4507.97,0.87,14272.76,0.373,5323.74,7,2021,3,6,2,2
ORD-00947,2021-07-28,Mouse,South,Enterprise,1,1666.2,0.2,25,9.4,4990.11,1.02,1332.96,0.12,159.96,7,2021,3,4,3,0
ORD-00948,2021-07-29,Phone,South,Enterprise,2,1761.46,0.23,30,0.4,3572.74,0.95,2712.65,0.477,1293.93,7,2021,3,5,3,0
ORD-00949,2021-07-29,Mouse,East,SMB,9,1303.15,0.29,47,4.0,1234.39,0.81,8327.13,0.484,4030.33,7,2021,3,4,1,3
ORD-00950,2021-07-29,Headphones,East,Retail,13,1785.51,0.13,18,0.6,2816.61,0.88,20194.12,0.234,4725.42,7,2021,3,0,1,2
ORD-00951,2021-07-29,Phone,West,Online,5,1094.03,0.02,29,3.1,635.96,0.88,5360.75,0.152,814.83,7,2021,3,5,4,1
ORD-00952,2021-07-29,Laptop,North,Enterprise,9,590.72,0.14,66,1.7,1564.02,0.83,4572.17,0.146,667.54,7,2021,3,2,2,0
ORD-00953,2021-07-29,Mouse,South,Online,13,1766.15,0.01,24,6.2,3614.55,0.98,22730.35,0.436,9910.43,7,2021,3,4,3,1
ORD-00954,2021-07-30,Mouse,West,Enterprise,5,1105.87,0.09,65,7.8,1575.26,1.0,5031.71,0.284,1429.01,7,2021,3,4,4,0
ORD-00955,2021-07-30,Headphones,North,Enterprise,15,1816.97,0.18,31,5.1,821.31,0.94,22348.73,0.104,2324.27,7,2021,3,0,2,0
ORD-00956,2021-07-30,Mouse,South,SMB,7,128.33,0.09,59,8.0,136.61,0.96,817.46,0.47,384.21,7,2021,3,4,3,3
ORD-00957,2021-07-30,Monitor,South,Retail,14,825.16,0.21,52,0.1,2905.32,1.02,9126.27,0.337,3075.55,7,2021,3,3,3,2
ORD-00958,2021-07-30,Laptop,East,SMB,16,1898.22,0.25,45,8.2,4846.49,0.85,22778.64,0.376,8564.77,7,2021,3,2,1,3
ORD-00959,2021-07-31,Tablet,Central,Retail,6,536.82,0.13,29,1.8,2472.25,1.02,2802.2,0.429,1202.14,7,2021,3,6,0,2
ORD-00960,2021-07-31,Laptop,North,Online,2,1886.0,0.27,57,4.6,1141.8,1.08,2753.56,0.427,1175.77,7,2021,3,2,2,1
ORD-00961,2021-07-31,Monitor,South,Retail,16,1910.11,0.02,65,4.4,2370.07,1.15,29950.52,0.13,3893.57,7,2021,3,3,3,2
ORD-00962,2021-07-31,Headphones,North,Online,19,1770.18,0.25,41,8.7,3050.21,0.92,25225.06,0.33,8324.27,7,2021,3,0,2,1
ORD-00963,2021-08-01,Headphones,West,Enterprise,5,1149.15,0.25,18,9.7,4026.7,1.1,4309.31,0.378,1628.92,8,2021,3,0,4,0
ORD-00964,2021-08-01,Phone,West,Online,4,1311.53,0.1,34,2.6,2318.13,1.04,4721.51,0.134,632.68,8,2021,3,5,4,1
ORD-00965,2021-08-01,Laptop,Central,Online,14,1745.75,0.09,55,0.7,947.47,1.0,22240.86,0.189,4203.52,8,2021,3,2,0,1
ORD-00966,2021-08-01,Webcam,South,Enterprise,6,1563.0,0.09,45,6.5,1021.25,1.17,8533.98,0.258,2201.77,8,2021,3,7,3,0
ORD-00967,2021-08-02,Webcam,East,Online,8,1278.68,0.24,50,5.0,4508.66,1.05,7774.37,0.455,3537.34,8,2021,3,7,1,1
ORD-00968,2021-08-02,Headphones,South,Online,3,1965.41,0.25,41,5.7,1257.59,0.95,4422.17,0.44,1945.75,8,2021,3,0,3,1
ORD-00969,2021-08-02,Mouse,North,Enterprise,4,1387.07,0.1,64,0.5,3667.29,1.09,4993.45,0.413,2062.29,8,2021,3,4,2,0
ORD-00970,2021-08-02,Headphones,West,Enterprise,1,1952.19,0.18,62,7.8,1417.85,1.18,1600.8,0.496,794.0,8,2021,3,0,4,0
ORD-00971,2021-08-02,Headphones,North,Enterprise,2,161.91,0.04,23,2.3,3630.75,1.17,310.87,0.197,61.24,8,2021,3,0,2,0
ORD-00972,2021-08-03,Headphones,Central,Retail,13,320.97,0.14,38,3.3,483.98,1.19,3588.44,0.287,1029.88,8,2021,3,0,0,2
ORD-00973,2021-08-03,Headphones,West,Enterprise,9,930.34,0.3,62,2.3,1116.23,0.84,5861.14,0.279,1635.26,8,2021,3,0,4,0
ORD-00974,2021-08-03,Webcam,East,Enterprise,12,800.51,0.05,21,9.5,2102.64,0.98,9125.81,0.372,3394.8,8,2021,3,7,1,0
ORD-00975,2021-08-03,Webcam,West,Online,10,1576.33,0.28,50,1.7,2625.05,0.97,11349.58,0.44,4993.82,8,2021,3,7,4,1
ORD-00976,2021-08-04,Tablet,South,SMB,10,363.2,0.25,27,7.3,1829.46,0.95,2724.0,0.297,809.03,8,2021,3,6,3,3
ORD-00977,2021-08-04,Tablet,South,SMB,18,1953.39,0.29,53,2.5,2910.23,0.87,24964.32,0.297,7414.4,8,2021,3,6,3,3
ORD-00978,2021-08-04,Phone,West,Retail,12,664.38,0.05,30,4.2,1694.31,1.13,7573.93,0.343,2597.86,8,2021,3,5,4,2
ORD-00979,2021-08-04,Headphones,Central,Retail,16,886.4,0.06,53,10.0,3424.35,1.07,13331.46,0.397,5292.59,8,2021,3,0,0,2
ORD-00980,2021-08-04,Webcam,South,SMB,6,585.75,0.01,65,1.0,2604.91,1.04,3479.36,0.181,629.76,8,2021,3,7,3,3
ORD-00981,2021-08-04,Laptop,South,SMB,10,1179.76,0.22,26,8.8,3555.04,0.98,9202.13,0.485,4463.03,8,2021,3,2,3,3
ORD-00982,2021-08-04,Monitor,East,Enterprise,15,164.33,0.19,48,9.5,2211.8,0.96,1996.61,0.137,273.54,8,2021,3,3,1,0
ORD-00983,2021-08-05,Phone,West,Online,9,341.87,0.05,21,7.0,4394.85,1.11,2922.99,0.109,318.61,8,2021,3,5,4,1
ORD-00984,2021-08-05,Webcam,South,Enterprise,2,1504.31,0.24,37,0.1,1972.45,1.01,2286.55,0.244,557.92,8,2021,3,7,3,0
ORD-00985,2021-08-05,Laptop,Central,Retail,18,413.68,0.09,25,8.2,1609.85,1.04,6776.08,0.381,2581.69,8,2021,3,2,0,2
ORD-00986,2021-08-05,Headphones,North,SMB,12,509.25,0.04,44,8.8,2829.72,0.84,5866.56,0.491,2880.48,8,2021,3,0,2,3
ORD-00987,2021-08-05,Keyboard,West,Retail,3,1596.32,0.13,53,9.8,2594.95,0.99,4166.4,0.473,1970.71,8,2021,3,1,4,2
ORD-00988,2021-08-05,Headphones,East,Enterprise,7,231.94,0.03,26,8.4,2638.68,0.85,1574.87,0.375,590.58,8,2021,3,0,1,0
ORD-00989,2021-08-05,Tablet,South,Retail,9,903.07,0.08,60,4.5,4001.04,0.82,7477.42,0.275,2056.29,8,2021,3,6,3,2
ORD-00990,2021-08-06,Monitor,Central,Retail,8,94.97,0.11,41,6.9,2984.12,1.08,676.19,0.338,228.55,8,2021,3,3,0,2
ORD-00991,2021-08-06,Webcam,West,Online,6,726.27,0.26,54,4.9,4437.8,0.91,3224.64,0.487,1570.4,8,2021,3,7,4,1
ORD-00992,2021-08-06,Webcam,Central,Retail,1,1413.01,0.24,58,3.5,3133.58,1.19,1073.89,0.206,221.22,8,2021,3,7,0,2
ORD-00993,2021-08-06,Mouse,Central,Enterprise,14,225.7,0.13,57,6.3,206.34,1.04,2749.03,0.291,799.97,8,2021,3,4,0,0
ORD-00994,2021-08-06,Monitor,East,Online,16,1782.25,0.22,47,7.7,4364.93,1.06,22242.48,0.377,8385.41,8,2021,3,3,1,1
ORD-00995,2021-08-07,Mouse,West,Retail,16,1823.52,0.17,43,6.4,4214.94,0.88,24216.35,0.104,2518.5,8,2021,3,4,4,2
ORD-00996,2021-08-07,Monitor,South,Enterprise,4,254.73,0.1,21,8.3,339.36,0.85,917.03,0.253,232.01,8,2021,3,3,3,0
ORD-00997,2021-08-08,Tablet,East,SMB,6,1981.93,0.22,69,1.8,713.89,1.01,9275.43,0.327,3033.07,8,2021,3,6,1,3
ORD-00998,2021-08-08,Mouse,South,Online,15,630.18,0.21,18,3.7,2826.14,1.17,7467.63,0.46,3435.11,8,2021,3,4,3,1
ORD-00999,2021-08-08,Laptop,North,Retail,8,214.0,0.19,37,3.1,309.98,0.82,1386.72,0.497,689.2,8,2021,3,2,2,2
ORD-01000,2021-08-08,Mouse,Central,Retail,1,59.88,0.19,45,1.9,2114.72,1.0,48.5,0.323,15.67,8,2021,3,4,0,2
ORD-01001,2021-08-08,Phone,North,Online,13,846.62,0.2,62,4.4,4879.27,0.88,8804.85,0.478,4208.72,8,2021,3,5,2,1
ORD-01002,2021-08-09,Laptop,Central,Enterprise,18,1278.13,0.12,41,9.5,946.6,1.11,20245.58,0.14,2834.38,8,2021,3,2,0,0
ORD-01003,2021-08-09,Phone,East,Retail,18,697.75,0.26,45,5.4,1109.87,1.07,9294.03,0.381,3541.03,8,2021,3,5,1,2
ORD-01004,2021-08-09,Headphones,South,Enterprise,13,1681.6,0.05,45,2.9,3414.11,0.84,20767.76,0.26,5399.62,8,2021,3,0,3,0
ORD-01005,2021-08-09,Monitor,South,Online,14,1447.38,0.27,22,3.5,315.49,1.05,14792.22,0.4,5916.89,8,2021,3,3,3,1
ORD-01006,2021-08-10,Laptop,East,Retail,11,732.81,0.1,49,6.1,4121.36,1.19,7254.82,0.447,3242.9,8,2021,3,2,1,2
ORD-01007,2021-08-10,Monitor,West,SMB,7,1481.9,0.04,69,3.5,1075.25,1.01,9958.37,0.121,1204.96,8,2021,3,3,4,3
ORD-01008,2021-08-11,Headphones,North,SMB,18,1883.95,0.18,47,5.4,2704.62,0.91,27807.1,0.474,13180.57,8,2021,3,0,2,3
ORD-01009,2021-08-11,Keyboard,North,SMB,4,231.54,0.11,38,2.7,1318.94,0.86,824.28,0.127,104.68,8,2021,3,1,2,3
ORD-01010,2021-08-12,Webcam,South,Online,17,646.9,0.24,59,3.5,3328.52,1.2,8357.95,0.401,3351.54,8,2021,3,7,3,1
ORD-01011,2021-08-12,Monitor,South,Retail,19,953.49,0.13,33,7.1,2977.36,1.03,15761.19,0.128,2017.43,8,2021,3,3,3,2
ORD-01012,2021-08-12,Headphones,South,Online,14,1021.08,0.2,25,5.8,4737.55,0.95,11436.1,0.445,5089.06,8,2021,3,0,3,1
ORD-01013,2021-08-12,Monitor,East,Retail,10,1107.28,0.09,29,0.9,2283.44,0.89,10076.25,0.182,1833.88,8,2021,3,3,1,2
ORD-01014,2021-08-12,Headphones,West,SMB,6,636.22,0.06,49,9.7,4386.91,1.18,3588.28,0.274,983.19,8,2021,3,0,4,3
ORD-01015,2021-08-12,Phone,North,SMB,18,1351.16,0.12,42,0.5,2921.53,1.05,21402.37,0.473,10123.32,8,2021,3,5,2,3
ORD-01016,2021-08-13,Headphones,Central,Enterprise,4,1307.91,0.18,20,0.8,4580.87,0.82,4289.94,0.417,1788.9,8,2021,3,0,0,0
ORD-01017,2021-08-13,Mouse,East,Online,11,1176.75,0.2,43,7.0,1529.93,0.82,10355.4,0.414,4287.14,8,2021,3,4,1,1
ORD-01018,2021-08-13,Keyboard,North,Online,13,271.84,0.17,53,7.1,2793.83,1.18,2933.15,0.405,1187.93,8,2021,3,1,2,1
ORD-01019,2021-08-13,Monitor,West,Enterprise,8,980.09,0.3,34,0.2,2011.15,1.08,5488.5,0.328,1800.23,8,2021,3,3,4,0
ORD-01020,2021-08-14,Headphones,East,SMB,10,744.64,0.21,44,6.4,422.9,0.84,5882.66,0.481,2829.56,8,2021,3,0,1,3
ORD-01021,2021-08-14,Headphones,North,SMB,11,1007.53,0.28,69,0.3,2913.9,1.05,7979.64,0.433,3455.18,8,2021,3,0,2,3
ORD-01022,2021-08-14,Monitor,East,Online,3,1847.64,0.04,39,9.6,3991.72,0.97,5321.2,0.276,1468.65,8,2021,3,3,1,1
ORD-01023,2021-08-14,Webcam,North,Retail,15,987.04,0.02,62,7.0,2825.4,1.12,14509.49,0.397,5760.27,8,2021,3,7,2,2
ORD-01024,2021-08-14,Keyboard,North,SMB,8,77.26,0.09,55,1.9,1468.78,0.91,562.45,0.499,280.66,8,2021,3,1,2,3
ORD-01025,2021-08-15,Keyboard,West,Enterprise,18,905.73,0.04,52,1.6,1392.76,0.95,15651.01,0.448,7011.65,8,2021,3,1,4,0
ORD-01026,2021-08-15,Headphones,Central,Enterprise,1,1650.26,0.16,63,5.7,1265.41,0.87,1386.22,0.1,138.62,8,2021,3,0,0,0
ORD-01027,2021-08-15,Laptop,West,Enterprise,8,1571.12,0.16,24,6.3,4900.19,0.9,10557.93,0.395,4170.38,8,2021,3,2,4,0
ORD-01028,2021-08-15,Phone,North,Online,3,1051.11,0.17,20,8.3,2056.18,0.88,2617.26,0.459,1201.32,8,2021,3,5,2,1
ORD-01029,2021-08-15,Keyboard,East,Online,1,537.05,0.22,23,9.0,1652.66,0.81,418.9,0.231,96.77,8,2021,3,1,1,1
ORD-01030,2021-08-15,Keyboard,West,Online,16,956.92,0.29,30,3.9,2150.49,0.82,10870.61,0.491,5337.47,8,2021,3,1,4,1
ORD-01031,2021-08-15,Tablet,Central,Online,9,1149.22,0.26,63,8.4,667.41,1.13,7653.81,0.261,1997.64,8,2021,3,6,0,1
ORD-01032,2021-08-15,Mouse,North,Enterprise,17,1999.75,0.04,32,5.4,1060.5,1.12,32635.92,0.268,8746.43,8,2021,3,4,2,0
ORD-01033,2021-08-16,Keyboard,West,Enterprise,16,1306.15,0.1,43,4.7,2593.62,0.86,18808.56,0.164,3084.6,8,2021,3,1,4,0
ORD-01034,2021-08-16,Phone,West,Online,6,1403.82,0.08,65,7.0,4014.35,1.07,7749.09,0.139,1077.12,8,2021,3,5,4,1
ORD-01035,2021-08-16,Mouse,West,Online,7,1008.34,0.05,50,1.0,4394.49,1.1,6705.46,0.315,2112.22,8,2021,3,4,4,1
ORD-01036,2021-08-16,Mouse,West,Enterprise,16,741.25,0.16,32,2.7,4343.33,0.82,9962.4,0.341,3397.18,8,2021,3,4,4,0
ORD-01037,2021-08-17,Monitor,East,Online,8,1635.26,0.17,56,8.2,4729.28,0.84,10858.13,0.247,2681.96,8,2021,3,3,1,1
ORD-01038,2021-08-17,Monitor,Central,Online,10,1015.12,0.07,58,5.0,716.28,1.03,9440.62,0.343,3238.13,8,2021,3,3,0,1
ORD-01039,2021-08-18,Monitor,Central,Online,14,1989.65,0.21,64,9.1,300.75,0.95,22005.53,0.258,5677.43,8,2021,3,3,0,1
ORD-01040,2021-08-18,Monitor,North,Online,11,941.39,0.22,31,0.9,618.08,1.08,8077.13,0.447,3610.48,8,2021,3,3,2,1
ORD-01041,2021-08-18,Tablet,South,SMB,2,182.6,0.01,36,3.1,3043.64,1.02,361.55,0.482,174.27,8,2021,3,6,3,3
ORD-01042,2021-08-18,Keyboard,East,Online,12,1381.03,0.12,45,3.6,2824.98,0.81,14583.68,0.337,4914.7,8,2021,3,1,1,1
ORD-01043,2021-08-19,Monitor,North,Enterprise,13,140.95,0.27,41,4.2,3388.93,1.07,1337.62,0.437,584.54,8,2021,3,3,2,0
ORD-01044,2021-08-19,Headphones,North,Enterprise,15,538.48,0.16,67,9.9,1918.34,0.88,6784.85,0.441,2992.12,8,2021,3,0,2,0
ORD-01045,2021-08-19,Laptop,West,Enterprise,12,739.79,0.1,58,3.1,2018.79,0.93,7989.73,0.386,3084.04,8,2021,3,2,4,0
ORD-01046,2021-08-19,Monitor,South,Enterprise,13,1491.99,0.08,50,5.2,2773.32,1.09,17844.2,0.177,3158.42,8,2021,3,3,3,0
ORD-01047,2021-08-20,Keyboard,South,Online,8,1013.76,0.07,29,5.4,487.37,1.11,7542.37,0.162,1221.86,8,2021,3,1,3,1
ORD-01048,2021-08-20,Monitor,East,SMB,16,105.86,0.03,27,7.7,4019.37,0.94,1642.95,0.468,768.9,8,2021,3,3,1,3
ORD-01049,2021-08-20,Tablet,South,Retail,3,1252.86,0.25,24,5.2,4621.99,0.84,2818.94,0.206,580.7,8,2021,3,6,3,2
ORD-01050,2021-08-20,Phone,North,Retail,13,852.3,0.03,63,6.1,1997.99,1.11,10747.5,0.199,2138.75,8,2021,3,5,2,2
ORD-01051,2021-08-20,Phone,South,Retail,12,1847.58,0.09,18,7.5,3723.9,1.15,20175.57,0.166,3349.14,8,2021,3,5,3,2
ORD-01052,2021-08-21,Keyboard,South,Retail,19,1024.15,0.01,32,1.0,2789.29,1.19,19264.26,0.311,5991.18,8,2021,3,1,3,2
ORD-01053,2021-08-21,Headphones,Central,Enterprise,2,1432.5,0.23,18,9.6,1256.44,0.93,2206.05,0.371,818.44,8,2021,3,0,0,0
ORD-01054,2021-08-21,Phone,North,Online,1,476.79,0.01,62,8.5,432.21,0.85,472.02,0.37,174.65,8,2021,3,5,2,1
ORD-01055,2021-08-21,Webcam,South,Online,8,1533.9,0.09,37,3.9,1304.9,1.18,11166.79,0.204,2278.03,8,2021,3,7,3,1
ORD-01056,2021-08-21,Phone,South,Retail,9,1455.86,0.17,19,7.3,3064.04,0.96,10875.27,0.138,1500.79,8,2021,3,5,3,2
ORD-01057,2021-08-22,Laptop,West,Retail,8,1812.96,0.12,20,7.6,297.13,0.84,12763.24,0.224,2858.97,8,2021,3,2,4,2
ORD-01058,2021-08-23,Keyboard,South,SMB,17,115.95,0.08,53,8.5,4197.33,1.0,1813.46,0.301,545.85,8,2021,3,1,3,3
ORD-01059,2021-08-23,Headphones,South,SMB,9,922.63,0.08,33,1.9,4854.5,0.88,7639.38,0.345,2635.59,8,2021,3,0,3,3
ORD-01060,2021-08-23,Keyboard,Central,SMB,6,1374.35,0.24,46,7.0,509.16,0.94,6267.04,0.208,1303.54,8,2021,3,1,0,3
ORD-01061,2021-08-23,Phone,North,Enterprise,15,235.57,0.29,61,0.3,1308.82,0.93,2508.82,0.173,434.03,8,2021,3,5,2,0
ORD-01062,2021-08-23,Phone,East,Online,13,850.68,0.1,53,1.2,3410.6,1.19,9952.96,0.437,4349.44,8,2021,3,5,1,1
ORD-01063,2021-08-23,Phone,North,Enterprise,12,1887.19,0.01,61,7.8,4049.79,1.06,22419.82,0.443,9931.98,8,2021,3,5,2,0
ORD-01064,2021-08-24,Mouse,West,Enterprise,13,900.07,0.01,56,8.1,1795.37,1.0,11583.9,0.212,2455.79,8,2021,3,4,4,0
ORD-01065,2021-08-24,Tablet,North,Online,7,1971.54,0.23,69,5.9,2624.67,1.01,10626.6,0.324,3443.02,8,2021,3,6,2,1
ORD-01066,2021-08-24,Monitor,South,SMB,18,160.84,0.17,20,5.8,4469.62,1.04,2402.95,0.276,663.21,8,2021,3,3,3,3
ORD-01067,2021-08-24,Webcam,West,Online,14,1449.77,0.24,54,7.5,1983.55,1.15,15425.55,0.157,2421.81,8,2021,3,7,4,1
ORD-01068,2021-08-24,Tablet,North,Retail,11,1182.98,0.21,61,9.1,499.54,0.86,10280.1,0.476,4893.33,8,2021,3,6,2,2
ORD-01069,2021-08-25,Keyboard,West,SMB,14,1026.05,0.27,29,4.2,4974.98,1.04,10486.23,0.104,1090.57,8,2021,3,1,4,3
ORD-01070,2021-08-25,Webcam,East,Online,17,1943.15,0.27,37,1.1,983.37,0.93,24114.49,0.175,4220.04,8,2021,3,7,1,1
ORD-01071,2021-08-25,Laptop,North,Enterprise,2,302.82,0.24,40,8.4,339.03,1.03,460.29,0.238,109.55,8,2021,3,2,2,0
ORD-01072,2021-08-25,Monitor,South,Online,19,1797.2,0.14,39,3.4,2112.2,1.01,29366.25,0.443,13009.25,8,2021,3,3,3,1
ORD-01073,2021-08-26,Laptop,West,SMB,16,1397.92,0.09,49,1.3,695.17,0.81,20353.72,0.415,8446.79,8,2021,3,2,4,3
ORD-01074,2021-08-26,Headphones,Central,Retail,10,555.04,0.15,24,6.1,4895.79,1.03,4717.84,0.332,1566.32,8,2021,3,0,0,2
ORD-01075,2021-08-26,Mouse,West,Enterprise,8,1808.25,0.15,39,5.8,1965.89,1.08,12296.1,0.378,4647.93,8,2021,3,4,4,0
ORD-01076,2021-08-26,Keyboard,Central,Retail,5,887.13,0.18,61,4.7,4146.47,0.9,3637.23,0.236,858.39,8,2021,3,1,0,2
ORD-01077,2021-08-26,Mouse,South,Retail,7,1637.74,0.06,19,8.6,965.37,0.84,10776.33,0.476,5129.53,8,2021,3,4,3,2
ORD-01078,2021-08-27,Keyboard,East,Enterprise,13,808.23,0.2,31,2.7,780.19,0.88,8405.59,0.111,933.02,8,2021,3,1,1,0
ORD-01079,2021-08-27,Laptop,Central,Online,16,1709.32,0.14,33,0.1,3281.54,1.05,23520.24,0.14,3292.83,8,2021,3,2,0,1
ORD-01080,2021-08-27,Laptop,East,Online,5,1291.43,0.19,41,3.2,4555.62,0.99,5230.29,0.47,2458.24,8,2021,3,2,1,1
ORD-01081,2021-08-27,Laptop,West,Retail,16,325.04,0.07,24,0.1,661.23,1.15,4836.6,0.478,2311.89,8,2021,3,2,4,2
ORD-01082,2021-08-27,Keyboard,South,Online,15,1316.84,0.13,21,5.4,2987.34,0.91,17184.76,0.296,5086.69,8,2021,3,1,3,1
ORD-01083,2021-08-29,Phone,Central,SMB,9,423.12,0.06,69,3.8,516.2,0.95,3579.6,0.331,1184.85,8,2021,3,5,0,3
ORD-01084,2021-08-30,Laptop,West,Retail,12,853.25,0.26,54,8.1,4079.6,1.01,7576.86,0.461,3492.93,8,2021,3,2,4,2
ORD-01085,2021-08-30,Mouse,North,Retail,8,382.08,0.15,63,8.0,4555.6,0.98,2598.14,0.441,1145.78,8,2021,3,4,2,2
ORD-01086,2021-08-30,Headphones,West,Retail,13,92.93,0.07,58,4.3,3181.09,1.02,1123.52,0.445,499.97,8,2021,3,0,4,2
ORD-01087,2021-08-30,Monitor,East,SMB,5,463.18,0.01,22,2.2,3472.88,0.92,2292.74,0.249,570.89,8,2021,3,3,1,3
ORD-01088,2021-08-30,Keyboard,South,Retail,14,1095.93,0.2,19,4.2,371.64,0.87,12274.42,0.432,5302.55,8,2021,3,1,3,2
ORD-01089,2021-08-30,Webcam,South,Online,16,989.04,0.06,22,6.4,457.59,1.12,14875.16,0.128,1904.02,8,2021,3,7,3,1
ORD-01090,2021-08-30,Mouse,West,Online,11,1027.92,0.3,20,1.9,980.39,0.82,7914.98,0.295,2334.92,8,2021,3,4,4,1
ORD-01091,2021-08-31,Tablet,North,Online,12,532.99,0.16,59,7.7,1441.76,0.95,5372.54,0.195,1047.65,8,2021,3,6,2,1
ORD-01092,2021-08-31,Headphones,East,Online,15,1386.06,0.09,25,3.3,3823.29,0.83,18919.72,0.114,2156.85,8,2021,3,0,1,1
ORD-01093,2021-08-31,Tablet,West,Retail,12,1423.31,0.2,43,9.3,2233.6,1.09,13663.78,0.347,4741.33,8,2021,3,6,4,2
ORD-01094,2021-09-01,Monitor,West,SMB,9,748.04,0.08,27,5.1,483.42,0.95,6193.77,0.13,805.19,9,2021,3,3,4,3
ORD-01095,2021-09-01,Phone,South,Enterprise,1,1768.28,0.25,51,8.5,4277.96,0.81,1326.21,0.148,196.28,9,2021,3,5,3,0
ORD-01096,2021-09-01,Laptop,East,Online,3,1305.85,0.09,63,6.2,4969.75,0.83,3564.97,0.133,474.14,9,2021,3,2,1,1
ORD-01097,2021-09-02,Keyboard,North,Enterprise,12,1440.43,0.3,53,5.5,2329.63,0.88,12099.61,0.49,5928.81,9,2021,3,1,2,0
ORD-01098,2021-09-02,Mouse,South,Enterprise,13,590.81,0.18,29,6.8,2607.64,1.11,6298.03,0.116,730.57,9,2021,3,4,3,0
ORD-01099,2021-09-02,Webcam,West,Retail,6,51.19,0.25,37,8.1,484.7,1.12,230.36,0.208,47.91,9,2021,3,7,4,2
ORD-01100,2021-09-02,Laptop,South,Online,10,1737.48,0.02,46,6.4,1976.79,1.2,17027.3,0.361,6146.86,9,2021,3,2,3,1
ORD-01101,2021-09-02,Mouse,South,Online,10,1653.73,0.1,31,8.0,1921.84,0.9,14883.57,0.429,6385.05,9,2021,3,4,3,1
ORD-01102,2021-09-02,Keyboard,Central,Online,16,290.22,0.22,65,1.9,4832.38,0.82,3621.95,0.343,1242.33,9,2021,3,1,0,1
ORD-01103,2021-09-02,Tablet,South,Enterprise,1,779.51,0.2,22,2.8,3336.11,0.91,623.61,0.491,306.19,9,2021,3,6,3,0
ORD-01104,2021-09-03,Laptop,South,Online,16,1339.61,0.06,65,2.3,3932.7,0.87,20147.73,0.235,4734.72,9,2021,3,2,3,1
ORD-01105,2021-09-03,Monitor,East,Online,4,1321.62,0.11,44,8.0,728.83,1.08,4704.97,0.289,1359.74,9,2021,3,3,1,1
ORD-01106,2021-09-03,Phone,South,SMB,6,1727.68,0.08,21,0.9,2142.94,1.19,9536.79,0.429,4091.28,9,2021,3,5,3,3
ORD-01107,2021-09-04,Monitor,North,Retail,19,323.52,0.18,46,8.0,1038.61,0.91,5040.44,0.373,1880.08,9,2021,3,3,2,2
ORD-01108,2021-09-04,Phone,West,Online,2,888.38,0.1,20,3.9,4314.93,0.93,1599.08,0.186,297.43,9,2021,3,5,4,1
ORD-01109,2021-09-04,Headphones,East,Online,18,239.59,0.09,50,0.8,846.62,0.94,3924.48,0.299,1173.42,9,2021,3,0,1,1
ORD-01110,2021-09-04,Mouse,South,Retail,10,809.71,0.06,47,4.2,2250.47,1.14,7611.27,0.49,3729.52,9,2021,3,4,3,2
ORD-01111,2021-09-04,Laptop,North,Retail,4,79.46,0.12,53,3.0,362.89,1.03,279.7,0.445,124.47,9,2021,3,2,2,2
ORD-01112,2021-09-04,Laptop,West,Enterprise,1,1801.63,0.06,26,5.9,3208.04,1.19,1693.53,0.177,299.75,9,2021,3,2,4,0
ORD-01113,2021-09-04,Headphones,East,Enterprise,15,1077.74,0.29,18,4.7,2461.43,1.05,11477.93,0.172,1974.2,9,2021,3,0,1,0
ORD-01114,2021-09-05,Phone,North,Enterprise,10,1707.11,0.05,65,3.0,2540.04,1.08,16217.54,0.431,6989.76,9,2021,3,5,2,0
ORD-01115,2021-09-05,Tablet,South,Retail,18,166.81,0.27,40,8.6,597.93,0.84,2191.88,0.18,394.54,9,2021,3,6,3,2
ORD-01116,2021-09-06,Keyboard,Central,SMB,16,493.54,0.13,20,4.1,2618.51,1.18,6870.08,0.281,1930.49,9,2021,3,1,0,3
ORD-01117,2021-09-06,Monitor,Central,Online,13,555.79,0.11,49,4.7,2862.54,1.05,6430.49,0.172,1106.04,9,2021,3,3,0,1
ORD-01118,2021-09-06,Headphones,East,Retail,15,804.05,0.07,41,8.5,4817.92,1.01,11216.5,0.106,1188.95,9,2021,3,0,1,2
ORD-01119,2021-09-07,Webcam,North,SMB,2,1615.59,0.19,23,0.9,262.79,0.95,2617.26,0.45,1177.77,9,2021,3,7,2,3
ORD-01120,2021-09-07,Webcam,West,Retail,4,803.79,0.21,30,3.9,4621.3,0.83,2539.98,0.412,1046.47,9,2021,3,7,4,2
ORD-01121,2021-09-07,Mouse,North,SMB,1,449.07,0.14,66,4.0,2449.87,0.85,386.2,0.288,111.23,9,2021,3,4,2,3
ORD-01122,2021-09-07,Headphones,Central,Retail,7,176.73,0.02,32,5.0,1129.56,0.8,1212.37,0.164,198.83,9,2021,3,0,0,2
ORD-01123,2021-09-07,Monitor,East,Retail,11,205.01,0.28,47,1.1,3361.18,1.2,1623.68,0.423,686.82,9,2021,3,3,1,2
ORD-01124,2021-09-08,Monitor,South,SMB,10,1532.09,0.29,29,1.0,2633.56,1.11,10877.84,0.244,2654.19,9,2021,3,3,3,3
ORD-01125,2021-09-08,Mouse,North,SMB,1,917.37,0.13,57,4.2,1211.1,1.12,798.11,0.365,291.31,9,2021,3,4,2,3
ORD-01126,2021-09-08,Mouse,Central,SMB,11,1466.05,0.18,65,0.3,3171.45,1.09,13223.77,0.227,3001.8,9,2021,3,4,0,3
ORD-01127,2021-09-08,Laptop,West,SMB,10,1380.46,0.14,52,2.5,2418.99,0.99,11871.96,0.273,3241.05,9,2021,3,2,4,3
ORD-01128,2021-09-08,Monitor,East,SMB,14,313.96,0.1,45,2.0,3476.17,0.84,3955.9,0.314,1242.15,9,2021,3,3,1,3
ORD-01129,2021-09-08,Keyboard,South,SMB,14,328.63,0.02,21,4.9,3476.48,0.83,4508.8,0.405,1826.06,9,2021,3,1,3,3
ORD-01130,2021-09-09,Webcam,North,SMB,7,1522.92,0.14,24,0.1,2416.8,1.17,9167.98,0.433,3969.74,9,2021,3,7,2,3
ORD-01131,2021-09-10,Keyboard,West,SMB,11,1456.47,0.25,64,6.8,2014.9,0.8,12015.88,0.277,3328.4,9,2021,3,1,4,3
ORD-01132,2021-09-10,Phone,South,Retail,4,787.16,0.01,60,8.6,409.9,1.08,3117.15,0.193,601.61,9,2021,3,5,3,2
ORD-01133,2021-09-10,Headphones,Central,SMB,2,200.97,0.17,33,7.1,2519.85,1.05,333.61,0.161,53.71,9,2021,3,0,0,3
ORD-01134,2021-09-10,Mouse,Central,SMB,7,73.59,0.26,39,8.2,1291.26,1.0,381.2,0.236,89.96,9,2021,3,4,0,3
ORD-01135,2021-09-10,Laptop,West,Retail,19,611.91,0.07,63,6.4,360.91,1.19,10812.45,0.421,4552.04,9,2021,3,2,4,2
ORD-01136,2021-09-10,Keyboard,Central,Retail,14,67.98,0.05,62,5.1,1718.86,0.88,904.13,0.21,189.87,9,2021,3,1,0,2
ORD-01137,2021-09-10,Tablet,East,Enterprise,19,498.64,0.23,58,2.2,528.6,1.11,7295.1,0.119,868.12,9,2021,3,6,1,0
ORD-01138,2021-09-11,Webcam,West,Enterprise,7,868.03,0.08,42,2.8,2940.73,1.07,5590.11,0.326,1822.38,9,2021,3,7,4,0
ORD-01139,2021-09-11,Laptop,Central,SMB,12,286.76,0.06,67,3.2,2567.98,1.19,3234.65,0.113,365.52,9,2021,3,2,0,3
ORD-01140,2021-09-11,Laptop,North,SMB,3,253.34,0.11,20,0.4,3982.9,1.17,676.42,0.454,307.09,9,2021,3,2,2,3
ORD-01141,2021-09-11,Keyboard,Central,Enterprise,15,1798.05,0.12,69,9.1,1411.4,0.85,23734.26,0.371,8805.41,9,2021,3,1,0,0
ORD-01142,2021-09-11,Tablet,East,Enterprise,5,1191.67,0.26,39,9.0,1920.49,0.92,4409.18,0.203,895.06,9,2021,3,6,1,0
ORD-01143,2021-09-11,Phone,South,Online,8,1872.19,0.19,48,1.1,3475.86,1.14,12131.79,0.288,3493.96,9,2021,3,5,3,1
ORD-01144,2021-09-12,Keyboard,South,Online,14,724.36,0.12,54,5.6,4965.43,0.89,8924.12,0.396,3533.95,9,2021,3,1,3,1
ORD-01145,2021-09-13,Tablet,Central,SMB,4,1370.43,0.16,39,4.7,4530.43,0.95,4604.64,0.466,2145.76,9,2021,3,6,0,3
ORD-01146,2021-09-13,Laptop,South,Online,7,449.15,0.29,44,6.8,2652.04,1.05,2232.28,0.45,1004.53,9,2021,3,2,3,1
ORD-01147,2021-09-13,Webcam,Central,Enterprise,7,1255.76,0.03,19,6.0,3421.94,1.03,8526.61,0.128,1091.41,9,2021,3,7,0,0
ORD-01148,2021-09-14,Tablet,East,SMB,18,302.69,0.06,39,1.2,2706.42,1.06,5121.51,0.132,676.04,9,2021,3,6,1,3
ORD-01149,2021-09-14,Laptop,South,Retail,14,54.06,0.29,34,6.6,2230.55,1.09,537.36,0.339,182.17,9,2021,3,2,3,2
ORD-01150,2021-09-15,Headphones,North,Retail,8,1866.49,0.29,65,6.1,3051.26,1.09,10601.66,0.299,3169.9,9,2021,3,0,2,2
ORD-01151,2021-09-15,Keyboard,Central,Enterprise,12,1132.04,0.05,37,5.3,1993.85,1.1,12905.26,0.217,2800.44,9,2021,3,1,0,0
ORD-01152,2021-09-15,Mouse,South,Online,10,1857.53,0.04,41,4.0,1472.92,1.2,17832.29,0.49,8737.82,9,2021,3,4,3,1
ORD-01153,2021-09-15,Keyboard,East,Retail,14,700.97,0.13,62,9.5,3557.8,0.94,8537.81,0.399,3406.59,9,2021,3,1,1,2
ORD-01154,2021-09-16,Headphones,East,Online,9,689.18,0.01,48,8.5,4372.67,0.82,6140.59,0.375,2302.72,9,2021,3,0,1,1
ORD-01155,2021-09-16,Monitor,North,Retail,6,831.28,0.2,69,5.9,1511.32,0.94,3990.14,0.173,690.29,9,2021,3,3,2,2
ORD-01156,2021-09-16,Monitor,East,Online,5,1426.78,0.02,60,0.1,3563.77,1.16,6991.22,0.214,1496.12,9,2021,3,3,1,1
ORD-01157,2021-09-16,Monitor,East,Retail,1,1153.33,0.02,25,4.3,2226.69,0.83,1130.26,0.342,386.55,9,2021,3,3,1,2
ORD-01158,2021-09-17,Keyboard,South,Retail,1,1854.44,0.15,22,7.0,1580.22,1.06,1576.27,0.418,658.88,9,2021,3,1,3,2
ORD-01159,2021-09-17,Phone,Central,SMB,17,99.61,0.29,19,1.2,3143.44,0.97,1202.29,0.472,567.48,9,2021,3,5,0,3
ORD-01160,2021-09-17,Keyboard,West,SMB,11,1430.98,0.13,21,4.1,4703.13,1.17,13694.48,0.379,5190.21,9,2021,3,1,4,3
ORD-01161,2021-09-17,Webcam,East,Enterprise,12,694.14,0.11,52,1.9,1823.29,1.17,7413.42,0.267,1979.38,9,2021,3,7,1,0
ORD-01162,2021-09-18,Headphones,East,Retail,3,401.46,0.3,51,3.4,3821.45,1.11,843.07,0.376,316.99,9,2021,3,0,1,2
ORD-01163,2021-09-18,Webcam,West,Online,6,1045.27,0.16,20,0.3,1642.02,0.84,5268.16,0.128,674.32,9,2021,3,7,4,1
ORD-01164,2021-09-18,Headphones,East,Retail,11,1034.87,0.11,65,1.3,4038.96,0.81,10131.38,0.34,3444.67,9,2021,3,0,1,2
ORD-01165,2021-09-18,Mouse,South,Online,13,317.17,0.12,37,4.5,3823.93,0.85,3628.42,0.458,1661.82,9,2021,3,4,3,1
ORD-01166,2021-09-18,Tablet,South,Online,11,443.7,0.06,26,9.0,3851.6,0.93,4587.86,0.355,1628.69,9,2021,3,6,3,1
ORD-01167,2021-09-19,Keyboard,West,Retail,8,845.92,0.15,23,4.9,4988.77,0.9,5752.26,0.103,592.48,9,2021,3,1,4,2
ORD-01168,2021-09-19,Keyboard,East,Online,10,847.18,0.13,64,4.5,788.54,0.95,7370.47,0.378,2786.04,9,2021,3,1,1,1
ORD-01169,2021-09-19,Laptop,East,Enterprise,2,669.24,0.08,22,7.9,2005.31,0.86,1231.4,0.391,481.48,9,2021,3,2,1,0
ORD-01170,2021-09-19,Headphones,Central,SMB,14,339.66,0.05,58,2.7,3190.98,1.1,4517.48,0.316,1427.52,9,2021,3,0,0,3
ORD-01171,2021-09-19,Laptop,East,Online,16,58.53,0.09,55,1.0,2993.33,1.14,852.2,0.426,363.04,9,2021,3,2,1,1
ORD-01172,2021-09-19,Laptop,South,Retail,17,1941.96,0.15,52,2.1,3925.1,1.0,28061.32,0.181,5079.1,9,2021,3,2,3,2
ORD-01173,2021-09-20,Keyboard,North,SMB,11,1889.82,0.02,48,7.9,329.86,1.18,20372.26,0.264,5378.28,9,2021,3,1,2,3
ORD-01174,2021-09-20,Phone,North,Enterprise,2,993.12,0.05,30,6.8,3554.75,0.85,1886.93,0.423,798.17,9,2021,3,5,2,0
ORD-01175,2021-09-20,Tablet,North,Online,5,1990.35,0.28,43,0.9,3714.85,0.84,7165.26,0.341,2443.35,9,2021,3,6,2,1
ORD-01176,2021-09-20,Tablet,North,Online,16,1363.63,0.16,39,6.7,399.4,0.88,18327.19,0.498,9126.94,9,2021,3,6,2,1
ORD-01177,2021-09-21,Webcam,East,SMB,16,184.27,0.02,49,9.3,2739.54,1.19,2889.35,0.128,369.84,9,2021,3,7,1,3
ORD-01178,2021-09-21,Headphones,East,Online,2,279.55,0.21,32,0.4,1300.46,0.97,441.69,0.198,87.45,9,2021,3,0,1,1
ORD-01179,2021-09-22,Mouse,Central,Retail,16,1836.42,0.02,28,6.2,4027.97,1.17,28795.07,0.18,5183.11,9,2021,3,4,0,2
ORD-01180,2021-09-22,Headphones,East,SMB,5,1278.6,0.22,33,3.8,343.11,0.88,4986.54,0.491,2448.39,9,2021,3,0,1,3
ORD-01181,2021-09-22,Phone,North,SMB,8,1694.21,0.22,64,5.0,816.2,1.14,10571.87,0.448,4736.2,9,2021,3,5,2,3
ORD-01182,2021-09-22,Phone,West,Online,14,1801.63,0.2,23,5.3,611.82,0.92,20178.26,0.153,3087.27,9,2021,3,5,4,1
ORD-01183,2021-09-22,Tablet,West,Enterprise,10,923.49,0.22,63,7.7,419.57,1.09,7203.22,0.242,1743.18,9,2021,3,6,4,0
ORD-01184,2021-09-23,Monitor,South,Enterprise,2,144.63,0.03,28,5.6,3040.36,1.19,280.58,0.121,33.95,9,2021,3,3,3,0
ORD-01185,2021-09-23,Laptop,South,Enterprise,3,417.15,0.22,69,5.9,4355.88,1.17,976.13,0.353,344.57,9,2021,3,2,3,0
ORD-01186,2021-09-23,Laptop,East,Enterprise,18,179.82,0.04,27,3.3,2603.77,1.13,3107.29,0.232,720.89,9,2021,3,2,1,0
ORD-01187,2021-09-23,Tablet,West,SMB,2,418.04,0.1,33,1.3,1131.85,0.82,752.47,0.203,152.75,9,2021,3,6,4,3
ORD-01188,2021-09-24,Headphones,North,SMB,9,850.54,0.28,29,6.8,1784.6,1.04,5511.5,0.309,1703.05,9,2021,3,0,2,3
ORD-01189,2021-09-24,Phone,North,Online,2,280.48,0.15,24,0.0,1865.79,1.13,476.82,0.418,199.31,9,2021,3,5,2,1
ORD-01190,2021-09-24,Headphones,North,Enterprise,7,375.13,0.29,56,3.3,2313.01,0.96,1864.4,0.262,488.47,9,2021,3,0,2,0
ORD-01191,2021-09-24,Mouse,East,Enterprise,7,919.35,0.03,44,2.2,2160.64,1.09,6242.39,0.403,2515.68,9,2021,3,4,1,0
ORD-01192,2021-09-24,Monitor,East,Online,14,713.33,0.14,41,3.9,3388.64,0.86,8588.49,0.278,2387.6,9,2021,3,3,1,1
ORD-01193,2021-09-25,Tablet,Central,Online,5,961.93,0.02,67,3.1,1765.57,0.87,4713.46,0.186,876.7,9,2021,3,6,0,1
ORD-01194,2021-09-25,Laptop,North,Online,8,886.89,0.19,32,7.0,3348.53,1.06,5747.05,0.278,1597.68,9,2021,3,2,2,1
ORD-01195,2021-09-25,Keyboard,North,Retail,18,1306.73,0.02,23,2.6,2779.19,0.97,23050.72,0.315,7260.98,9,2021,3,1,2,2
ORD-01196,2021-09-25,Headphones,East,Online,6,1877.52,0.05,36,5.6,337.69,0.89,10701.86,0.285,3050.03,9,2021,3,0,1,1
ORD-01197,2021-09-25,Phone,East,Online,14,260.34,0.08,25,4.6,4606.39,0.91,3353.18,0.21,704.17,9,2021,3,5,1,1
ORD-01198,2021-09-25,Keyboard,Central,Retail,18,243.56,0.22,69,8.0,971.99,1.05,3419.58,0.174,595.01,9,2021,3,1,0,2
ORD-01199,2021-09-26,Mouse,Central,Enterprise,17,1712.97,0.05,64,4.3,2312.49,1.09,27664.47,0.479,13251.28,9,2021,3,4,0,0
ORD-01200,2021-09-26,Tablet,South,SMB,9,1037.47,0.25,53,8.6,4743.23,0.88,7002.92,0.219,1533.64,9,2021,3,6,3,3
ORD-01201,2021-09-26,Headphones,West,Enterprise,13,1544.49,0.04,67,0.0,1311.93,1.18,19275.24,0.382,7363.14,9,2021,3,0,4,0
ORD-01202,2021-09-27,Laptop,North,SMB,16,470.07,0.01,30,6.0,208.61,0.8,7445.91,0.236,1757.23,9,2021,3,2,2,3
ORD-01203,2021-09-27,Headphones,North,SMB,10,1666.28,0.12,50,0.1,2501.24,1.08,14663.26,0.488,7155.67,9,2021,3,0,2,3
ORD-01204,2021-09-27,Monitor,Central,Online,10,1851.5,0.29,49,7.1,1197.26,0.92,13145.65,0.495,6507.1,9,2021,3,3,0,1
ORD-01205,2021-09-27,Webcam,Central,Online,4,1289.19,0.03,45,2.3,2951.93,0.99,5002.06,0.43,2150.89,9,2021,3,7,0,1
ORD-01206,2021-09-27,Keyboard,South,Retail,12,256.46,0.03,57,3.8,4103.83,1.03,2985.19,0.333,994.07,9,2021,3,1,3,2
ORD-01207,2021-09-27,Monitor,West,Enterprise,8,1795.82,0.23,68,3.8,2604.98,1.02,11062.25,0.317,3506.73,9,2021,3,3,4,0
ORD-01208,2021-09-27,Mouse,South,Enterprise,15,1595.35,0.09,66,8.5,3260.64,1.11,21776.53,0.232,5052.15,9,2021,3,4,3,0
ORD-01209,2021-09-28,Laptop,West,SMB,19,1514.21,0.22,27,1.0,3364.15,1.13,22440.59,0.149,3343.65,9,2021,3,2,4,3
ORD-01210,2021-09-28,Keyboard,North,Online,15,121.62,0.06,50,6.7,4120.62,0.83,1714.84,0.132,226.36,9,2021,3,1,2,1
ORD-01211,2021-09-28,Mouse,South,Online,8,1607.98,0.14,18,9.8,3470.84,1.08,11062.9,0.286,3163.99,9,2021,3,4,3,1
ORD-01212,2021-09-28,Monitor,Central,Enterprise,8,319.0,0.08,38,0.2,4883.24,0.96,2347.84,0.492,1155.14,9,2021,3,3,0,0
ORD-01213,2021-09-29,Monitor,South,Retail,19,483.65,0.14,22,9.7,2335.44,1.13,7902.84,0.199,1572.67,9,2021,3,3,3,2
ORD-01214,2021-09-29,Webcam,South,Online,9,1175.41,0.23,18,0.2,346.27,1.04,8145.59,0.264,2150.44,9,2021,3,7,3,1
ORD-01215,2021-09-29,Keyboard,North,Retail,17,566.71,0.23,38,8.4,2030.73,0.8,7418.23,0.357,2648.31,9,2021,3,1,2,2
ORD-01216,2021-09-29,Laptop,Central,Enterprise,8,1339.63,0.15,42,9.6,4215.4,1.07,9109.48,0.24,2186.28,9,2021,3,2,0,0
ORD-01217,2021-09-29,Monitor,Central,Enterprise,12,1235.74,0.28,37,9.9,752.03,1.17,10676.79,0.101,1078.36,9,2021,3,3,0,0
ORD-01218,2021-09-30,Tablet,East,Retail,15,260.89,0.08,62,4.6,3706.11,0.83,3600.28,0.258,928.87,9,2021,3,6,1,2
ORD-01219,2021-09-30,Webcam,East,Online,4,1329.23,0.07,26,8.7,2724.74,1.0,4944.74,0.422,2086.68,9,2021,3,7,1,1
ORD-01220,2021-09-30,Mouse,East,Enterprise,6,1851.71,0.18,33,1.2,4513.26,1.05,9110.41,0.478,4354.78,9,2021,3,4,1,0
ORD-01221,2021-09-30,Keyboard,North,SMB,16,364.16,0.19,45,4.3,3682.83,0.88,4719.51,0.21,991.1,9,2021,3,1,2,3
ORD-01222,2021-09-30,Phone,South,Enterprise,5,1214.27,0.01,57,3.1,3336.57,1.06,6010.64,0.469,2818.99,9,2021,3,5,3,0
ORD-01223,2021-09-30,Phone,Central,Online,13,716.64,0.18,63,4.0,4445.7,0.82,7639.38,0.447,3414.8,9,2021,3,5,0,1
ORD-01224,2021-09-30,Laptop,Central,SMB,15,946.24,0.11,66,7.0,4550.28,1.16,12632.3,0.263,3322.29,9,2021,3,2,0,3
ORD-01225,2021-10-01,Tablet,South,Enterprise,17,609.65,0.22,53,0.9,1986.09,1.11,8083.96,0.102,824.56,10,2021,4,6,3,0
ORD-01226,2021-10-01,Monitor,Central,Online,5,740.55,0.24,56,10.0,4646.45,1.18,2814.09,0.438,1232.57,10,2021,4,3,0,1
ORD-01227,2021-10-01,Phone,South,Online,19,106.38,0.17,66,6.4,368.02,0.97,1677.61,0.215,360.69,10,2021,4,5,3,1
ORD-01228,2021-10-01,Laptop,North,Enterprise,7,1964.03,0.0,41,8.7,3836.58,0.81,13748.21,0.402,5526.78,10,2021,4,2,2,0
ORD-01229,2021-10-01,Mouse,North,Online,3,1268.36,0.19,33,8.3,1749.0,0.94,3082.11,0.329,1014.01,10,2021,4,4,2,1
ORD-01230,2021-10-01,Webcam,North,Retail,13,1026.38,0.22,31,7.7,2488.25,1.01,10407.49,0.189,1967.02,10,2021,4,7,2,2
ORD-01231,2021-10-02,Tablet,South,SMB,14,798.24,0.07,65,0.4,4195.17,1.17,10393.08,0.359,3731.12,10,2021,4,6,3,3
ORD-01232,2021-10-02,Tablet,South,Retail,16,1101.78,0.14,51,5.2,3221.49,1.15,15160.49,0.406,6155.16,10,2021,4,6,3,2
ORD-01233,2021-10-03,Headphones,West,Enterprise,13,791.21,0.29,41,3.3,2341.71,1.04,7302.87,0.29,2117.83,10,2021,4,0,4,0
ORD-01234,2021-10-03,Laptop,Central,Retail,2,751.82,0.09,64,1.1,903.27,1.09,1368.31,0.399,545.96,10,2021,4,2,0,2
ORD-01235,2021-10-03,Laptop,Central,Enterprise,14,954.7,0.07,28,3.4,4702.4,1.18,12430.19,0.262,3256.71,10,2021,4,2,0,0
ORD-01236,2021-10-03,Headphones,West,Enterprise,7,588.17,0.06,62,6.4,1729.14,1.14,3870.16,0.492,1904.12,10,2021,4,0,4,0
ORD-01237,2021-10-03,Webcam,West,Online,5,401.1,0.17,53,2.3,595.69,1.06,1664.56,0.196,326.25,10,2021,4,7,4,1
ORD-01238,2021-10-04,Monitor,North,Online,14,1135.38,0.28,18,4.4,2864.32,1.02,11444.63,0.411,4703.74,10,2021,4,3,2,1
ORD-01239,2021-10-04,Laptop,West,Enterprise,9,1693.39,0.18,64,4.0,2090.77,0.99,12497.22,0.4,4998.89,10,2021,4,2,4,0
ORD-01240,2021-10-04,Headphones,South,SMB,10,348.01,0.09,29,0.5,2993.5,1.1,3166.89,0.312,988.07,10,2021,4,0,3,3
ORD-01241,2021-10-04,Monitor,East,SMB,7,113.83,0.19,38,6.3,1244.3,1.12,645.42,0.24,154.9,10,2021,4,3,1,3
ORD-01242,2021-10-04,Webcam,South,SMB,14,531.28,0.19,26,6.2,1955.77,0.89,6024.72,0.278,1674.87,10,2021,4,7,3,3
ORD-01243,2021-10-04,Monitor,West,Retail,14,1960.46,0.18,56,9.7,4865.29,0.99,22506.08,0.352,7922.14,10,2021,4,3,4,2
ORD-01244,2021-10-04,Keyboard,Central,Enterprise,2,1666.08,0.05,20,3.0,4689.03,1.11,3165.55,0.312,987.65,10,2021,4,1,0,0
ORD-01245,2021-10-04,Tablet,South,Online,17,1211.94,0.19,33,4.2,4335.47,1.07,16688.41,0.405,6758.81,10,2021,4,6,3,1
ORD-01246,2021-10-04,Mouse,Central,Retail,4,1862.04,0.13,21,4.0,3917.69,1.04,6479.9,0.244,1581.1,10,2021,4,4,0,2
ORD-01247,2021-10-05,Tablet,South,Retail,13,918.29,0.01,43,9.2,867.14,0.93,11818.39,0.143,1690.03,10,2021,4,6,3,2
ORD-01248,2021-10-05,Tablet,Central,Online,18,1967.4,0.16,63,4.1,2387.96,1.04,29747.09,0.302,8983.62,10,2021,4,6,0,1
ORD-01249,2021-10-05,Keyboard,South,Enterprise,3,627.79,0.3,30,4.4,3666.72,1.04,1318.36,0.204,268.95,10,2021,4,1,3,0
ORD-01250,2021-10-05,Monitor,Central,Retail,19,518.6,0.1,37,2.5,1382.66,0.97,8868.06,0.347,3077.22,10,2021,4,3,0,2
ORD-01251,2021-10-05,Monitor,East,Enterprise,5,1294.19,0.29,36,0.0,262.06,1.18,4594.37,0.308,1415.07,10,2021,4,3,1,0
ORD-01252,2021-10-06,Laptop,North,Enterprise,1,787.4,0.03,44,1.1,2148.68,1.06,763.78,0.411,313.91,10,2021,4,2,2,0
ORD-01253,2021-10-06,Keyboard,South,Enterprise,9,1271.41,0.22,19,7.0,2183.19,1.14,8925.3,0.33,2945.35,10,2021,4,1,3,0
ORD-01254,2021-10-06,Laptop,East,Online,8,644.74,0.03,27,6.8,418.99,0.85,5003.18,0.272,1360.86,10,2021,4,2,1,1
ORD-01255,2021-10-07,Keyboard,North,Enterprise,3,1254.94,0.08,42,3.2,1671.02,1.1,3463.63,0.148,512.62,10,2021,4,1,2,0
ORD-01256,2021-10-07,Laptop,South,Retail,2,587.71,0.17,36,4.7,4594.77,1.04,975.6,0.148,144.39,10,2021,4,2,3,2
ORD-01257,2021-10-07,Phone,East,Online,1,149.4,0.18,32,3.0,1326.45,0.92,122.51,0.356,43.61,10,2021,4,5,1,1
ORD-01258,2021-10-08,Headphones,East,Online,12,1828.67,0.23,56,7.3,2888.88,0.85,16896.91,0.452,7637.4,10,2021,4,0,1,1
ORD-01259,2021-10-08,Tablet,East,Retail,13,1772.25,0.18,64,8.4,2490.62,0.95,18892.19,0.266,5025.32,10,2021,4,6,1,2
ORD-01260,2021-10-08,Tablet,West,Online,10,1943.06,0.18,66,9.0,4324.42,0.98,15933.09,0.312,4971.12,10,2021,4,6,4,1
ORD-01261,2021-10-08,Webcam,Central,Retail,17,1447.23,0.27,41,1.7,3302.4,0.86,17960.12,0.336,6034.6,10,2021,4,7,0,2
ORD-01262,2021-10-09,Mouse,North,SMB,11,1381.31,0.14,33,7.0,876.3,1.07,13067.19,0.291,3802.55,10,2021,4,4,2,3
ORD-01263,2021-10-09,Headphones,Central,Retail,5,1140.06,0.07,34,9.6,800.06,0.92,5301.28,0.124,657.36,10,2021,4,0,0,2
ORD-01264,2021-10-10,Monitor,Central,Online,9,295.59,0.05,33,6.5,2831.69,1.12,2527.29,0.336,849.17,10,2021,4,3,0,1
ORD-01265,2021-10-10,Mouse,Central,Retail,13,419.01,0.12,35,3.5,327.69,1.06,4793.47,0.155,742.99,10,2021,4,4,0,2
ORD-01266,2021-10-10,Phone,East,SMB,11,614.47,0.21,66,6.4,2028.3,0.92,5339.74,0.322,1719.4,10,2021,4,5,1,3
ORD-01267,2021-10-10,Webcam,Central,Enterprise,4,1785.8,0.01,21,6.9,2055.15,0.94,7071.77,0.41,2899.43,10,2021,4,7,0,0
ORD-01268,2021-10-10,Mouse,West,Enterprise,11,387.29,0.04,19,4.0,1062.03,1.18,4089.78,0.102,417.16,10,2021,4,4,4,0
ORD-01269,2021-10-10,Webcam,South,Enterprise,9,1849.6,0.03,66,1.0,1574.96,1.18,16147.01,0.272,4391.99,10,2021,4,7,3,0
ORD-01270,2021-10-10,Tablet,East,Online,7,1069.43,0.18,66,6.1,1716.75,0.97,6138.53,0.398,2443.13,10,2021,4,6,1,1
ORD-01271,2021-10-11,Monitor,North,SMB,16,1445.36,0.07,48,8.0,157.62,1.07,21506.96,0.311,6688.66,10,2021,4,3,2,3
ORD-01272,2021-10-11,Phone,South,Retail,5,264.98,0.05,19,10.0,4048.87,1.19,1258.66,0.194,244.18,10,2021,4,5,3,2
ORD-01273,2021-10-11,Tablet,South,Retail,6,574.62,0.18,19,2.2,4791.49,1.2,2827.13,0.379,1071.48,10,2021,4,6,3,2
ORD-01274,2021-10-11,Headphones,South,Retail,19,1919.11,0.23,32,7.0,1517.41,0.83,28076.58,0.413,11595.63,10,2021,4,0,3,2
ORD-01275,2021-10-12,Laptop,Central,Retail,1,568.99,0.1,65,0.3,648.73,1.02,512.09,0.245,125.46,10,2021,4,2,0,2
ORD-01276,2021-10-12,Keyboard,Central,Online,16,628.22,0.17,60,9.7,4772.41,1.09,8342.76,0.219,1827.06,10,2021,4,1,0,1
ORD-01277,2021-10-12,Phone,East,Online,18,435.31,0.03,46,0.1,3728.7,0.87,7600.51,0.318,2416.96,10,2021,4,5,1,1
ORD-01278,2021-10-12,Monitor,Central,SMB,13,301.69,0.28,51,3.6,4466.6,1.13,2823.82,0.246,694.66,10,2021,4,3,0,3
ORD-01279,2021-10-12,Webcam,Central,Retail,1,504.85,0.1,57,0.8,1868.29,0.99,454.36,0.434,197.19,10,2021,4,7,0,2
ORD-01280,2021-10-12,Mouse,Central,Enterprise,10,1302.54,0.3,49,6.2,2471.91,1.0,9117.78,0.412,3756.53,10,2021,4,4,0,0
ORD-01281,2021-10-13,Headphones,East,Online,7,937.97,0.29,38,3.4,4658.17,0.91,4661.71,0.225,1048.88,10,2021,4,0,1,1
ORD-01282,2021-10-13,Mouse,East,SMB,5,1129.82,0.23,47,7.3,2351.81,0.92,4349.81,0.283,1231.0,10,2021,4,4,1,3
ORD-01283,2021-10-13,Phone,West,SMB,13,288.61,0.01,41,4.9,3393.27,0.83,3714.41,0.456,1693.77,10,2021,4,5,4,3
ORD-01284,2021-10-14,Headphones,West,Online,16,1614.13,0.16,61,4.2,3553.51,1.17,21693.91,0.159,3449.33,10,2021,4,0,4,1
ORD-01285,2021-10-14,Monitor,West,Enterprise,14,1578.98,0.03,31,3.5,4201.86,0.95,21442.55,0.402,8619.91,10,2021,4,3,4,0
ORD-01286,2021-10-14,Phone,West,Enterprise,11,92.1,0.27,45,0.9,4878.38,0.86,739.56,0.227,167.88,10,2021,4,5,4,0
ORD-01287,2021-10-14,Monitor,South,Retail,19,797.85,0.24,31,2.0,1741.01,0.86,11520.95,0.148,1705.1,10,2021,4,3,3,2
ORD-01288,2021-10-14,Mouse,South,Online,2,184.1,0.29,61,6.4,1312.51,0.96,261.42,0.147,38.43,10,2021,4,4,3,1
ORD-01289,2021-10-14,Tablet,West,Enterprise,8,1594.61,0.18,51,5.0,480.76,1.05,10460.64,0.211,2207.2,10,2021,4,6,4,0
ORD-01290,2021-10-15,Headphones,West,Online,13,1487.68,0.16,31,0.7,4297.03,1.11,16245.47,0.319,5182.3,10,2021,4,0,4,1
ORD-01291,2021-10-15,Laptop,North,SMB,7,1808.88,0.16,42,5.4,1534.13,1.17,10636.21,0.463,4924.57,10,2021,4,2,2,3
ORD-01292,2021-10-15,Tablet,South,SMB,12,510.99,0.12,29,0.5,343.1,1.05,5396.05,0.221,1192.53,10,2021,4,6,3,3
ORD-01293,2021-10-15,Laptop,North,SMB,8,939.78,0.14,58,5.1,4339.83,0.97,6465.69,0.18,1163.82,10,2021,4,2,2,3
ORD-01294,2021-10-15,Mouse,North,Online,16,409.75,0.19,57,9.6,2598.56,0.97,5310.36,0.291,1545.31,10,2021,4,4,2,1
ORD-01295,2021-10-16,Webcam,Central,Retail,18,773.91,0.28,37,3.1,4207.73,1.03,10029.87,0.163,1634.87,10,2021,4,7,0,2
ORD-01296,2021-10-16,Headphones,East,Retail,19,1068.37,0.18,65,7.2,2816.96,1.02,16645.2,0.209,3478.85,10,2021,4,0,1,2
ORD-01297,2021-10-16,Tablet,South,Enterprise,4,154.0,0.26,59,7.5,1637.28,1.06,455.84,0.495,225.64,10,2021,4,6,3,0
ORD-01298,2021-10-16,Tablet,West,Online,12,1444.0,0.26,24,4.0,735.93,1.0,12822.72,0.323,4141.74,10,2021,4,6,4,1
ORD-01299,2021-10-16,Phone,West,Retail,16,1109.42,0.16,32,5.9,2242.09,0.82,14910.6,0.414,6172.99,10,2021,4,5,4,2
ORD-01300,2021-10-16,Keyboard,East,Online,17,1666.47,0.1,26,4.7,230.09,1.0,25496.99,0.185,4716.94,10,2021,4,1,1,1
ORD-01301,2021-10-17,Mouse,South,Retail,4,579.97,0.19,21,2.8,3052.05,0.81,1879.1,0.308,578.76,10,2021,4,4,3,2
ORD-01302,2021-10-18,Monitor,West,SMB,9,1811.48,0.13,48,7.5,2195.56,0.87,14183.89,0.304,4311.9,10,2021,4,3,4,3
ORD-01303,2021-10-18,Mouse,West,SMB,5,1997.45,0.02,40,7.0,793.47,0.95,9787.5,0.425,4159.69,10,2021,4,4,4,3
ORD-01304,2021-10-18,Monitor,Central,Enterprise,17,1842.63,0.11,23,9.0,2698.15,1.02,27878.99,0.109,3038.81,10,2021,4,3,0,0
ORD-01305,2021-10-18,Headphones,North,SMB,17,1566.89,0.3,45,6.2,4024.46,0.87,18645.99,0.444,8278.82,10,2021,4,0,2,3
ORD-01306,2021-10-18,Monitor,West,Retail,2,1634.12,0.01,29,3.9,4876.52,0.91,3235.56,0.132,427.09,10,2021,4,3,4,2
ORD-01307,2021-10-19,Webcam,South,Enterprise,2,1168.8,0.21,64,7.1,2684.06,0.95,1846.7,0.467,862.41,10,2021,4,7,3,0
ORD-01308,2021-10-19,Laptop,East,Enterprise,7,420.8,0.25,68,6.2,734.8,0.88,2209.2,0.157,346.84,10,2021,4,2,1,0
ORD-01309,2021-10-20,Monitor,Central,SMB,4,1370.23,0.19,39,6.2,4072.46,1.2,4439.55,0.313,1389.58,10,2021,4,3,0,3
ORD-01310,2021-10-20,Monitor,South,Online,13,1439.87,0.17,41,8.5,3509.36,1.12,15536.2,0.14,2175.07,10,2021,4,3,3,1
ORD-01311,2021-10-20,Phone,Central,SMB,11,1971.5,0.21,51,9.1,4774.46,1.12,17132.34,0.279,4779.92,10,2021,4,5,0,3
ORD-01312,2021-10-21,Tablet,North,SMB,3,1105.54,0.13,36,1.8,2722.54,1.03,2885.46,0.22,634.8,10,2021,4,6,2,3
ORD-01313,2021-10-21,Mouse,West,Enterprise,2,579.17,0.03,41,3.1,1849.81,1.18,1123.59,0.268,301.12,10,2021,4,4,4,0
ORD-01314,2021-10-21,Mouse,South,SMB,16,1383.16,0.29,37,6.5,4817.92,1.09,15712.7,0.318,4996.64,10,2021,4,4,3,3
ORD-01315,2021-10-21,Headphones,East,Retail,3,1959.78,0.13,69,5.6,2738.38,0.93,5115.03,0.284,1452.67,10,2021,4,0,1,2
ORD-01316,2021-10-21,Headphones,North,Enterprise,15,395.57,0.2,51,6.5,177.94,1.04,4746.84,0.109,517.41,10,2021,4,0,2,0
ORD-01317,2021-10-22,Webcam,North,SMB,17,685.7,0.16,64,4.3,2420.98,1.02,9791.8,0.445,4357.35,10,2021,4,7,2,3
ORD-01318,2021-10-22,Monitor,Central,Online,16,1106.67,0.02,44,4.1,111.65,1.03,17352.59,0.138,2394.66,10,2021,4,3,0,1
ORD-01319,2021-10-22,Keyboard,North,Retail,7,381.92,0.29,61,1.2,3714.77,1.13,1898.14,0.492,933.88,10,2021,4,1,2,2
ORD-01320,2021-10-22,Mouse,South,Online,16,93.33,0.24,46,6.2,2873.13,1.0,1134.89,0.441,500.49,10,2021,4,4,3,1
ORD-01321,2021-10-22,Headphones,Central,Retail,5,707.12,0.04,18,1.8,638.03,1.09,3394.18,0.325,1103.11,10,2021,4,0,0,2
ORD-01322,2021-10-22,Monitor,North,Online,2,1737.47,0.29,63,6.7,4083.76,0.9,2467.21,0.198,488.51,10,2021,4,3,2,1
ORD-01323,2021-10-23,Headphones,East,SMB,1,134.76,0.22,53,9.7,2728.54,1.17,105.11,0.134,14.08,10,2021,4,0,1,3
ORD-01324,2021-10-23,Webcam,South,Retail,13,886.41,0.14,60,2.6,658.9,0.83,9910.06,0.369,3656.81,10,2021,4,7,3,2
ORD-01325,2021-10-23,Laptop,East,Enterprise,16,1536.29,0.18,56,1.4,884.05,1.2,20156.12,0.181,3648.26,10,2021,4,2,1,0
ORD-01326,2021-10-23,Laptop,East,Enterprise,5,1908.71,0.03,62,0.2,4128.31,1.05,9257.24,0.393,3638.1,10,2021,4,2,1,0
ORD-01327,2021-10-23,Headphones,Central,Online,3,1971.68,0.17,63,3.8,1841.89,0.99,4909.48,0.433,2125.8,10,2021,4,0,0,1
ORD-01328,2021-10-23,Laptop,West,Online,15,872.84,0.02,24,2.1,4123.37,0.92,12830.75,0.496,6364.05,10,2021,4,2,4,1
ORD-01329,2021-10-23,Headphones,Central,Online,16,1903.25,0.16,60,4.9,440.57,0.96,25579.68,0.302,7725.06,10,2021,4,0,0,1
ORD-01330,2021-10-24,Monitor,South,Retail,11,119.07,0.17,37,5.2,1294.91,1.11,1087.11,0.49,532.68,10,2021,4,3,3,2
ORD-01331,2021-10-25,Phone,South,Enterprise,19,1504.54,0.26,37,3.5,3846.45,0.86,21153.83,0.16,3384.61,10,2021,4,5,3,0
ORD-01332,2021-10-25,Keyboard,Central,SMB,18,1303.35,0.22,42,7.5,3244.34,0.9,18299.03,0.434,7941.78,10,2021,4,1,0,3
ORD-01333,2021-10-25,Monitor,West,Retail,9,536.57,0.07,60,9.0,1603.44,0.85,4491.09,0.244,1095.83,10,2021,4,3,4,2
ORD-01334,2021-10-26,Phone,Central,Online,8,1039.27,0.27,38,2.1,4686.53,0.97,6069.34,0.246,1493.06,10,2021,4,5,0,1
ORD-01335,2021-10-26,Phone,South,Enterprise,19,302.63,0.17,26,8.4,1134.22,0.95,4772.48,0.207,987.9,10,2021,4,5,3,0
ORD-01336,2021-10-26,Mouse,West,Online,5,1749.61,0.18,44,1.3,4263.92,1.06,7173.4,0.169,1212.3,10,2021,4,4,4,1
ORD-01337,2021-10-27,Monitor,South,SMB,17,747.9,0.05,45,2.3,3509.14,1.2,12078.58,0.277,3345.77,10,2021,4,3,3,3
ORD-01338,2021-10-27,Monitor,West,SMB,5,1270.79,0.26,42,5.6,693.47,1.16,4701.92,0.495,2327.45,10,2021,4,3,4,3
ORD-01339,2021-10-28,Headphones,West,Enterprise,14,359.61,0.28,53,3.1,2820.07,1.15,3624.87,0.232,840.97,10,2021,4,0,4,0
ORD-01340,2021-10-28,Phone,Central,Retail,7,452.02,0.23,51,0.4,4656.55,1.06,2436.39,0.284,691.93,10,2021,4,5,0,2
ORD-01341,2021-10-29,Phone,Central,SMB,9,1984.31,0.28,19,2.9,3132.59,0.91,12858.33,0.191,2455.94,10,2021,4,5,0,3
ORD-01342,2021-10-29,Phone,Central,SMB,17,1518.52,0.09,26,9.0,2691.16,0.95,23491.5,0.235,5520.5,10,2021,4,5,0,3
ORD-01343,2021-10-29,Headphones,West,SMB,3,1925.85,0.26,36,1.7,1894.98,0.9,4275.39,0.122,521.6,10,2021,4,0,4,3
ORD-01344,2021-10-29,Mouse,West,SMB,8,626.91,0.15,32,7.6,3965.06,0.85,4262.99,0.482,2054.76,10,2021,4,4,4,3
ORD-01345,2021-10-29,Monitor,South,Online,13,370.9,0.05,38,7.2,4573.99,0.97,4580.62,0.304,1392.51,10,2021,4,3,3,1
ORD-01346,2021-10-29,Phone,East,Online,16,1030.98,0.2,67,1.1,3791.25,1.16,13196.54,0.393,5186.24,10,2021,4,5,1,1
ORD-01347,2021-10-30,Laptop,Central,Retail,10,1014.6,0.21,33,3.3,3653.72,1.1,8015.34,0.305,2444.68,10,2021,4,2,0,2
ORD-01348,2021-10-30,Monitor,South,Enterprise,18,391.15,0.09,19,1.9,1043.2,1.19,6407.04,0.408,2614.07,10,2021,4,3,3,0
ORD-01349,2021-10-30,Headphones,South,Enterprise,3,1479.78,0.01,43,0.2,4186.53,0.88,4394.95,0.314,1380.01,10,2021,4,0,3,0
ORD-01350,2021-10-30,Mouse,North,Enterprise,12,755.47,0.06,61,1.7,299.41,1.0,8521.7,0.381,3246.77,10,2021,4,4,2,0
ORD-01351,2021-10-30,Laptop,Central,SMB,16,413.41,0.12,46,2.0,3811.07,1.12,5820.81,0.374,2176.98,10,2021,4,2,0,3
ORD-01352,2021-10-31,Headphones,South,Online,18,697.37,0.05,50,1.7,1133.26,0.98,11925.03,0.313,3732.53,10,2021,4,0,3,1
ORD-01353,2021-10-31,Tablet,North,Online,17,1149.13,0.06,51,0.9,2487.58,0.94,18363.1,0.192,3525.72,10,2021,4,6,2,1
ORD-01354,2021-10-31,Monitor,Central,Retail,7,1466.62,0.12,63,5.3,3506.65,1.13,9034.38,0.185,1671.36,10,2021,4,3,0,2
ORD-01355,2021-11-01,Tablet,West,Enterprise,19,989.69,0.29,44,3.2,3819.48,0.97,13350.92,0.45,6007.91,11,2021,4,6,4,0
ORD-01356,2021-11-01,Headphones,North,Online,8,1074.91,0.23,24,9.1,4451.61,1.17,6621.45,0.148,979.97,11,2021,4,0,2,1
ORD-01357,2021-11-01,Headphones,West,Retail,17,320.94,0.1,66,1.9,1484.7,0.91,4910.38,0.324,1590.96,11,2021,4,0,4,2
ORD-01358,2021-11-01,Headphones,East,Enterprise,7,1833.65,0.29,32,6.0,1199.17,1.16,9113.24,0.301,2743.09,11,2021,4,0,1,0
ORD-01359,2021-11-01,Phone,East,SMB,1,1861.01,0.19,34,9.0,4981.61,0.91,1507.42,0.419,631.61,11,2021,4,5,1,3
ORD-01360,2021-11-01,Mouse,East,Online,8,1382.68,0.14,26,0.5,1117.04,0.92,9512.84,0.154,1464.98,11,2021,4,4,1,1
ORD-01361,2021-11-01,Phone,East,Online,19,84.38,0.14,30,5.2,3360.86,0.97,1378.77,0.375,517.04,11,2021,4,5,1,1
ORD-01362,2021-11-01,Mouse,South,Enterprise,10,1097.29,0.12,49,4.5,4768.45,1.01,9656.15,0.342,3302.4,11,2021,4,4,3,0
ORD-01363,2021-11-02,Keyboard,East,SMB,12,1276.98,0.07,19,9.3,4493.12,0.97,14251.1,0.38,5415.42,11,2021,4,1,1,3
ORD-01364,2021-11-02,Phone,South,SMB,1,1989.58,0.12,49,6.6,2271.99,1.14,1750.83,0.348,609.29,11,2021,4,5,3,3
ORD-01365,2021-11-02,Tablet,South,Online,4,1992.33,0.16,64,3.5,3224.15,1.12,6694.23,0.325,2175.62,11,2021,4,6,3,1
ORD-01366,2021-11-02,Mouse,Central,Enterprise,4,1722.34,0.16,37,7.1,2692.57,0.92,5787.06,0.471,2725.71,11,2021,4,4,0,0
ORD-01367,2021-11-02,Phone,South,Retail,9,174.47,0.23,60,5.8,1798.61,1.0,1209.08,0.239,288.97,11,2021,4,5,3,2
ORD-01368,2021-11-03,Monitor,South,Online,15,1908.89,0.11,36,3.5,807.67,0.97,25483.68,0.174,4434.16,11,2021,4,3,3,1
ORD-01369,2021-11-03,Headphones,East,SMB,15,1244.69,0.22,63,7.9,4036.63,0.82,14562.87,0.418,6087.28,11,2021,4,0,1,3
ORD-01370,2021-11-03,Mouse,South,Retail,7,1611.73,0.17,44,6.7,543.16,1.1,9364.15,0.152,1423.35,11,2021,4,4,3,2
ORD-01371,2021-11-03,Mouse,West,Enterprise,12,844.03,0.29,53,0.1,3087.17,0.87,7191.14,0.372,2675.1,11,2021,4,4,4,0
ORD-01372,2021-11-04,Phone,East,SMB,3,673.36,0.12,47,8.7,3012.41,1.17,1777.67,0.32,568.85,11,2021,4,5,1,3
ORD-01373,2021-11-04,Keyboard,North,Retail,9,953.33,0.27,28,4.0,1740.64,0.96,6263.38,0.101,632.6,11,2021,4,1,2,2
ORD-01374,2021-11-04,Phone,East,Online,14,336.41,0.25,33,6.5,763.5,1.05,3532.3,0.196,692.33,11,2021,4,5,1,1
ORD-01375,2021-11-04,Webcam,South,SMB,13,746.28,0.19,43,4.0,4018.22,1.13,7858.33,0.298,2341.78,11,2021,4,7,3,3
ORD-01376,2021-11-04,Tablet,West,Enterprise,12,1722.35,0.2,47,8.8,2363.43,0.87,16534.56,0.232,3836.02,11,2021,4,6,4,0
ORD-01377,2021-11-04,Tablet,East,SMB,1,124.0,0.03,19,6.5,3653.84,1.02,120.28,0.271,32.6,11,2021,4,6,1,3
ORD-01378,2021-11-05,Mouse,West,Online,19,344.21,0.29,51,5.8,180.78,0.89,4643.39,0.341,1583.4,11,2021,4,4,4,1
ORD-01379,2021-11-06,Mouse,North,Enterprise,16,293.98,0.03,58,9.8,465.07,1.0,4562.57,0.392,1788.53,11,2021,4,4,2,0
ORD-01380,2021-11-06,Phone,North,Online,12,836.0,0.17,39,2.8,961.65,1.03,8326.56,0.16,1332.25,11,2021,4,5,2,1
ORD-01381,2021-11-06,Tablet,Central,Retail,10,1994.12,0.1,48,0.7,657.81,0.87,17947.08,0.213,3822.73,11,2021,4,6,0,2
ORD-01382,2021-11-06,Tablet,Central,SMB,2,388.05,0.13,38,5.2,1039.36,1.03,675.21,0.355,239.7,11,2021,4,6,0,3
ORD-01383,2021-11-07,Keyboard,East,Online,18,333.69,0.18,53,4.2,3463.79,0.98,4925.26,0.335,1649.96,11,2021,4,1,1,1
ORD-01384,2021-11-07,Monitor,Central,Retail,13,1834.36,0.27,57,4.5,330.29,1.01,17408.08,0.395,6876.19,11,2021,4,3,0,2
ORD-01385,2021-11-07,Keyboard,West,Enterprise,6,1770.0,0.14,40,6.2,285.54,1.16,9133.2,0.356,3251.42,11,2021,4,1,4,0
ORD-01386,2021-11-07,Webcam,Central,Enterprise,12,112.87,0.3,43,6.2,255.1,0.99,948.11,0.232,219.96,11,2021,4,7,0,0
ORD-01387,2021-11-07,Laptop,West,Retail,4,1515.83,0.18,35,3.9,3518.48,0.99,4971.92,0.3,1491.58,11,2021,4,2,4,2
ORD-01388,2021-11-07,Headphones,Central,Retail,1,1328.16,0.05,32,8.6,2727.06,0.99,1261.75,0.454,572.83,11,2021,4,0,0,2
ORD-01389,2021-11-08,Keyboard,Central,Enterprise,11,1547.09,0.06,51,6.5,1914.19,1.05,15996.91,0.174,2783.46,11,2021,4,1,0,0
ORD-01390,2021-11-08,Webcam,Central,Online,8,1014.28,0.21,39,8.9,3410.48,0.95,6410.25,0.251,1608.97,11,2021,4,7,0,1
ORD-01391,2021-11-08,Phone,South,Retail,2,1983.19,0.02,45,9.1,2812.66,1.12,3887.05,0.437,1698.64,11,2021,4,5,3,2
ORD-01392,2021-11-09,Monitor,South,Online,2,135.5,0.14,60,1.7,135.94,0.91,233.06,0.246,57.33,11,2021,4,3,3,1
ORD-01393,2021-11-09,Phone,Central,Enterprise,16,507.02,0.04,66,6.8,4208.89,0.92,7787.83,0.265,2063.77,11,2021,4,5,0,0
ORD-01394,2021-11-09,Headphones,West,Online,1,823.26,0.13,24,3.2,1815.9,1.04,716.24,0.228,163.3,11,2021,4,0,4,1
ORD-01395,2021-11-09,Webcam,East,Online,4,927.07,0.22,57,8.4,2057.85,0.9,2892.46,0.46,1330.53,11,2021,4,7,1,1
ORD-01396,2021-11-09,Laptop,North,Retail,6,1846.67,0.14,59,7.3,3933.22,0.84,9528.82,0.365,3478.02,11,2021,4,2,2,2
ORD-01397,2021-11-09,Monitor,South,Online,14,1142.01,0.05,41,2.0,1016.74,0.88,15188.73,0.184,2794.73,11,2021,4,3,3,1
ORD-01398,2021-11-09,Mouse,Central,Online,15,137.97,0.08,52,9.4,149.35,1.17,1903.99,0.4,761.6,11,2021,4,4,0,1
ORD-01399,2021-11-10,Tablet,North,Online,7,845.33,0.11,30,6.8,4553.31,0.8,5266.41,0.115,605.64,11,2021,4,6,2,1
ORD-01400,2021-11-10,Keyboard,South,Enterprise,7,862.16,0.02,66,9.5,2576.84,0.85,5914.42,0.259,1531.83,11,2021,4,1,3,0
ORD-01401,2021-11-10,Webcam,East,Enterprise,18,1932.71,0.18,30,2.0,1812.68,1.1,28526.8,0.464,13236.44,11,2021,4,7,1,0
ORD-01402,2021-11-10,Phone,West,SMB,2,1218.43,0.18,48,8.7,4113.32,1.19,1998.23,0.376,751.33,11,2021,4,5,4,3
ORD-01403,2021-11-10,Laptop,Central,Enterprise,15,1289.52,0.02,36,6.7,228.85,1.08,18955.94,0.417,7904.63,11,2021,4,2,0,0
ORD-01404,2021-11-10,Tablet,East,Enterprise,1,1440.84,0.12,46,5.5,1091.23,1.17,1267.94,0.473,599.74,11,2021,4,6,1,0
ORD-01405,2021-11-11,Keyboard,South,SMB,17,1551.58,0.12,39,8.2,860.91,1.14,23211.64,0.41,9516.77,11,2021,4,1,3,3
ORD-01406,2021-11-11,Tablet,Central,SMB,13,1288.35,0.1,58,6.3,3715.37,0.99,15073.7,0.135,2034.95,11,2021,4,6,0,3
ORD-01407,2021-11-11,Keyboard,North,Retail,12,512.53,0.17,38,6.7,1629.23,0.93,5104.8,0.192,980.12,11,2021,4,1,2,2
ORD-01408,2021-11-12,Webcam,West,Retail,15,1754.39,0.1,33,2.5,3887.24,1.05,23684.27,0.3,7105.28,11,2021,4,7,4,2
ORD-01409,2021-11-12,Mouse,South,Enterprise,5,1477.63,0.12,47,8.2,303.23,1.01,6501.57,0.106,689.17,11,2021,4,4,3,0
ORD-01410,2021-11-13,Monitor,West,Online,7,1496.65,0.24,22,6.5,3079.77,0.81,7962.18,0.35,2786.76,11,2021,4,3,4,1
ORD-01411,2021-11-13,Webcam,Central,Retail,8,1993.29,0.05,58,8.4,1659.28,1.18,15149.0,0.363,5499.09,11,2021,4,7,0,2
ORD-01412,2021-11-13,Tablet,East,Retail,14,1614.93,0.19,58,3.5,1015.91,1.03,18313.31,0.379,6940.74,11,2021,4,6,1,2
ORD-01413,2021-11-14,Tablet,West,Enterprise,4,1666.85,0.15,23,3.3,4102.15,1.15,5667.29,0.322,1824.87,11,2021,4,6,4,0
ORD-01414,2021-11-14,Tablet,North,Online,14,1905.24,0.09,38,0.2,2120.03,1.09,24272.76,0.281,6820.65,11,2021,4,6,2,1
ORD-01415,2021-11-14,Monitor,South,SMB,10,344.71,0.22,59,7.7,2900.99,0.94,2688.74,0.442,1188.42,11,2021,4,3,3,3
ORD-01416,2021-11-14,Laptop,North,SMB,16,1020.57,0.17,67,3.3,262.11,1.16,13553.17,0.407,5516.14,11,2021,4,2,2,3
ORD-01417,2021-11-14,Keyboard,West,Enterprise,11,1182.11,0.14,28,3.3,3978.96,1.12,11182.76,0.345,3858.05,11,2021,4,1,4,0
ORD-01418,2021-11-14,Webcam,East,Enterprise,14,692.09,0.2,41,6.9,1505.72,0.97,7751.41,0.118,914.67,11,2021,4,7,1,0
ORD-01419,2021-11-14,Webcam,East,Online,14,1686.84,0.24,45,2.5,3497.69,1.14,17947.98,0.378,6784.34,11,2021,4,7,1,1
ORD-01420,2021-11-15,Mouse,North,Enterprise,2,1536.72,0.29,32,9.1,3826.33,0.91,2182.14,0.323,704.83,11,2021,4,4,2,0
ORD-01421,2021-11-16,Tablet,Central,Enterprise,13,1455.72,0.19,56,5.4,673.87,1.07,15328.73,0.377,5778.93,11,2021,4,6,0,0
ORD-01422,2021-11-16,Headphones,Central,Enterprise,3,1994.44,0.26,63,9.7,1549.91,0.85,4427.66,0.225,996.22,11,2021,4,0,0,0
ORD-01423,2021-11-16,Webcam,East,Online,18,555.79,0.0,57,0.8,3644.86,1.15,10004.22,0.411,4111.73,11,2021,4,7,1,1
ORD-01424,2021-11-17,Monitor,North,Enterprise,4,1484.14,0.16,68,3.4,1237.67,1.09,4986.71,0.267,1331.45,11,2021,4,3,2,0
ORD-01425,2021-11-17,Laptop,North,Retail,19,1125.24,0.06,64,3.8,4256.05,0.86,20096.79,0.458,9204.33,11,2021,4,2,2,2
ORD-01426,2021-11-17,Webcam,North,Online,16,660.33,0.03,36,7.3,1628.67,0.81,10248.32,0.142,1455.26,11,2021,4,7,2,1
ORD-01427,2021-11-17,Keyboard,West,Retail,4,363.14,0.16,67,2.1,2071.42,0.96,1220.15,0.294,358.72,11,2021,4,1,4,2
ORD-01428,2021-11-17,Monitor,Central,Online,19,1796.97,0.22,34,3.8,588.74,1.07,26631.1,0.182,4846.86,11,2021,4,3,0,1
ORD-01429,2021-11-17,Mouse,Central,Retail,15,1211.14,0.12,20,9.1,823.61,0.91,15987.05,0.281,4492.36,11,2021,4,4,0,2
ORD-01430,2021-11-18,Mouse,West,Online,1,1658.62,0.2,20,1.1,1449.57,1.19,1326.9,0.242,321.11,11,2021,4,4,4,1
ORD-01431,2021-11-18,Keyboard,South,SMB,16,1113.42,0.15,56,7.5,339.65,1.17,15142.51,0.421,6375.0,11,2021,4,1,3,3
ORD-01432,2021-11-18,Tablet,West,Enterprise,15,478.96,0.13,45,7.0,1045.86,1.04,6250.43,0.167,1043.82,11,2021,4,6,4,0
ORD-01433,2021-11-19,Mouse,North,Enterprise,16,708.22,0.09,48,1.3,2103.82,0.93,10311.68,0.339,3495.66,11,2021,4,4,2,0
ORD-01434,2021-11-19,Laptop,West,Online,1,794.0,0.11,59,6.9,1961.82,1.16,706.66,0.263,185.85,11,2021,4,2,4,1
ORD-01435,2021-11-20,Monitor,North,Retail,17,1947.22,0.1,66,5.7,1073.6,1.12,29792.47,0.307,9146.29,11,2021,4,3,2,2
ORD-01436,2021-11-20,Webcam,East,SMB,5,60.98,0.19,64,2.9,494.21,0.83,246.97,0.386,95.33,11,2021,4,7,1,3
ORD-01437,2021-11-20,Laptop,North,Retail,5,1972.05,0.03,25,3.1,1658.92,0.99,9564.44,0.243,2324.16,11,2021,4,2,2,2
ORD-01438,2021-11-20,Tablet,Central,Enterprise,7,1961.9,0.03,34,8.3,3752.2,1.19,13321.3,0.247,3290.36,11,2021,4,6,0,0
ORD-01439,2021-11-20,Laptop,West,Enterprise,13,1992.49,0.2,52,2.3,2599.49,0.98,20721.9,0.131,2714.57,11,2021,4,2,4,0
ORD-01440,2021-11-21,Laptop,North,Retail,12,979.35,0.16,53,5.1,4739.34,1.17,9871.85,0.321,3168.86,11,2021,4,2,2,2
ORD-01441,2021-11-21,Phone,South,Online,4,1929.43,0.13,44,6.8,785.44,1.19,6714.42,0.267,1792.75,11,2021,4,5,3,1
ORD-01442,2021-11-21,Laptop,East,Online,4,821.42,0.05,57,1.3,1115.86,0.95,3121.4,0.425,1326.6,11,2021,4,2,1,1
ORD-01443,2021-11-21,Keyboard,South,Retail,6,101.27,0.12,62,9.3,1473.47,1.19,534.71,0.276,147.58,11,2021,4,1,3,2
ORD-01444,2021-11-22,Monitor,South,Enterprise,15,487.48,0.24,50,2.6,163.71,0.86,5557.27,0.488,2711.95,11,2021,4,3,3,0
ORD-01445,2021-11-22,Phone,South,Retail,19,1893.33,0.27,67,3.2,4722.56,0.86,26260.49,0.169,4438.02,11,2021,4,5,3,2
ORD-01446,2021-11-22,Monitor,East,Enterprise,6,76.84,0.21,28,6.7,2282.28,0.91,364.22,0.207,75.39,11,2021,4,3,1,0
ORD-01447,2021-11-23,Monitor,East,Retail,12,1114.69,0.02,38,0.8,2460.08,0.99,13108.75,0.257,3368.95,11,2021,4,3,1,2
ORD-01448,2021-11-23,Tablet,East,Online,14,197.42,0.2,23,6.3,873.5,0.87,2211.1,0.168,371.46,11,2021,4,6,1,1
ORD-01449,2021-11-23,Tablet,East,SMB,18,608.47,0.07,65,9.2,4376.22,0.94,10185.79,0.489,4980.85,11,2021,4,6,1,3
ORD-01450,2021-11-23,Phone,South,Enterprise,12,221.78,0.09,38,2.5,3493.9,0.84,2421.84,0.356,862.18,11,2021,4,5,3,0
ORD-01451,2021-11-23,Mouse,Central,SMB,15,1726.08,0.06,68,3.6,2213.67,0.97,24337.73,0.104,2531.12,11,2021,4,4,0,3
ORD-01452,2021-11-23,Headphones,Central,Online,19,1202.59,0.23,45,2.3,4402.06,1.13,17593.89,0.331,5823.58,11,2021,4,0,0,1
ORD-01453,2021-11-24,Tablet,East,Retail,8,1809.11,0.19,34,8.2,4536.74,1.04,11723.03,0.412,4829.89,11,2021,4,6,1,2
ORD-01454,2021-11-24,Headphones,West,Online,9,1392.29,0.18,35,1.7,342.45,1.12,10275.1,0.121,1243.29,11,2021,4,0,4,1
ORD-01455,2021-11-24,Tablet,North,SMB,5,1943.51,0.2,28,3.5,684.69,0.85,7774.04,0.331,2573.21,11,2021,4,6,2,3
ORD-01456,2021-11-24,Tablet,West,Online,5,1044.26,0.07,63,6.0,235.38,0.96,4855.81,0.25,1213.95,11,2021,4,6,4,1
ORD-01457,2021-11-24,Monitor,West,Online,6,1295.49,0.13,61,4.0,2950.48,0.82,6762.46,0.333,2251.9,11,2021,4,3,4,1
ORD-01458,2021-11-25,Phone,West,Retail,3,1173.8,0.19,42,0.7,1167.92,0.95,2852.33,0.201,573.32,11,2021,4,5,4,2
ORD-01459,2021-11-25,Monitor,Central,SMB,5,994.31,0.19,47,9.5,4240.15,1.05,4026.96,0.366,1473.87,11,2021,4,3,0,3
ORD-01460,2021-11-25,Webcam,North,SMB,1,1699.62,0.24,69,3.4,2382.98,1.03,1291.71,0.369,476.64,11,2021,4,7,2,3
ORD-01461,2021-11-25,Keyboard,West,SMB,11,1306.82,0.09,42,4.5,4204.78,0.82,13081.27,0.316,4133.68,11,2021,4,1,4,3
ORD-01462,2021-11-26,Monitor,East,Enterprise,1,1612.56,0.23,24,1.7,2822.47,0.82,1241.67,0.47,583.58,11,2021,4,3,1,0
ORD-01463,2021-11-26,Headphones,Central,Online,7,1583.41,0.13,66,8.7,4001.22,0.92,9642.97,0.464,4474.34,11,2021,4,0,0,1
ORD-01464,2021-11-26,Headphones,East,SMB,15,422.54,0.2,54,2.9,1922.09,1.11,5070.48,0.119,603.39,11,2021,4,0,1,3
ORD-01465,2021-11-26,Keyboard,East,Online,17,1317.82,0.14,63,0.2,4732.43,0.81,19266.53,0.216,4161.57,11,2021,4,1,1,1
ORD-01466,2021-11-27,Laptop,West,Retail,8,439.31,0.28,44,3.2,3369.08,1.05,2530.43,0.246,622.49,11,2021,4,2,4,2
ORD-01467,2021-11-27,Laptop,East,Retail,2,1187.47,0.05,43,9.8,3017.9,0.87,2256.19,0.122,275.26,11,2021,4,2,1,2
ORD-01468,2021-11-27,Keyboard,North,Enterprise,13,1371.0,0.2,30,1.5,1826.55,1.18,14258.4,0.309,4405.85,11,2021,4,1,2,0
ORD-01469,2021-11-27,Keyboard,East,Enterprise,12,1994.61,0.17,41,0.3,4692.2,0.97,19866.32,0.11,2185.3,11,2021,4,1,1,0
ORD-01470,2021-11-27,Monitor,West,Retail,5,109.56,0.05,29,5.8,1754.9,0.82,520.41,0.371,193.07,11,2021,4,3,4,2
ORD-01471,2021-11-27,Keyboard,East,SMB,13,227.92,0.02,31,3.7,4195.71,1.09,2903.7,0.101,293.27,11,2021,4,1,1,3
ORD-01472,2021-11-27,Webcam,Central,Retail,6,200.2,0.24,26,7.9,2081.11,0.99,912.91,0.113,103.16,11,2021,4,7,0,2
ORD-01473,2021-11-28,Phone,Central,Online,15,826.8,0.05,48,7.3,3859.2,1.15,11781.9,0.434,5113.34,11,2021,4,5,0,1
ORD-01474,2021-11-28,Laptop,Central,Enterprise,11,1652.1,0.06,21,1.9,4568.2,1.06,17082.71,0.201,3433.62,11,2021,4,2,0,0
ORD-01475,2021-11-28,Laptop,South,Enterprise,4,1695.91,0.29,36,5.6,2381.47,1.08,4816.38,0.132,635.76,11,2021,4,2,3,0
ORD-01476,2021-11-29,Webcam,Central,Retail,1,1487.11,0.22,18,0.3,2678.06,1.11,1159.95,0.26,301.59,11,2021,4,7,0,2
ORD-01477,2021-11-29,Mouse,Central,SMB,15,1798.91,0.08,46,4.4,1718.68,0.97,24824.96,0.12,2979.0,11,2021,4,4,0,3
ORD-01478,2021-11-30,Webcam,South,SMB,12,679.58,0.18,62,7.1,368.01,1.12,6687.07,0.4,2674.83,11,2021,4,7,3,3
ORD-01479,2021-11-30,Webcam,Central,Online,9,221.9,0.16,23,4.1,3297.16,0.82,1677.56,0.298,499.91,11,2021,4,7,0,1
ORD-01480,2021-11-30,Keyboard,West,Enterprise,11,163.4,0.25,18,1.2,686.25,1.11,1348.05,0.321,432.72,11,2021,4,1,4,0
ORD-01481,2021-11-30,Tablet,Central,Retail,5,1711.66,0.22,42,0.6,1834.89,1.05,6675.47,0.401,2676.86,11,2021,4,6,0,2
ORD-01482,2021-11-30,Tablet,Central,Retail,7,1474.35,0.25,44,8.5,1812.52,1.03,7740.34,0.414,3204.5,11,2021,4,6,0,2
ORD-01483,2021-11-30,Webcam,South,Enterprise,8,1412.3,0.06,39,8.9,839.92,0.93,10620.5,0.155,1646.18,11,2021,4,7,3,0
ORD-01484,2021-11-30,Keyboard,West,Retail,1,712.37,0.19,34,3.4,3366.88,0.85,577.02,0.212,122.33,11,2021,4,1,4,2
ORD-01485,2021-12-01,Phone,East,Enterprise,1,790.82,0.01,46,1.6,955.54,1.06,782.91,0.17,133.09,12,2021,4,5,1,0
ORD-01486,2021-12-01,Tablet,North,SMB,3,1918.32,0.02,20,9.8,3913.85,0.99,5639.86,0.122,688.06,12,2021,4,6,2,3
ORD-01487,2021-12-01,Mouse,West,SMB,8,174.42,0.21,34,5.5,1321.47,0.89,1102.33,0.315,347.23,12,2021,4,4,4,3
ORD-01488,2021-12-01,Headphones,East,Retail,11,1558.78,0.01,19,4.8,1507.71,0.82,16975.11,0.2,3395.02,12,2021,4,0,1,2
ORD-01489,2021-12-02,Keyboard,West,SMB,1,653.78,0.17,49,7.4,1784.27,1.02,542.64,0.162,87.91,12,2021,4,1,4,3
ORD-01490,2021-12-02,Webcam,East,SMB,14,126.16,0.25,39,1.7,848.49,0.85,1324.68,0.304,402.7,12,2021,4,7,1,3
ORD-01491,2021-12-02,Phone,East,Online,1,1498.01,0.11,56,5.8,2227.9,1.17,1333.23,0.354,471.96,12,2021,4,5,1,1
ORD-01492,2021-12-02,Phone,West,Enterprise,6,695.28,0.01,50,8.9,493.59,0.86,4129.96,0.409,1689.15,12,2021,4,5,4,0
ORD-01493,2021-12-02,Monitor,South,Enterprise,6,1458.19,0.21,39,0.2,2192.87,0.81,6911.82,0.107,739.56,12,2021,4,3,3,0
ORD-01494,2021-12-02,Phone,West,Retail,3,1429.93,0.28,64,6.7,1765.57,0.9,3088.65,0.311,960.57,12,2021,4,5,4,2
ORD-01495,2021-12-02,Tablet,West,Enterprise,10,1092.83,0.22,21,5.5,1757.5,0.87,8524.07,0.207,1764.48,12,2021,4,6,4,0
ORD-01496,2021-12-03,Webcam,East,Online,12,1565.88,0.17,55,9.5,3337.3,1.12,15596.16,0.497,7751.29,12,2021,4,7,1,1
ORD-01497,2021-12-03,Headphones,North,Retail,10,1183.02,0.07,30,2.6,3868.21,0.92,11002.09,0.163,1793.34,12,2021,4,0,2,2
ORD-01498,2021-12-03,Tablet,East,Retail,2,608.94,0.0,40,8.6,1844.39,0.9,1217.88,0.275,334.92,12,2021,4,6,1,2
ORD-01499,2021-12-03,Keyboard,Central,Enterprise,13,1481.52,0.21,30,3.1,1383.87,1.2,15215.21,0.488,7425.02,12,2021,4,1,0,0
ORD-01500,2021-12-04,Headphones,West,SMB,16,1198.82,0.07,37,4.3,2522.31,0.86,17838.44,0.185,3300.11,12,2021,4,0,4,3
ORD-01501,2021-12-04,Keyboard,West,SMB,13,74.82,0.26,50,2.1,3959.82,0.83,719.77,0.423,304.46,12,2021,4,1,4,3
ORD-01502,2021-12-04,Phone,South,SMB,4,1808.21,0.14,51,8.6,3258.41,0.92,6220.24,0.197,1225.39,12,2021,4,5,3,3
ORD-01503,2021-12-04,Mouse,East,SMB,4,1114.01,0.16,55,2.0,286.21,0.96,3743.07,0.13,486.6,12,2021,4,4,1,3
ORD-01504,2021-12-04,Laptop,South,Online,11,1743.82,0.23,46,8.6,2451.65,1.1,14770.16,0.117,1728.11,12,2021,4,2,3,1
ORD-01505,2021-12-04,Headphones,West,Retail,14,1771.34,0.23,49,4.6,4955.73,1.18,19095.05,0.479,9146.53,12,2021,4,0,4,2
ORD-01506,2021-12-04,Webcam,East,SMB,3,917.68,0.19,28,8.4,1830.32,1.11,2229.96,0.185,412.54,12,2021,4,7,1,3
ORD-01507,2021-12-04,Monitor,East,Online,19,1039.94,0.28,35,2.6,2259.51,1.09,14226.38,0.217,3087.12,12,2021,4,3,1,1
ORD-01508,2021-12-05,Laptop,Central,Retail,1,860.72,0.29,62,1.3,1508.29,1.2,611.11,0.487,297.61,12,2021,4,2,0,2
ORD-01509,2021-12-05,Phone,Central,Enterprise,5,926.4,0.28,38,5.5,2538.7,1.11,3335.04,0.363,1210.62,12,2021,4,5,0,0
ORD-01510,2021-12-05,Phone,North,Enterprise,17,1795.54,0.25,29,5.1,888.51,0.86,22893.14,0.295,6753.48,12,2021,4,5,2,0
ORD-01511,2021-12-05,Webcam,Central,Online,1,1586.88,0.21,69,3.6,1310.37,0.98,1253.64,0.274,343.5,12,2021,4,7,0,1
ORD-01512,2021-12-05,Laptop,East,Retail,19,296.73,0.2,56,6.6,3587.51,1.0,4510.3,0.119,536.73,12,2021,4,2,1,2
ORD-01513,2021-12-06,Monitor,Central,SMB,19,1240.1,0.03,37,1.0,777.61,0.92,22855.04,0.436,9964.8,12,2021,4,3,0,3
ORD-01514,2021-12-06,Headphones,North,Retail,4,1992.02,0.08,24,6.2,4638.1,0.87,7330.63,0.405,2968.91,12,2021,4,0,2,2
ORD-01515,2021-12-06,Headphones,West,SMB,19,1211.32,0.0,44,2.1,1609.01,1.08,23015.08,0.136,3130.05,12,2021,4,0,4,3
ORD-01516,2021-12-06,Laptop,Central,Online,6,1582.45,0.04,24,1.3,2917.62,0.91,9114.91,0.241,2196.69,12,2021,4,2,0,1
ORD-01517,2021-12-06,Keyboard,East,SMB,15,1549.67,0.13,19,9.1,1676.97,1.05,20223.19,0.454,9181.33,12,2021,4,1,1,3
ORD-01518,2021-12-06,Tablet,West,Online,4,733.12,0.04,60,4.6,2442.35,0.93,2815.18,0.195,548.96,12,2021,4,6,4,1
ORD-01519,2021-12-07,Mouse,East,Retail,1,775.11,0.27,50,7.6,4528.63,1.0,565.83,0.344,194.65,12,2021,4,4,1,2
ORD-01520,2021-12-07,Keyboard,West,Retail,17,1461.95,0.24,38,0.9,436.03,0.93,18888.39,0.295,5572.08,12,2021,4,1,4,2
ORD-01521,2021-12-07,Headphones,East,SMB,11,1024.97,0.02,46,0.6,4296.08,0.96,11049.18,0.427,4718.0,12,2021,4,0,1,3
ORD-01522,2021-12-07,Tablet,Central,Retail,17,1162.61,0.07,49,4.9,2832.11,1.09,18380.86,0.114,2095.42,12,2021,4,6,0,2
ORD-01523,2021-12-07,Mouse,Central,SMB,1,1440.17,0.25,62,3.2,3358.85,1.15,1080.13,0.426,460.14,12,2021,4,4,0,3
ORD-01524,2021-12-08,Mouse,North,Retail,9,1566.27,0.24,29,0.0,373.85,1.0,10713.29,0.154,1649.85,12,2021,4,4,2,2
ORD-01525,2021-12-08,Mouse,West,Enterprise,14,579.46,0.28,30,1.8,3830.86,1.04,5840.96,0.106,619.14,12,2021,4,4,4,0
ORD-01526,2021-12-08,Phone,North,SMB,15,336.25,0.3,56,2.2,726.11,1.15,3530.62,0.338,1193.35,12,2021,4,5,2,3
ORD-01527,2021-12-08,Webcam,South,Online,1,619.0,0.29,61,2.9,4827.62,0.86,439.49,0.203,89.22,12,2021,4,7,3,1
ORD-01528,2021-12-08,Mouse,Central,Enterprise,2,1039.7,0.12,66,8.8,4016.51,0.86,1829.87,0.384,702.67,12,2021,4,4,0,0
ORD-01529,2021-12-08,Monitor,West,Online,18,717.18,0.08,57,4.2,2515.05,0.94,11876.5,0.288,3420.43,12,2021,4,3,4,1
ORD-01530,2021-12-09,Laptop,North,Retail,18,1158.31,0.23,20,6.8,4628.42,0.92,16054.18,0.342,5490.53,12,2021,4,2,2,2
ORD-01531,2021-12-09,Headphones,North,Enterprise,6,154.26,0.09,56,0.2,928.46,1.19,842.26,0.376,316.69,12,2021,4,0,2,0
ORD-01532,2021-12-09,Monitor,South,Retail,8,1044.01,0.24,68,8.1,4959.15,1.03,6347.58,0.471,2989.71,12,2021,4,3,3,2
ORD-01533,2021-12-09,Laptop,North,SMB,1,767.57,0.16,69,2.4,3612.41,1.01,644.76,0.429,276.6,12,2021,4,2,2,3
ORD-01534,2021-12-10,Keyboard,East,Online,15,1092.6,0.24,25,3.1,582.05,1.03,12455.64,0.298,3711.78,12,2021,4,1,1,1
ORD-01535,2021-12-10,Webcam,Central,Retail,10,873.94,0.08,63,0.5,2729.3,1.15,8040.25,0.275,2211.07,12,2021,4,7,0,2
ORD-01536,2021-12-10,Keyboard,North,Online,4,604.24,0.15,63,4.1,3583.29,0.9,2054.42,0.362,743.7,12,2021,4,1,2,1
ORD-01537,2021-12-11,Laptop,North,Online,10,1813.01,0.17,19,8.5,3103.81,1.0,15047.98,0.393,5913.86,12,2021,4,2,2,1
ORD-01538,2021-12-11,Monitor,South,Retail,11,410.29,0.28,23,3.8,2177.35,0.91,3249.5,0.169,549.17,12,2021,4,3,3,2
ORD-01539,2021-12-11,Laptop,East,SMB,5,1378.66,0.08,65,9.1,1315.9,1.11,6341.84,0.113,716.63,12,2021,4,2,1,3
ORD-01540,2021-12-11,Mouse,North,Online,9,1853.06,0.28,58,8.7,1267.32,1.11,12007.83,0.282,3386.21,12,2021,4,4,2,1
ORD-01541,2021-12-11,Phone,Central,Retail,5,1100.41,0.24,32,0.6,4642.06,1.18,4181.56,0.14,585.42,12,2021,4,5,0,2
ORD-01542,2021-12-11,Headphones,Central,SMB,11,1759.0,0.22,68,3.1,1250.23,0.98,15092.22,0.209,3154.27,12,2021,4,0,0,3
ORD-01543,2021-12-12,Keyboard,North,Retail,3,293.46,0.24,64,9.1,4815.78,0.86,669.09,0.334,223.48,12,2021,4,1,2,2
ORD-01544,2021-12-12,Headphones,East,SMB,4,1012.89,0.18,29,0.3,1130.11,1.16,3322.28,0.161,534.89,12,2021,4,0,1,3
ORD-01545,2021-12-12,Phone,Central,Online,10,941.2,0.07,58,7.7,1982.99,1.16,8753.16,0.111,971.6,12,2021,4,5,0,1
ORD-01546,2021-12-13,Mouse,Central,Enterprise,7,65.83,0.06,65,9.1,160.38,0.89,433.16,0.322,139.48,12,2021,4,4,0,0
ORD-01547,2021-12-13,Mouse,East,Retail,1,914.35,0.26,49,7.7,4525.41,0.91,676.62,0.286,193.51,12,2021,4,4,1,2
ORD-01548,2021-12-13,Keyboard,East,Online,6,769.61,0.22,23,7.4,611.32,0.93,3601.77,0.223,803.19,12,2021,4,1,1,1
ORD-01549,2021-12-14,Keyboard,North,Retail,8,1356.11,0.06,69,8.4,1850.91,0.98,10197.95,0.288,2937.01,12,2021,4,1,2,2
ORD-01550,2021-12-14,Mouse,West,Retail,17,1879.74,0.18,44,6.7,4228.34,1.13,26203.58,0.373,9773.94,12,2021,4,4,4,2
ORD-01551,2021-12-14,Tablet,South,SMB,7,217.29,0.13,64,4.2,3980.3,0.86,1323.3,0.144,190.56,12,2021,4,6,3,3
ORD-01552,2021-12-14,Headphones,West,Retail,1,688.58,0.05,30,0.6,4223.35,1.08,654.15,0.202,132.14,12,2021,4,0,4,2
ORD-01553,2021-12-14,Webcam,West,SMB,9,915.93,0.16,40,7.9,4579.13,0.94,6924.43,0.418,2894.41,12,2021,4,7,4,3
ORD-01554,2021-12-14,Phone,Central,Online,11,937.61,0.08,27,9.1,4564.25,0.88,9488.61,0.368,3491.81,12,2021,4,5,0,1
ORD-01555,2021-12-15,Headphones,East,Retail,19,1560.88,0.03,31,5.1,3875.45,0.94,28767.02,0.207,5954.77,12,2021,4,0,1,2
ORD-01556,2021-12-15,Phone,Central,Online,2,914.62,0.14,20,5.3,2953.88,1.01,1573.15,0.259,407.45,12,2021,4,5,0,1
ORD-01557,2021-12-15,Tablet,South,Enterprise,11,102.96,0.18,29,4.0,2851.59,1.17,928.7,0.148,137.45,12,2021,4,6,3,0
ORD-01558,2021-12-15,Webcam,North,Online,3,1434.7,0.01,42,8.6,163.31,1.05,4261.06,0.201,856.47,12,2021,4,7,2,1
ORD-01559,2021-12-16,Monitor,South,Retail,17,1775.42,0.12,18,0.1,3640.59,1.04,26560.28,0.436,11580.28,12,2021,4,3,3,2
ORD-01560,2021-12-16,Phone,Central,Enterprise,10,1052.11,0.08,49,6.2,1210.72,0.84,9679.41,0.276,2671.52,12,2021,4,5,0,0
ORD-01561,2021-12-16,Headphones,Central,SMB,3,1183.16,0.01,41,9.1,4160.62,0.83,3513.99,0.356,1250.98,12,2021,4,0,0,3
ORD-01562,2021-12-16,Laptop,Central,Enterprise,3,367.73,0.04,65,1.0,2813.64,0.85,1059.06,0.164,173.69,12,2021,4,2,0,0
ORD-01563,2021-12-16,Webcam,Central,Retail,7,480.26,0.04,59,9.6,4937.51,0.84,3227.35,0.173,558.33,12,2021,4,7,0,2
ORD-01564,2021-12-17,Mouse,West,Retail,2,508.58,0.05,26,9.7,1130.34,1.03,966.3,0.476,459.96,12,2021,4,4,4,2
ORD-01565,2021-12-17,Mouse,North,Online,1,889.95,0.24,67,9.3,3644.98,0.98,676.36,0.437,295.57,12,2021,4,4,2,1
ORD-01566,2021-12-17,Tablet,West,SMB,7,1859.88,0.13,18,4.6,2782.92,0.8,11326.67,0.416,4711.89,12,2021,4,6,4,3
ORD-01567,2021-12-18,Phone,Central,Retail,11,1067.48,0.04,59,3.8,4665.85,0.94,11272.59,0.232,2615.24,12,2021,4,5,0,2
ORD-01568,2021-12-19,Monitor,East,Retail,6,424.59,0.03,56,7.1,1403.37,0.85,2471.11,0.325,803.11,12,2021,4,3,1,2
ORD-01569,2021-12-19,Phone,West,SMB,4,568.87,0.09,27,3.2,391.24,1.2,2070.69,0.297,614.99,12,2021,4,5,4,3
ORD-01570,2021-12-19,Mouse,Central,SMB,19,798.83,0.24,61,0.7,2764.94,0.98,11535.11,0.482,5559.92,12,2021,4,4,0,3
ORD-01571,2021-12-19,Keyboard,Central,Online,19,1265.36,0.11,60,9.0,2655.9,0.97,21397.24,0.196,4193.86,12,2021,4,1,0,1
ORD-01572,2021-12-20,Laptop,North,Enterprise,14,908.06,0.05,58,6.3,1627.37,1.06,12077.2,0.479,5784.98,12,2021,4,2,2,0
ORD-01573,2021-12-20,Webcam,South,SMB,3,815.27,0.12,47,2.1,4934.04,0.94,2152.31,0.383,824.33,12,2021,4,7,3,3
ORD-01574,2021-12-20,Tablet,West,Retail,4,1151.22,0.17,22,0.2,441.59,1.09,3822.05,0.265,1012.84,12,2021,4,6,4,2
ORD-01575,2021-12-21,Keyboard,West,SMB,8,521.58,0.01,21,7.2,2890.65,1.16,4130.91,0.207,855.1,12,2021,4,1,4,3
ORD-01576,2021-12-22,Headphones,West,Retail,18,203.86,0.19,69,8.5,1375.06,1.0,2972.28,0.403,1197.83,12,2021,4,0,4,2
ORD-01577,2021-12-22,Monitor,Central,Online,4,97.61,0.12,62,4.1,109.37,0.95,343.59,0.429,147.4,12,2021,4,3,0,1
ORD-01578,2021-12-22,Keyboard,North,Enterprise,11,539.96,0.0,25,0.8,4940.46,1.01,5939.56,0.243,1443.31,12,2021,4,1,2,0
ORD-01579,2021-12-22,Headphones,Central,Online,16,228.6,0.2,33,6.5,2459.9,1.04,2926.08,0.169,494.51,12,2021,4,0,0,1
ORD-01580,2021-12-22,Keyboard,Central,SMB,3,705.86,0.21,18,3.0,4300.23,1.14,1672.89,0.297,496.85,12,2021,4,1,0,3
ORD-01581,2021-12-23,Monitor,East,Retail,7,1557.22,0.19,66,1.4,4216.33,0.96,8829.44,0.287,2534.05,12,2021,4,3,1,2
ORD-01582,2021-12-23,Webcam,North,SMB,2,1446.77,0.1,32,5.1,4080.16,0.82,2604.19,0.39,1015.63,12,2021,4,7,2,3
ORD-01583,2021-12-24,Keyboard,West,SMB,1,1241.31,0.16,41,4.8,2349.18,1.05,1042.7,0.489,509.88,12,2021,4,1,4,3
ORD-01584,2021-12-24,Tablet,South,SMB,1,1712.38,0.12,32,5.2,4490.04,1.19,1506.89,0.313,471.66,12,2021,4,6,3,3
ORD-01585,2021-12-24,Mouse,West,SMB,6,600.03,0.21,67,8.2,1899.63,1.14,2844.14,0.393,1117.75,12,2021,4,4,4,3
ORD-01586,2021-12-25,Phone,Central,Enterprise,19,1775.85,0.18,23,4.8,2101.1,1.1,27667.74,0.24,6640.26,12,2021,4,5,0,0
ORD-01587,2021-12-25,Keyboard,North,Retail,7,828.52,0.02,19,9.0,1352.96,0.87,5683.65,0.34,1932.44,12,2021,4,1,2,2
ORD-01588,2021-12-26,Tablet,North,SMB,5,831.74,0.19,22,8.4,2295.62,1.1,3368.55,0.146,491.81,12,2021,4,6,2,3
ORD-01589,2021-12-26,Phone,North,Retail,18,840.44,0.21,68,6.5,4933.85,0.83,11951.06,0.426,5091.15,12,2021,4,5,2,2
ORD-01590,2021-12-26,Webcam,East,Enterprise,13,241.28,0.11,56,0.6,2908.88,1.0,2791.61,0.238,664.4,12,2021,4,7,1,0
ORD-01591,2021-12-26,Headphones,West,Retail,1,1952.21,0.26,58,8.6,4172.38,0.95,1444.64,0.132,190.69,12,2021,4,0,4,2
ORD-01592,2021-12-26,Phone,East,Retail,10,320.09,0.25,51,9.1,1390.38,1.16,2400.67,0.496,1190.73,12,2021,4,5,1,2
ORD-01593,2021-12-26,Headphones,South,Enterprise,9,714.73,0.05,56,3.8,4784.01,0.86,6110.94,0.461,2817.14,12,2021,4,0,3,0
ORD-01594,2021-12-27,Keyboard,Central,SMB,17,672.64,0.27,49,5.3,164.55,1.12,8347.46,0.179,1494.2,12,2021,4,1,0,3
ORD-01595,2021-12-27,Tablet,East,Retail,1,195.62,0.13,46,2.8,4658.2,0.82,170.19,0.245,41.7,12,2021,4,6,1,2
ORD-01596,2021-12-27,Mouse,East,Online,1,346.91,0.22,46,0.1,4500.22,1.08,270.59,0.475,128.53,12,2021,4,4,1,1
ORD-01597,2021-12-27,Keyboard,Central,Retail,7,137.47,0.24,41,4.8,430.05,0.92,731.34,0.419,306.43,12,2021,4,1,0,2
ORD-01598,2021-12-28,Headphones,North,SMB,4,620.19,0.15,63,1.3,3063.75,1.19,2108.65,0.463,976.3,12,2021,4,0,2,3
ORD-01599,2021-12-28,Monitor,Central,Online,12,1739.98,0.12,48,1.8,3947.7,1.07,18374.19,0.325,5971.61,12,2021,4,3,0,1
ORD-01600,2021-12-28,Phone,West,SMB,16,711.91,0.27,41,4.8,2078.66,0.92,8315.11,0.197,1638.08,12,2021,4,5,4,3
ORD-01601,2021-12-28,Keyboard,Central,Retail,14,291.2,0.07,32,8.7,550.1,0.89,3791.42,0.191,724.16,12,2021,4,1,0,2
ORD-01602,2021-12-29,Headphones,North,Enterprise,10,1309.1,0.08,29,8.4,4164.06,1.06,12043.72,0.31,3733.55,12,2021,4,0,2,0
ORD-01603,2021-12-29,Webcam,Central,SMB,14,1993.37,0.11,37,9.7,2385.84,0.91,24837.39,0.47,11673.57,12,2021,4,7,0,3
ORD-01604,2021-12-29,Phone,East,SMB,7,503.03,0.26,21,4.8,1389.93,0.87,2605.7,0.353,919.81,12,2021,4,5,1,3
ORD-01605,2021-12-29,Webcam,South,Enterprise,4,595.16,0.28,30,5.5,447.19,1.06,1714.06,0.114,195.4,12,2021,4,7,3,0
ORD-01606,2021-12-29,Headphones,East,Retail,2,1945.1,0.07,58,8.2,3236.84,1.09,3617.89,0.324,1172.2,12,2021,4,0,1,2
ORD-01607,2021-12-29,Tablet,South,SMB,18,398.61,0.26,61,7.0,307.28,0.9,5309.49,0.343,1821.16,12,2021,4,6,3,3
ORD-01608,2021-12-29,Laptop,Central,Retail,16,1046.87,0.08,27,1.8,3976.36,1.01,15409.93,0.333,5131.51,12,2021,4,2,0,2
ORD-01609,2021-12-29,Webcam,West,Retail,9,517.32,0.29,58,4.0,3876.68,1.07,3305.67,0.376,1242.93,12,2021,4,7,4,2
ORD-01610,2021-12-29,Keyboard,Central,Retail,5,1868.09,0.18,40,9.3,1682.42,1.18,7659.17,0.217,1662.04,12,2021,4,1,0,2
ORD-01611,2021-12-30,Mouse,North,Enterprise,9,1963.97,0.0,24,1.5,2414.21,1.12,17675.73,0.158,2792.77,12,2021,4,4,2,0
ORD-01612,2021-12-30,Keyboard,Central,Retail,8,1638.66,0.01,29,2.1,3379.18,0.97,12978.19,0.4,5191.28,12,2021,4,1,0,2
ORD-01613,2021-12-30,Phone,South,Retail,16,663.83,0.04,65,4.0,4799.71,1.14,10196.43,0.179,1825.16,12,2021,4,5,3,2
ORD-01614,2021-12-30,Tablet,East,Online,18,836.8,0.06,32,9.4,2648.74,0.98,14158.66,0.146,2067.16,12,2021,4,6,1,1
ORD-01615,2021-12-30,Headphones,West,Online,4,522.5,0.23,24,1.1,4983.73,0.85,1609.3,0.244,392.67,12,2021,4,0,4,1
ORD-01616,2021-12-31,Monitor,Central,Online,16,1786.98,0.07,25,6.7,1693.02,0.94,26590.26,0.433,11513.58,12,2021,4,3,0,1
ORD-01617,2021-12-31,Mouse,Central,SMB,4,1833.39,0.29,24,1.3,2679.81,1.12,5206.83,0.133,692.51,12,2021,4,4,0,3
ORD-01618,2021-12-31,Tablet,East,SMB,6,866.8,0.19,60,5.2,666.52,1.18,4212.65,0.178,749.85,12,2021,4,6,1,3
ORD-01619,2021-12-31,Webcam,West,Online,3,1330.24,0.21,21,5.4,2826.55,1.19,3152.67,0.29,914.27,12,2021,4,7,4,1
ORD-01620,2021-12-31,Webcam,Central,Enterprise,18,372.83,0.07,67,0.4,2727.94,1.06,6241.17,0.215,1341.85,12,2021,4,7,0,0
ORD-01621,2021-12-31,Keyboard,Central,Enterprise,15,898.13,0.27,68,9.5,4259.19,0.99,9834.52,0.389,3825.63,12,2021,4,1,0,0
ORD-01622,2022-01-01,Monitor,South,Online,8,1281.42,0.2,24,8.1,4983.1,0.86,8201.09,0.37,3034.4,1,2022,1,3,3,1
ORD-01623,2022-01-01,Tablet,South,SMB,18,801.54,0.26,62,3.0,4932.27,0.84,10676.51,0.437,4665.63,1,2022,1,6,3,3
ORD-01624,2022-01-01,Laptop,North,SMB,3,747.32,0.29,58,1.3,1257.88,1.01,1591.79,0.182,289.71,1,2022,1,2,2,3
ORD-01625,2022-01-01,Mouse,East,Enterprise,6,51.95,0.04,47,3.5,1758.38,1.09,299.23,0.36,107.72,1,2022,1,4,1,0
ORD-01626,2022-01-01,Phone,West,Retail,15,1618.37,0.03,35,8.9,1445.82,0.93,23547.28,0.41,9654.38,1,2022,1,5,4,2
ORD-01627,2022-01-01,Tablet,Central,Enterprise,12,1784.21,0.24,47,1.3,1078.43,1.07,16272.0,0.125,2034.0,1,2022,1,6,0,0
ORD-01628,2022-01-02,Tablet,Central,Retail,5,1940.45,0.26,24,3.5,835.67,1.03,7179.66,0.115,825.66,1,2022,1,6,0,2
ORD-01629,2022-01-02,Laptop,North,SMB,7,1452.58,0.18,69,4.9,2607.55,1.18,8337.81,0.324,2701.45,1,2022,1,2,2,3
ORD-01630,2022-01-02,Keyboard,Central,SMB,15,1120.15,0.11,65,0.3,4375.24,0.88,14954.0,0.335,5009.59,1,2022,1,1,0,3
ORD-01631,2022-01-02,Headphones,East,Online,7,575.1,0.2,40,2.7,2990.35,1.04,3220.56,0.257,827.68,1,2022,1,0,1,1
ORD-01632,2022-01-02,Headphones,North,SMB,13,1998.63,0.09,54,6.0,4376.05,0.97,23643.79,0.114,2695.39,1,2022,1,0,2,3
ORD-01633,2022-01-03,Mouse,East,Retail,3,1200.02,0.07,24,3.2,4801.52,0.9,3348.06,0.261,873.84,1,2022,1,4,1,2
ORD-01634,2022-01-03,Mouse,North,Enterprise,13,1378.25,0.15,55,8.7,1977.39,0.94,15229.66,0.357,5436.99,1,2022,1,4,2,0
ORD-01635,2022-01-03,Phone,Central,Online,3,1380.69,0.06,46,9.4,4194.77,0.92,3893.55,0.381,1483.44,1,2022,1,5,0,1
ORD-01636,2022-01-04,Tablet,North,Retail,2,1698.24,0.15,51,4.4,356.44,1.01,2887.01,0.297,857.44,1,2022,1,6,2,2
ORD-01637,2022-01-04,Monitor,South,Enterprise,4,68.86,0.29,56,5.3,2457.26,1.02,195.56,0.31,60.62,1,2022,1,3,3,0
ORD-01638,2022-01-04,Tablet,West,Enterprise,17,479.48,0.25,58,6.3,1904.65,1.15,6113.37,0.369,2255.83,1,2022,1,6,4,0
ORD-01639,2022-01-05,Headphones,Central,Enterprise,6,1347.79,0.28,62,6.6,1103.77,1.11,5822.45,0.28,1630.29,1,2022,1,0,0,0
ORD-01640,2022-01-05,Phone,West,SMB,11,1795.53,0.24,66,0.6,2248.12,0.92,15010.63,0.205,3077.18,1,2022,1,5,4,3
ORD-01641,2022-01-05,Tablet,Central,Enterprise,6,1386.41,0.11,66,0.5,2274.14,1.17,7403.43,0.189,1399.25,1,2022,1,6,0,0
ORD-01642,2022-01-05,Laptop,West,SMB,2,856.31,0.24,64,8.7,4061.84,1.15,1301.59,0.401,521.94,1,2022,1,2,4,3
ORD-01643,2022-01-06,Headphones,South,Enterprise,17,755.03,0.28,35,2.2,4357.7,1.05,9241.57,0.295,2726.26,1,2022,1,0,3,0
ORD-01644,2022-01-06,Tablet,West,Enterprise,3,1489.0,0.28,64,5.8,3319.06,0.81,3216.24,0.35,1125.68,1,2022,1,6,4,0
ORD-01645,2022-01-06,Tablet,North,SMB,12,1495.41,0.2,60,6.2,3203.6,0.88,14355.94,0.288,4134.51,1,2022,1,6,2,3
ORD-01646,2022-01-06,Headphones,West,SMB,14,1233.76,0.06,42,1.6,639.89,1.12,16236.28,0.428,6949.13,1,2022,1,0,4,3
ORD-01647,2022-01-07,Monitor,Central,Retail,2,618.36,0.01,44,7.6,2918.78,0.98,1224.35,0.299,366.08,1,2022,1,3,0,2
ORD-01648,2022-01-07,Headphones,East,Enterprise,5,1854.05,0.04,44,8.7,1444.78,0.85,8899.44,0.495,4405.22,1,2022,1,0,1,0
ORD-01649,2022-01-07,Laptop,West,SMB,10,1126.17,0.29,29,2.9,1544.34,0.96,7995.81,0.197,1575.17,1,2022,1,2,4,3
ORD-01650,2022-01-08,Laptop,West,Retail,10,1591.46,0.14,40,8.8,564.4,0.88,13686.56,0.155,2121.42,1,2022,1,2,4,2
ORD-01651,2022-01-08,Tablet,West,Retail,9,467.9,0.26,34,0.8,3215.75,1.16,3116.21,0.249,775.94,1,2022,1,6,4,2
ORD-01652,2022-01-08,Mouse,Central,SMB,13,720.88,0.14,61,8.0,2960.66,1.16,8059.44,0.467,3763.76,1,2022,1,4,0,3
ORD-01653,2022-01-09,Monitor,West,Enterprise,10,1755.43,0.2,24,6.4,1179.34,0.95,14043.44,0.441,6193.16,1,2022,1,3,4,0
ORD-01654,2022-01-09,Tablet,Central,Retail,6,147.71,0.01,41,5.8,1388.88,0.85,877.4,0.199,174.6,1,2022,1,6,0,2
ORD-01655,2022-01-09,Headphones,Central,Enterprise,11,1049.01,0.07,24,2.3,3887.71,0.94,10731.37,0.34,3648.67,1,2022,1,0,0,0
ORD-01656,2022-01-09,Tablet,East,Enterprise,4,989.33,0.13,46,3.6,3985.37,0.85,3442.87,0.336,1156.8,1,2022,1,6,1,0
ORD-01657,2022-01-10,Phone,North,Retail,14,1514.9,0.19,45,9.1,2516.11,0.92,17178.97,0.217,3727.84,1,2022,1,5,2,2
ORD-01658,2022-01-10,Phone,Central,SMB,17,599.69,0.05,40,4.7,830.11,1.11,9684.99,0.194,1878.89,1,2022,1,5,0,3
ORD-01659,2022-01-10,Mouse,South,Enterprise,2,477.18,0.23,27,5.9,372.4,0.92,734.86,0.256,188.12,1,2022,1,4,3,0
ORD-01660,2022-01-10,Monitor,West,Online,10,1855.96,0.11,33,9.4,1430.2,1.02,16518.04,0.415,6854.99,1,2022,1,3,4,1
ORD-01661,2022-01-10,Keyboard,South,SMB,3,1164.83,0.25,60,4.7,3682.81,0.85,2620.87,0.177,463.89,1,2022,1,1,3,3
ORD-01662,2022-01-10,Webcam,West,Retail,7,254.14,0.03,65,3.9,3044.0,0.94,1725.61,0.278,479.72,1,2022,1,7,4,2
ORD-01663,2022-01-10,Phone,East,Online,7,426.42,0.2,51,8.9,3618.72,0.82,2387.95,0.293,699.67,1,2022,1,5,1,1
ORD-01664,2022-01-11,Keyboard,Central,Enterprise,1,1997.71,0.09,42,9.1,2411.57,1.02,1817.92,0.476,865.33,1,2022,1,1,0,0
ORD-01665,2022-01-11,Laptop,North,SMB,8,431.44,0.24,19,3.5,3798.06,0.94,2623.16,0.221,579.72,1,2022,1,2,2,3
ORD-01666,2022-01-11,Phone,Central,Online,1,1240.43,0.12,67,5.9,2455.95,1.15,1091.58,0.108,117.89,1,2022,1,5,0,1
ORD-01667,2022-01-11,Phone,West,SMB,8,869.25,0.2,22,9.6,511.67,0.96,5563.2,0.377,2097.33,1,2022,1,5,4,3
ORD-01668,2022-01-11,Monitor,North,Enterprise,14,1776.92,0.28,31,0.6,491.31,1.02,17911.35,0.402,7200.36,1,2022,1,3,2,0
ORD-01669,2022-01-11,Mouse,Central,SMB,14,1522.58,0.01,48,0.4,4174.36,1.19,21102.96,0.381,8040.23,1,2022,1,4,0,3
ORD-01670,2022-01-11,Keyboard,North,Online,2,1214.06,0.0,57,5.2,3185.16,1.06,2428.12,0.38,922.69,1,2022,1,1,2,1
ORD-01671,2022-01-12,Headphones,West,SMB,8,70.94,0.23,23,2.9,1467.72,1.0,436.99,0.293,128.04,1,2022,1,0,4,3
ORD-01672,2022-01-12,Phone,East,Retail,19,1765.6,0.19,45,5.8,3810.16,0.84,27172.58,0.107,2907.47,1,2022,1,5,1,2
ORD-01673,2022-01-12,Phone,East,Retail,10,917.1,0.09,26,7.2,765.1,1.13,8345.61,0.392,3271.48,1,2022,1,5,1,2
ORD-01674,2022-01-13,Monitor,Central,Online,7,1866.58,0.15,23,0.7,3261.69,1.06,11106.15,0.475,5275.42,1,2022,1,3,0,1
ORD-01675,2022-01-13,Monitor,South,SMB,13,1016.3,0.01,34,8.8,4948.48,0.84,13079.78,0.163,2132.0,1,2022,1,3,3,3
ORD-01676,2022-01-13,Mouse,West,Online,15,1403.74,0.06,57,2.8,835.1,0.9,19792.73,0.127,2513.68,1,2022,1,4,4,1
ORD-01677,2022-01-13,Keyboard,Central,SMB,11,185.12,0.13,52,3.8,795.53,1.02,1771.6,0.206,364.95,1,2022,1,1,0,3
ORD-01678,2022-01-14,Laptop,Central,Enterprise,14,1503.05,0.25,29,3.4,2392.39,0.82,15782.03,0.44,6944.09,1,2022,1,2,0,0
ORD-01679,2022-01-14,Headphones,East,Retail,11,709.09,0.14,62,8.4,3249.04,1.09,6707.99,0.142,952.53,1,2022,1,0,1,2
ORD-01680,2022-01-14,Mouse,North,Enterprise,2,735.15,0.18,35,1.7,230.08,0.89,1205.65,0.386,465.38,1,2022,1,4,2,0
ORD-01681,2022-01-14,Webcam,West,SMB,2,281.38,0.26,60,0.3,2548.39,1.0,416.44,0.125,52.06,1,2022,1,7,4,3
ORD-01682,2022-01-15,Laptop,North,Enterprise,12,336.37,0.09,51,9.7,507.53,0.9,3673.16,0.113,415.07,1,2022,1,2,2,0
ORD-01683,2022-01-15,Tablet,West,Online,15,412.23,0.21,63,9.8,1282.49,1.0,4884.93,0.457,2232.41,1,2022,1,6,4,1
ORD-01684,2022-01-15,Phone,South,Online,17,690.0,0.26,18,2.6,3590.75,0.88,8680.2,0.408,3541.52,1,2022,1,5,3,1
ORD-01685,2022-01-16,Keyboard,East,SMB,14,1789.34,0.06,32,0.1,3720.44,1.04,23547.71,0.339,7982.67,1,2022,1,1,1,3
ORD-01686,2022-01-16,Mouse,South,Retail,16,768.11,0.11,35,6.5,3675.69,1.16,10937.89,0.169,1848.5,1,2022,1,4,3,2
ORD-01687,2022-01-16,Phone,Central,Online,8,1462.51,0.29,39,6.5,419.22,1.12,8307.06,0.212,1761.1,1,2022,1,5,0,1
ORD-01688,2022-01-16,Keyboard,East,Retail,17,211.36,0.29,35,9.4,3955.14,0.9,2551.12,0.119,303.58,1,2022,1,1,1,2
ORD-01689,2022-01-16,Keyboard,Central,SMB,5,1202.64,0.07,66,3.0,2217.81,1.0,5592.28,0.358,2002.04,1,2022,1,1,0,3
ORD-01690,2022-01-16,Keyboard,South,Retail,12,989.69,0.02,18,1.9,2429.02,0.97,11638.75,0.374,4352.89,1,2022,1,1,3,2
ORD-01691,2022-01-16,Phone,West,SMB,6,1957.02,0.08,63,6.2,2156.48,1.19,10802.75,0.231,2495.44,1,2022,1,5,4,3
ORD-01692,2022-01-16,Mouse,Central,Enterprise,18,1700.11,0.12,37,5.6,4299.41,1.12,26929.74,0.235,6328.49,1,2022,1,4,0,0
ORD-01693,2022-01-17,Headphones,North,SMB,5,936.92,0.13,65,7.2,3431.85,0.84,4075.6,0.352,1434.61,1,2022,1,0,2,3
ORD-01694,2022-01-17,Monitor,West,Enterprise,6,1561.53,0.19,53,8.9,2550.13,0.87,7589.04,0.478,3627.56,1,2022,1,3,4,0
ORD-01695,2022-01-18,Phone,West,SMB,9,426.43,0.27,55,5.6,4188.01,1.08,2801.65,0.258,722.83,1,2022,1,5,4,3
ORD-01696,2022-01-18,Webcam,South,Online,15,1146.56,0.1,42,1.5,4046.28,0.86,15478.56,0.297,4597.13,1,2022,1,7,3,1
ORD-01697,2022-01-18,Keyboard,South,Online,10,195.51,0.25,33,6.0,124.72,1.18,1466.32,0.379,555.74,1,2022,1,1,3,1
ORD-01698,2022-01-18,Mouse,East,Retail,17,728.77,0.03,37,3.7,2446.51,1.2,12017.42,0.237,2848.13,1,2022,1,4,1,2
ORD-01699,2022-01-18,Headphones,East,SMB,19,490.43,0.01,55,4.5,307.01,1.11,9224.99,0.448,4132.8,1,2022,1,0,1,3
ORD-01700,2022-01-18,Tablet,North,SMB,12,1451.87,0.15,64,9.6,1605.21,0.81,14809.07,0.438,6486.37,1,2022,1,6,2,3
ORD-01701,2022-01-18,Webcam,West,SMB,9,1005.68,0.02,50,5.5,4038.8,0.99,8870.1,0.37,3281.94,1,2022,1,7,4,3
ORD-01702,2022-01-18,Laptop,North,Retail,15,1514.59,0.12,24,1.5,4725.86,0.96,19992.59,0.315,6297.67,1,2022,1,2,2,2
ORD-01703,2022-01-18,Webcam,North,Online,14,1054.83,0.27,40,4.4,1286.13,1.12,10780.36,0.493,5314.72,1,2022,1,7,2,1
ORD-01704,2022-01-19,Keyboard,South,SMB,1,218.64,0.07,28,2.3,204.98,0.91,203.34,0.381,77.47,1,2022,1,1,3,3
ORD-01705,2022-01-19,Tablet,North,Retail,17,1483.97,0.21,50,1.4,2071.45,0.95,19929.72,0.357,7114.91,1,2022,1,6,2,2
ORD-01706,2022-01-19,Monitor,North,SMB,1,1674.8,0.09,57,7.1,1742.08,0.84,1524.07,0.451,687.36,1,2022,1,3,2,3
ORD-01707,2022-01-19,Headphones,Central,Enterprise,13,1811.89,0.01,63,6.3,3417.13,0.94,23319.02,0.322,7508.72,1,2022,1,0,0,0
ORD-01708,2022-01-19,Headphones,East,SMB,8,1165.38,0.17,22,5.0,2525.78,1.19,7738.12,0.197,1524.41,1,2022,1,0,1,3
ORD-01709,2022-01-19,Keyboard,East,Enterprise,13,1519.49,0.25,62,4.2,2054.35,1.18,14815.03,0.155,2296.33,1,2022,1,1,1,0
ORD-01710,2022-01-19,Webcam,West,Retail,16,1516.49,0.12,64,3.2,1224.82,1.1,21352.18,0.288,6149.43,1,2022,1,7,4,2
ORD-01711,2022-01-19,Webcam,East,Retail,2,353.71,0.19,58,0.9,4159.55,1.16,573.01,0.306,175.34,1,2022,1,7,1,2
ORD-01712,2022-01-19,Headphones,West,Online,13,370.23,0.27,25,3.0,1317.11,0.88,3513.48,0.431,1514.31,1,2022,1,0,4,1
ORD-01713,2022-01-20,Tablet,Central,SMB,18,188.23,0.24,68,8.4,368.2,1.05,2574.99,0.156,401.7,1,2022,1,6,0,3
ORD-01714,2022-01-20,Keyboard,East,Retail,3,673.83,0.06,34,7.8,2866.59,1.0,1900.2,0.372,706.87,1,2022,1,1,1,2
ORD-01715,2022-01-20,Phone,Central,Online,13,973.34,0.22,68,9.7,1655.01,0.97,9869.67,0.222,2191.07,1,2022,1,5,0,1
ORD-01716,2022-01-21,Mouse,East,SMB,19,1995.9,0.15,35,6.6,3590.93,0.93,32233.78,0.476,15343.28,1,2022,1,4,1,3
ORD-01717,2022-01-21,Tablet,East,Retail,13,890.44,0.22,67,5.5,496.27,1.15,9029.06,0.288,2600.37,1,2022,1,6,1,2
ORD-01718,2022-01-21,Mouse,Central,Enterprise,19,1466.17,0.15,44,3.0,4834.91,0.99,23678.65,0.349,8263.85,1,2022,1,4,0,0
ORD-01719,2022-01-21,Phone,North,Retail,4,1402.12,0.04,48,0.8,1015.6,1.09,5384.14,0.36,1938.29,1,2022,1,5,2,2
ORD-01720,2022-01-21,Phone,North,Enterprise,19,448.74,0.17,21,6.2,1849.58,1.08,7076.63,0.136,962.42,1,2022,1,5,2,0
ORD-01721,2022-01-21,Mouse,North,Online,18,164.09,0.15,19,4.9,2456.68,0.85,2510.58,0.441,1107.17,1,2022,1,4,2,1
ORD-01722,2022-01-21,Tablet,North,Online,6,1114.71,0.16,22,7.6,4461.58,0.82,5618.14,0.166,932.61,1,2022,1,6,2,1
ORD-01723,2022-01-22,Mouse,East,SMB,19,1415.6,0.26,34,4.1,3640.45,1.14,19903.34,0.259,5154.97,1,2022,1,4,1,3
ORD-01724,2022-01-22,Mouse,South,SMB,4,1996.59,0.27,56,9.9,809.66,1.0,5830.04,0.369,2151.28,1,2022,1,4,3,3
ORD-01725,2022-01-22,Laptop,Central,SMB,4,749.29,0.14,49,4.0,2249.21,1.12,2577.56,0.122,314.46,1,2022,1,2,0,3
ORD-01726,2022-01-22,Tablet,South,Online,7,1797.91,0.14,46,3.3,2760.27,0.92,10823.42,0.332,3593.38,1,2022,1,6,3,1
ORD-01727,2022-01-22,Webcam,South,Enterprise,7,794.77,0.15,33,8.7,3540.42,1.14,4728.88,0.264,1248.42,1,2022,1,7,3,0
ORD-01728,2022-01-22,Webcam,West,SMB,16,1394.35,0.16,18,4.0,2901.89,1.13,18740.06,0.126,2361.25,1,2022,1,7,4,3
ORD-01729,2022-01-22,Laptop,North,SMB,16,1216.59,0.29,29,8.7,2340.94,0.95,13820.46,0.391,5403.8,1,2022,1,2,2,3
ORD-01730,2022-01-22,Keyboard,East,Online,5,153.31,0.19,36,0.3,3851.18,0.96,620.91,0.301,186.89,1,2022,1,1,1,1
ORD-01731,2022-01-22,Headphones,North,Enterprise,15,202.86,0.08,26,6.9,1952.48,0.94,2799.47,0.221,618.68,1,2022,1,0,2,0
ORD-01732,2022-01-22,Webcam,North,Retail,4,90.49,0.16,65,0.7,4937.15,0.81,304.05,0.134,40.74,1,2022,1,7,2,2
ORD-01733,2022-01-23,Mouse,South,SMB,13,773.13,0.19,24,1.5,4744.13,1.08,8141.06,0.319,2597.0,1,2022,1,4,3,3
ORD-01734,2022-01-23,Keyboard,West,Retail,19,1504.31,0.19,47,7.0,3566.16,0.91,23151.33,0.222,5139.6,1,2022,1,1,4,2
ORD-01735,2022-01-23,Webcam,North,Retail,7,386.87,0.18,32,2.9,4424.8,1.15,2220.63,0.479,1063.68,1,2022,1,7,2,2
ORD-01736,2022-01-23,Tablet,Central,SMB,12,1231.41,0.05,61,2.1,2026.56,1.16,14038.07,0.337,4730.83,1,2022,1,6,0,3
ORD-01737,2022-01-24,Mouse,Central,Online,9,613.21,0.01,21,8.0,2949.2,1.09,5463.7,0.214,1169.23,1,2022,1,4,0,1
ORD-01738,2022-01-24,Headphones,North,SMB,17,1604.14,0.1,23,9.5,1436.01,0.87,24543.34,0.311,7632.98,1,2022,1,0,2,3
ORD-01739,2022-01-25,Keyboard,South,Enterprise,2,1606.87,0.13,55,2.3,4439.63,0.84,2795.95,0.316,883.52,1,2022,1,1,3,0
ORD-01740,2022-01-25,Webcam,South,Enterprise,16,1562.06,0.02,64,3.2,2408.02,1.13,24493.1,0.391,9576.8,1,2022,1,7,3,0
ORD-01741,2022-01-25,Webcam,East,SMB,7,1073.43,0.24,52,7.1,2727.1,1.16,5710.65,0.461,2632.61,1,2022,1,7,1,3
ORD-01742,2022-01-25,Monitor,West,Retail,18,604.91,0.1,19,8.2,4336.38,0.94,9799.54,0.485,4752.78,1,2022,1,3,4,2
ORD-01743,2022-01-25,Webcam,South,Enterprise,7,1628.42,0.27,22,10.0,4006.66,0.94,8321.23,0.387,3220.32,1,2022,1,7,3,0
ORD-01744,2022-01-25,Phone,East,Enterprise,1,412.9,0.05,25,2.7,1676.54,0.96,392.25,0.318,124.74,1,2022,1,5,1,0
ORD-01745,2022-01-25,Mouse,Central,SMB,3,615.03,0.02,68,5.6,528.4,1.13,1808.19,0.19,343.56,1,2022,1,4,0,3
ORD-01746,2022-01-25,Headphones,Central,SMB,11,408.7,0.14,47,1.3,894.26,1.08,3866.3,0.261,1009.1,1,2022,1,0,0,3
ORD-01747,2022-01-26,Phone,Central,Online,15,1364.71,0.06,65,3.3,1761.57,0.85,19242.41,0.296,5695.75,1,2022,1,5,0,1
ORD-01748,2022-01-26,Laptop,North,SMB,3,1388.16,0.28,36,0.4,1595.93,1.05,2998.43,0.151,452.76,1,2022,1,2,2,3
ORD-01749,2022-01-26,Keyboard,West,SMB,13,1322.39,0.0,47,2.1,287.72,0.8,17191.07,0.203,3489.79,1,2022,1,1,4,3
ORD-01750,2022-01-26,Webcam,East,Enterprise,4,860.42,0.12,48,5.1,2217.12,1.08,3028.68,0.494,1496.17,1,2022,1,7,1,0
ORD-01751,2022-01-26,Laptop,West,Enterprise,8,245.33,0.28,33,1.6,618.67,1.11,1413.1,0.403,569.48,1,2022,1,2,4,0
ORD-01752,2022-01-26,Headphones,North,Enterprise,4,1826.78,0.12,55,8.9,1182.36,1.13,6430.27,0.293,1884.07,1,2022,1,0,2,0
ORD-01753,2022-01-27,Mouse,East,Retail,18,1040.08,0.03,39,7.1,3958.67,1.05,18159.8,0.19,3450.36,1,2022,1,4,1,2
ORD-01754,2022-01-27,Phone,East,Enterprise,7,843.6,0.09,50,0.3,2524.91,0.87,5373.73,0.329,1767.96,1,2022,1,5,1,0
ORD-01755,2022-01-27,Phone,South,Enterprise,11,1198.21,0.15,67,8.8,1927.47,1.12,11203.26,0.193,2162.23,1,2022,1,5,3,0
ORD-01756,2022-01-28,Keyboard,West,SMB,4,425.94,0.06,39,9.8,1008.63,1.16,1601.53,0.177,283.47,1,2022,1,1,4,3
ORD-01757,2022-01-28,Mouse,West,Online,13,308.47,0.14,25,5.0,4344.77,1.05,3448.69,0.138,475.92,1,2022,1,4,4,1
ORD-01758,2022-01-28,Webcam,South,Enterprise,9,840.77,0.25,54,3.1,4528.08,0.91,5675.2,0.238,1350.7,1,2022,1,7,3,0
ORD-01759,2022-01-28,Monitor,Central,Online,9,493.08,0.26,29,2.6,2641.52,0.87,3283.91,0.317,1041.0,1,2022,1,3,0,1
ORD-01760,2022-01-28,Monitor,North,Enterprise,19,526.37,0.01,67,0.9,4614.25,0.89,9901.02,0.164,1623.77,1,2022,1,3,2,0
ORD-01761,2022-01-30,Keyboard,West,Enterprise,3,1790.4,0.05,22,4.9,2377.47,0.81,5102.64,0.18,918.48,1,2022,1,1,4,0
ORD-01762,2022-01-30,Mouse,South,Online,12,1084.98,0.08,42,0.5,625.49,0.8,11978.18,0.256,3066.41,1,2022,1,4,3,1
ORD-01763,2022-01-30,Keyboard,East,SMB,11,992.76,0.18,46,5.0,183.49,0.92,8954.7,0.296,2650.59,1,2022,1,1,1,3
ORD-01764,2022-01-30,Mouse,South,Enterprise,11,1394.49,0.11,30,2.5,729.05,1.17,13652.06,0.405,5529.08,1,2022,1,4,3,0
ORD-01765,2022-01-30,Headphones,Central,Online,17,1905.52,0.25,43,4.8,3151.02,1.05,24295.38,0.327,7944.59,1,2022,1,0,0,1
ORD-01766,2022-01-31,Headphones,North,Enterprise,14,268.79,0.22,39,4.2,1672.44,0.95,2935.19,0.347,1018.51,1,2022,1,0,2,0
ORD-01767,2022-01-31,Laptop,Central,Retail,16,1675.39,0.03,46,3.1,3276.71,0.8,26002.05,0.378,9828.77,1,2022,1,2,0,2
ORD-01768,2022-01-31,Webcam,East,Retail,10,1188.84,0.19,29,4.5,2589.08,1.2,9629.6,0.28,2696.29,1,2022,1,7,1,2
ORD-01769,2022-01-31,Keyboard,East,Retail,4,335.02,0.03,65,4.7,1731.76,0.98,1299.88,0.237,308.07,1,2022,1,1,1,2
ORD-01770,2022-01-31,Webcam,East,Retail,10,629.44,0.08,63,8.3,1171.53,1.2,5790.85,0.42,2432.16,1,2022,1,7,1,2
ORD-01771,2022-01-31,Mouse,East,SMB,12,990.6,0.05,60,6.7,497.11,1.09,11292.84,0.431,4867.21,1,2022,1,4,1,3
ORD-01772,2022-02-01,Monitor,South,Retail,9,1397.8,0.05,45,4.3,3933.72,0.82,11951.19,0.162,1936.09,2,2022,1,3,3,2
ORD-01773,2022-02-01,Webcam,East,Online,15,523.08,0.18,26,9.1,4113.12,1.14,6433.88,0.481,3094.7,2,2022,1,7,1,1
ORD-01774,2022-02-01,Mouse,East,Enterprise,9,1093.01,0.17,27,7.6,2753.11,1.01,8164.78,0.472,3853.78,2,2022,1,4,1,0
ORD-01775,2022-02-01,Headphones,South,Online,7,1385.11,0.05,65,0.8,869.76,0.98,9210.98,0.448,4126.52,2,2022,1,0,3,1
ORD-01776,2022-02-01,Mouse,East,Retail,12,925.04,0.3,68,1.5,1391.29,1.1,7770.34,0.269,2090.22,2,2022,1,4,1,2
ORD-01777,2022-02-01,Keyboard,Central,SMB,14,1732.9,0.13,59,0.8,4780.21,1.11,21106.72,0.437,9223.64,2,2022,1,1,0,3
ORD-01778,2022-02-01,Laptop,Central,Retail,16,1745.45,0.03,43,3.2,1207.11,1.12,27089.38,0.351,9508.37,2,2022,1,2,0,2
ORD-01779,2022-02-02,Laptop,West,Retail,19,967.85,0.04,53,4.4,378.34,1.1,17653.58,0.182,3212.95,2,2022,1,2,4,2
ORD-01780,2022-02-02,Laptop,Central,SMB,3,1947.21,0.18,57,5.0,2795.24,1.06,4790.14,0.41,1963.96,2,2022,1,2,0,3
ORD-01781,2022-02-02,Laptop,North,SMB,11,197.39,0.29,28,8.5,1383.38,1.07,1541.62,0.262,403.9,2,2022,1,2,2,3
ORD-01782,2022-02-02,Headphones,North,SMB,19,56.56,0.17,23,0.2,4791.43,1.14,891.95,0.217,193.55,2,2022,1,0,2,3
ORD-01783,2022-02-02,Tablet,North,SMB,8,792.3,0.28,21,4.3,2916.36,1.08,4563.65,0.451,2058.21,2,2022,1,6,2,3
ORD-01784,2022-02-02,Webcam,South,SMB,8,1222.14,0.13,44,4.1,4832.49,0.84,8506.09,0.445,3785.21,2,2022,1,7,3,3
ORD-01785,2022-02-03,Keyboard,Central,SMB,3,1276.94,0.13,41,9.5,3949.33,1.06,3332.81,0.446,1486.43,2,2022,1,1,0,3
ORD-01786,2022-02-03,Phone,North,Enterprise,10,979.07,0.15,22,2.4,3643.12,0.87,8322.1,0.444,3695.01,2,2022,1,5,2,0
ORD-01787,2022-02-03,Keyboard,West,Retail,13,293.52,0.21,67,1.2,4168.79,0.81,3014.45,0.322,970.65,2,2022,1,1,4,2
ORD-01788,2022-02-03,Tablet,South,Retail,9,382.47,0.11,20,1.4,3063.94,0.89,3063.58,0.347,1063.06,2,2022,1,6,3,2
ORD-01789,2022-02-03,Laptop,West,SMB,6,1711.69,0.26,24,5.2,154.49,0.86,7599.9,0.48,3647.95,2,2022,1,2,4,3
ORD-01790,2022-02-03,Tablet,Central,Online,15,1742.43,0.01,41,3.9,2023.08,0.84,25875.09,0.152,3933.01,2,2022,1,6,0,1
ORD-01791,2022-02-04,Monitor,East,SMB,16,1364.1,0.13,39,7.5,1173.19,0.89,18988.27,0.423,8032.04,2,2022,1,3,1,3
ORD-01792,2022-02-04,Monitor,West,Enterprise,5,1345.23,0.15,29,3.2,2228.13,1.03,5717.23,0.311,1778.06,2,2022,1,3,4,0
ORD-01793,2022-02-04,Webcam,East,Online,13,1215.48,0.18,52,1.3,2405.69,0.86,12957.02,0.491,6361.9,2,2022,1,7,1,1
ORD-01794,2022-02-05,Headphones,South,Enterprise,19,445.71,0.08,34,3.9,726.37,0.91,7791.01,0.356,2773.6,2,2022,1,0,3,0
ORD-01795,2022-02-05,Keyboard,West,Online,2,885.09,0.13,20,8.8,214.81,1.14,1540.06,0.165,254.11,2,2022,1,1,4,1
ORD-01796,2022-02-05,Keyboard,West,Online,6,1406.99,0.15,28,4.1,777.18,1.16,7175.65,0.426,3056.83,2,2022,1,1,4,1
ORD-01797,2022-02-05,Phone,South,SMB,1,1097.64,0.21,23,8.3,4301.39,0.93,867.14,0.369,319.97,2,2022,1,5,3,3
ORD-01798,2022-02-05,Headphones,South,Enterprise,15,86.23,0.23,60,3.7,3803.69,1.16,995.96,0.16,159.35,2,2022,1,0,3,0
ORD-01799,2022-02-05,Phone,North,Online,15,1909.44,0.22,53,2.8,4014.58,1.03,22340.45,0.104,2323.41,2,2022,1,5,2,1
ORD-01800,2022-02-05,Monitor,Central,Enterprise,14,1697.39,0.1,34,7.7,1453.9,0.89,21387.11,0.317,6779.71,2,2022,1,3,0,0
ORD-01801,2022-02-05,Laptop,West,SMB,7,558.06,0.3,39,2.1,1256.89,1.1,2734.49,0.197,538.69,2,2022,1,2,4,3
ORD-01802,2022-02-05,Tablet,West,SMB,5,1252.09,0.25,18,2.3,283.12,1.17,4695.34,0.447,2098.82,2,2022,1,6,4,3
ORD-01803,2022-02-06,Phone,South,SMB,16,1850.32,0.08,61,0.5,2414.12,1.06,27236.71,0.2,5447.34,2,2022,1,5,3,3
ORD-01804,2022-02-06,Mouse,South,SMB,17,237.22,0.06,20,1.9,1973.8,0.88,3790.78,0.365,1383.63,2,2022,1,4,3,3
ORD-01805,2022-02-06,Phone,Central,Retail,11,1030.91,0.09,33,3.8,4195.84,0.83,10319.41,0.238,2456.02,2,2022,1,5,0,2
ORD-01806,2022-02-07,Laptop,South,Online,15,939.67,0.14,52,4.0,3441.15,0.89,12121.74,0.24,2909.22,2,2022,1,2,3,1
ORD-01807,2022-02-07,Laptop,East,Retail,16,849.9,0.26,31,4.2,807.0,0.94,10062.82,0.173,1740.87,2,2022,1,2,1,2
ORD-01808,2022-02-07,Keyboard,East,SMB,3,1679.4,0.23,66,4.8,4937.06,0.93,3879.41,0.301,1167.7,2,2022,1,1,1,3
ORD-01809,2022-02-08,Tablet,East,Online,6,792.26,0.26,68,5.7,3876.14,1.0,3517.63,0.332,1167.85,2,2022,1,6,1,1
ORD-01810,2022-02-08,Laptop,East,Online,13,174.14,0.08,24,1.9,3629.16,1.0,2082.71,0.332,691.46,2,2022,1,2,1,1
ORD-01811,2022-02-08,Headphones,Central,Enterprise,1,178.38,0.18,43,6.1,1161.42,0.99,146.27,0.443,64.8,2,2022,1,0,0,0
ORD-01812,2022-02-08,Phone,West,SMB,14,133.35,0.08,60,3.4,4535.27,0.94,1717.55,0.361,620.04,2,2022,1,5,4,3
ORD-01813,2022-02-08,Phone,East,Retail,2,847.83,0.03,65,7.3,2422.21,0.84,1644.79,0.396,651.34,2,2022,1,5,1,2
ORD-01814,2022-02-09,Monitor,South,Enterprise,2,1450.89,0.21,48,5.6,1558.51,0.97,2292.41,0.229,524.96,2,2022,1,3,3,0
ORD-01815,2022-02-09,Laptop,East,Online,15,447.26,0.04,41,5.5,3308.68,1.19,6440.54,0.268,1726.06,2,2022,1,2,1,1
ORD-01816,2022-02-09,Mouse,Central,Retail,18,1310.61,0.2,36,6.9,1137.58,1.06,18872.78,0.107,2019.39,2,2022,1,4,0,2
ORD-01817,2022-02-09,Keyboard,South,SMB,9,1389.82,0.19,54,3.3,4547.07,0.98,10131.79,0.132,1337.4,2,2022,1,1,3,3
ORD-01818,2022-02-09,Tablet,East,Retail,3,547.64,0.24,18,4.3,4286.28,0.83,1248.62,0.254,317.15,2,2022,1,6,1,2
ORD-01819,2022-02-09,Mouse,West,Retail,4,1221.09,0.04,42,5.8,2378.07,0.89,4688.99,0.184,862.77,2,2022,1,4,4,2
ORD-01820,2022-02-09,Keyboard,South,Retail,15,1385.49,0.24,27,4.2,1034.22,1.03,15794.59,0.425,6712.7,2,2022,1,1,3,2
ORD-01821,2022-02-09,Phone,South,Enterprise,5,959.9,0.3,35,4.4,2532.87,1.0,3359.65,0.371,1246.43,2,2022,1,5,3,0
ORD-01822,2022-02-10,Mouse,West,Online,5,706.6,0.26,59,2.7,830.78,0.81,2614.42,0.488,1275.84,2,2022,1,4,4,1
ORD-01823,2022-02-10,Keyboard,South,Retail,10,1257.35,0.23,18,2.9,1422.26,0.83,9681.59,0.455,4405.12,2,2022,1,1,3,2
ORD-01824,2022-02-10,Phone,East,Online,16,1956.8,0.2,46,7.0,2465.39,0.94,25047.04,0.491,12298.1,2,2022,1,5,1,1
ORD-01825,2022-02-10,Phone,South,Enterprise,12,882.34,0.13,30,0.0,203.58,0.86,9211.63,0.246,2266.06,2,2022,1,5,3,0
ORD-01826,2022-02-10,Phone,East,SMB,14,813.88,0.22,21,1.0,3852.04,1.18,8887.57,0.294,2612.95,2,2022,1,5,1,3
ORD-01827,2022-02-10,Phone,West,SMB,11,955.32,0.22,29,9.5,1064.88,0.81,8196.65,0.249,2040.97,2,2022,1,5,4,3
ORD-01828,2022-02-10,Headphones,North,Retail,19,198.63,0.19,65,1.9,4346.4,1.19,3056.92,0.486,1485.66,2,2022,1,0,2,2
ORD-01829,2022-02-11,Phone,West,Enterprise,6,1128.67,0.24,36,4.2,209.07,1.06,5146.74,0.261,1343.3,2,2022,1,5,4,0
ORD-01830,2022-02-11,Monitor,East,SMB,10,690.96,0.13,43,8.5,2707.45,0.96,6011.35,0.147,883.67,2,2022,1,3,1,3
ORD-01831,2022-02-11,Mouse,Central,Enterprise,3,286.77,0.04,61,0.0,3905.59,1.02,825.9,0.2,165.18,2,2022,1,4,0,0
ORD-01832,2022-02-11,Keyboard,West,Enterprise,15,959.2,0.17,55,9.3,1265.95,0.96,11942.04,0.27,3224.35,2,2022,1,1,4,0
ORD-01833,2022-02-11,Monitor,Central,Retail,11,56.6,0.08,33,0.5,3567.01,1.03,572.79,0.341,195.32,2,2022,1,3,0,2
ORD-01834,2022-02-11,Headphones,Central,Retail,2,833.48,0.12,61,1.7,3632.25,0.86,1466.92,0.347,509.02,2,2022,1,0,0,2
ORD-01835,2022-02-12,Webcam,East,Enterprise,6,256.18,0.01,42,0.3,3225.43,0.85,1521.71,0.404,614.77,2,2022,1,7,1,0
ORD-01836,2022-02-12,Webcam,East,Enterprise,17,97.37,0.11,27,5.2,1884.84,1.01,1473.21,0.359,528.88,2,2022,1,7,1,0
ORD-01837,2022-02-12,Monitor,North,Retail,18,1657.73,0.24,54,9.4,3946.82,0.83,22677.75,0.297,6735.29,2,2022,1,3,2,2
ORD-01838,2022-02-13,Laptop,South,Enterprise,4,1836.69,0.16,45,8.4,3179.33,0.92,6171.28,0.112,691.18,2,2022,1,2,3,0
ORD-01839,2022-02-14,Laptop,West,Retail,9,454.97,0.0,45,6.4,2992.9,1.17,4094.73,0.378,1547.81,2,2022,1,2,4,2
ORD-01840,2022-02-14,Laptop,East,Online,10,1101.63,0.14,42,1.9,4113.89,1.15,9474.02,0.134,1269.52,2,2022,1,2,1,1
ORD-01841,2022-02-14,Tablet,West,Enterprise,2,592.02,0.09,42,8.7,1298.73,1.13,1077.48,0.288,310.31,2,2022,1,6,4,0
ORD-01842,2022-02-15,Laptop,Central,Retail,11,1012.48,0.14,68,7.5,1239.19,1.0,9578.06,0.459,4396.33,2,2022,1,2,0,2
ORD-01843,2022-02-16,Keyboard,South,Enterprise,11,901.43,0.12,29,2.7,1993.59,0.81,8725.84,0.339,2958.06,2,2022,1,1,3,0
ORD-01844,2022-02-16,Monitor,North,Retail,11,574.65,0.28,25,8.1,458.35,0.85,4551.23,0.18,819.22,2,2022,1,3,2,2
ORD-01845,2022-02-16,Keyboard,West,Enterprise,1,1415.77,0.01,53,8.8,1753.23,1.17,1401.61,0.423,592.88,2,2022,1,1,4,0
ORD-01846,2022-02-16,Mouse,South,SMB,14,296.66,0.21,56,7.0,2090.73,1.13,3281.06,0.22,721.83,2,2022,1,4,3,3
ORD-01847,2022-02-17,Laptop,North,SMB,1,153.49,0.26,41,1.0,2525.79,0.95,113.58,0.331,37.59,2,2022,1,2,2,3
ORD-01848,2022-02-17,Headphones,West,Enterprise,9,1546.97,0.29,40,9.8,1344.67,1.09,9885.14,0.354,3499.34,2,2022,1,0,4,0
ORD-01849,2022-02-17,Tablet,South,SMB,1,1348.56,0.05,54,0.8,4543.53,1.14,1281.13,0.392,502.2,2,2022,1,6,3,3
ORD-01850,2022-02-18,Mouse,East,Enterprise,4,1022.13,0.16,28,6.5,1496.88,1.05,3434.36,0.126,432.73,2,2022,1,4,1,0
ORD-01851,2022-02-18,Headphones,West,Enterprise,1,962.19,0.01,34,1.1,4272.6,1.14,952.57,0.442,421.04,2,2022,1,0,4,0
ORD-01852,2022-02-18,Tablet,South,Online,19,1019.95,0.15,45,9.1,2280.27,0.9,16472.19,0.146,2404.94,2,2022,1,6,3,1
ORD-01853,2022-02-18,Webcam,North,Online,10,902.2,0.04,20,3.5,3618.97,0.98,8661.12,0.138,1195.23,2,2022,1,7,2,1
ORD-01854,2022-02-18,Mouse,South,SMB,15,816.14,0.25,19,5.1,643.42,1.03,9181.58,0.283,2598.39,2,2022,1,4,3,3
ORD-01855,2022-02-18,Webcam,East,Online,4,1024.4,0.03,68,1.8,2768.72,1.05,3974.67,0.249,989.69,2,2022,1,7,1,1
ORD-01856,2022-02-18,Monitor,West,Online,14,1080.6,0.15,46,5.5,4808.05,1.19,12859.14,0.122,1568.82,2,2022,1,3,4,1
ORD-01857,2022-02-19,Keyboard,West,Enterprise,5,1399.21,0.16,51,9.4,3364.63,1.14,5876.68,0.166,975.53,2,2022,1,1,4,0
ORD-01858,2022-02-19,Phone,West,Retail,15,1436.85,0.29,31,9.0,4119.42,0.82,15302.45,0.276,4223.48,2,2022,1,5,4,2
ORD-01859,2022-02-19,Keyboard,East,Enterprise,15,786.38,0.2,50,0.6,1379.25,0.87,9436.56,0.432,4076.59,2,2022,1,1,1,0
ORD-01860,2022-02-20,Laptop,North,Online,16,856.4,0.09,65,3.8,4020.83,1.06,12469.18,0.149,1857.91,2,2022,1,2,2,1
ORD-01861,2022-02-20,Webcam,West,Enterprise,16,778.71,0.07,64,2.7,1821.14,0.9,11587.2,0.142,1645.38,2,2022,1,7,4,0
ORD-01862,2022-02-20,Headphones,North,SMB,4,1096.24,0.04,35,4.8,2476.88,0.86,4209.56,0.422,1776.43,2,2022,1,0,2,3
ORD-01863,2022-02-20,Phone,South,Retail,9,934.04,0.23,46,8.3,1020.99,1.07,6472.9,0.297,1922.45,2,2022,1,5,3,2
ORD-01864,2022-02-20,Tablet,North,Online,1,1784.71,0.21,19,7.4,2479.92,1.01,1409.92,0.244,344.02,2,2022,1,6,2,1
ORD-01865,2022-02-21,Webcam,North,Online,5,1407.9,0.18,28,3.4,2626.94,1.12,5772.39,0.285,1645.13,2,2022,1,7,2,1
ORD-01866,2022-02-22,Monitor,West,Enterprise,9,1802.38,0.01,48,3.8,3149.4,0.93,16059.21,0.264,4239.63,2,2022,1,3,4,0
ORD-01867,2022-02-22,Monitor,Central,Enterprise,5,1432.82,0.23,66,6.5,4356.31,0.93,5516.36,0.413,2278.26,2,2022,1,3,0,0
ORD-01868,2022-02-23,Webcam,Central,Enterprise,4,1943.43,0.19,30,1.9,1593.77,0.86,6296.71,0.104,654.86,2,2022,1,7,0,0
ORD-01869,2022-02-23,Webcam,East,Enterprise,16,1289.69,0.29,61,1.0,4922.27,1.06,14650.88,0.273,3999.69,2,2022,1,7,1,0
ORD-01870,2022-02-23,Webcam,East,Online,2,1928.92,0.18,43,2.4,4253.68,1.08,3163.43,0.164,518.8,2,2022,1,7,1,1
ORD-01871,2022-02-23,Tablet,Central,Enterprise,16,358.43,0.09,51,1.2,2074.32,0.86,5218.74,0.223,1163.78,2,2022,1,6,0,0
ORD-01872,2022-02-23,Laptop,South,Online,18,152.33,0.11,67,3.5,1210.65,0.9,2440.33,0.145,353.85,2,2022,1,2,3,1
ORD-01873,2022-02-23,Tablet,West,Enterprise,2,1179.29,0.05,27,9.4,450.32,0.86,2240.65,0.271,607.22,2,2022,1,6,4,0
ORD-01874,2022-02-23,Mouse,West,Retail,16,1967.81,0.22,29,1.2,1248.38,1.1,24558.27,0.357,8767.3,2,2022,1,4,4,2
ORD-01875,2022-02-24,Headphones,South,Retail,1,864.33,0.21,66,8.2,4434.16,0.88,682.82,0.365,249.23,2,2022,1,0,3,2
ORD-01876,2022-02-24,Webcam,South,Enterprise,16,463.48,0.06,39,5.3,1530.95,0.86,6970.74,0.419,2920.74,2,2022,1,7,3,0
ORD-01877,2022-02-24,Headphones,Central,Enterprise,3,1067.01,0.05,63,6.3,776.1,0.83,3040.98,0.426,1295.46,2,2022,1,0,0,0
ORD-01878,2022-02-24,Laptop,East,SMB,15,1315.16,0.02,48,1.7,211.11,1.13,19332.85,0.339,6553.84,2,2022,1,2,1,3
ORD-01879,2022-02-24,Phone,South,Retail,11,664.6,0.27,36,1.5,1558.63,0.85,5336.74,0.241,1286.15,2,2022,1,5,3,2
ORD-01880,2022-02-24,Tablet,East,Online,10,1443.8,0.07,62,1.6,1159.15,0.81,13427.34,0.121,1624.71,2,2022,1,6,1,1
ORD-01881,2022-02-24,Laptop,North,Retail,17,1951.47,0.1,41,6.7,600.79,0.83,29857.49,0.114,3403.75,2,2022,1,2,2,2
ORD-01882,2022-02-24,Headphones,West,Online,4,1799.08,0.08,42,7.5,4760.32,0.95,6620.61,0.145,959.99,2,2022,1,0,4,1
ORD-01883,2022-02-24,Phone,Central,Enterprise,17,618.59,0.12,52,9.2,1411.35,1.04,9254.11,0.494,4571.53,2,2022,1,5,0,0
ORD-01884,2022-02-25,Tablet,West,Retail,4,687.11,0.21,25,4.0,130.27,0.96,2171.27,0.414,898.91,2,2022,1,6,4,2
ORD-01885,2022-02-25,Monitor,Central,Retail,19,774.51,0.26,22,4.6,4726.95,0.98,10889.61,0.262,2853.08,2,2022,1,3,0,2
ORD-01886,2022-02-25,Tablet,North,SMB,1,819.38,0.05,39,4.7,2934.71,1.17,778.41,0.286,222.63,2,2022,1,6,2,3
ORD-01887,2022-02-25,Keyboard,West,SMB,14,245.62,0.21,45,2.7,505.78,1.1,2716.56,0.395,1073.04,2,2022,1,1,4,3
ORD-01888,2022-02-25,Tablet,North,Retail,11,1535.83,0.11,29,3.3,253.97,0.94,15035.78,0.306,4600.95,2,2022,1,6,2,2
ORD-01889,2022-02-25,Keyboard,Central,Retail,7,762.41,0.29,50,8.5,628.46,0.86,3789.18,0.244,924.56,2,2022,1,1,0,2
ORD-01890,2022-02-26,Phone,South,Retail,17,1765.65,0.09,33,3.4,2998.31,1.1,27314.61,0.24,6555.51,2,2022,1,5,3,2
ORD-01891,2022-02-26,Tablet,West,Online,4,1857.53,0.0,43,8.7,403.17,1.03,7430.12,0.184,1367.14,2,2022,1,6,4,1
ORD-01892,2022-02-26,Phone,North,Enterprise,10,97.64,0.15,29,3.1,2883.89,1.18,829.94,0.454,376.79,2,2022,1,5,2,0
ORD-01893,2022-02-26,Phone,West,SMB,17,1977.58,0.05,40,3.4,3297.45,1.16,31937.92,0.266,8495.49,2,2022,1,5,4,3
ORD-01894,2022-02-26,Headphones,West,Enterprise,4,1434.54,0.01,66,5.6,823.13,1.03,5680.78,0.401,2277.99,2,2022,1,0,4,0
ORD-01895,2022-02-26,Laptop,West,SMB,19,1064.76,0.21,43,1.0,2493.32,0.83,15982.05,0.33,5274.08,2,2022,1,2,4,3
ORD-01896,2022-02-26,Phone,East,SMB,18,809.58,0.22,58,9.2,4823.01,0.81,11366.5,0.402,4569.33,2,2022,1,5,1,3
ORD-01897,2022-02-27,Phone,North,SMB,17,1061.11,0.14,30,8.2,4198.79,1.14,15513.43,0.228,3537.06,2,2022,1,5,2,3
ORD-01898,2022-02-27,Headphones,North,Retail,6,683.02,0.2,40,6.7,3644.49,1.08,3278.5,0.401,1314.68,2,2022,1,0,2,2
ORD-01899,2022-02-27,Headphones,West,SMB,7,1264.24,0.16,48,9.9,2636.9,1.02,7433.73,0.416,3092.43,2,2022,1,0,4,3
ORD-01900,2022-02-28,Tablet,South,Enterprise,6,231.31,0.19,53,0.2,2031.95,1.08,1124.17,0.142,159.63,2,2022,1,6,3,0
ORD-01901,2022-02-28,Headphones,West,SMB,12,1261.19,0.18,44,4.1,2312.03,1.02,12410.11,0.137,1700.19,2,2022,1,0,4,3
ORD-01902,2022-03-01,Tablet,East,Enterprise,9,586.92,0.2,53,8.6,3846.59,1.03,4225.82,0.494,2087.56,3,2022,1,6,1,0
ORD-01903,2022-03-01,Monitor,Central,SMB,18,84.39,0.06,64,4.3,2816.06,0.89,1427.88,0.147,209.9,3,2022,1,3,0,3
ORD-01904,2022-03-01,Headphones,East,SMB,2,1127.78,0.08,59,0.1,3846.8,0.98,2075.12,0.374,776.09,3,2022,1,0,1,3
ORD-01905,2022-03-01,Laptop,South,Retail,17,1177.97,0.13,40,1.6,4852.38,0.8,17422.18,0.399,6951.45,3,2022,1,2,3,2
ORD-01906,2022-03-01,Phone,West,Enterprise,1,881.81,0.13,55,4.3,3238.52,1.07,767.17,0.125,95.9,3,2022,1,5,4,0
ORD-01907,2022-03-01,Laptop,North,SMB,9,190.96,0.23,20,6.7,3055.21,0.93,1323.35,0.399,528.02,3,2022,1,2,2,3
ORD-01908,2022-03-01,Keyboard,West,SMB,6,1792.02,0.11,47,1.6,2090.19,1.06,9569.39,0.268,2564.6,3,2022,1,1,4,3
ORD-01909,2022-03-02,Webcam,South,Enterprise,2,1242.29,0.05,49,4.5,1064.09,1.17,2360.35,0.21,495.67,3,2022,1,7,3,0
ORD-01910,2022-03-03,Headphones,North,SMB,6,275.64,0.08,32,0.1,1933.58,1.04,1521.53,0.366,556.88,3,2022,1,0,2,3
ORD-01911,2022-03-03,Phone,East,Online,9,1046.31,0.06,55,4.8,2648.48,0.93,8851.78,0.433,3832.82,3,2022,1,5,1,1
ORD-01912,2022-03-03,Laptop,Central,Retail,3,1019.65,0.22,28,9.0,270.79,0.88,2385.98,0.329,784.99,3,2022,1,2,0,2
ORD-01913,2022-03-03,Headphones,Central,Enterprise,16,167.78,0.14,19,6.0,2431.44,0.9,2308.65,0.448,1034.28,3,2022,1,0,0,0
ORD-01914,2022-03-03,Headphones,West,Retail,15,1233.38,0.21,43,4.4,4324.53,1.19,14615.55,0.109,1593.09,3,2022,1,0,4,2
ORD-01915,2022-03-04,Webcam,East,Online,12,1626.24,0.12,51,1.6,4885.46,1.05,17173.09,0.395,6783.37,3,2022,1,7,1,1
ORD-01916,2022-03-04,Monitor,South,Online,8,1510.57,0.27,18,2.0,4292.19,0.98,8821.73,0.168,1482.05,3,2022,1,3,3,1
ORD-01917,2022-03-04,Monitor,Central,Online,6,445.79,0.3,28,0.8,942.71,0.89,1872.32,0.214,400.68,3,2022,1,3,0,1
ORD-01918,2022-03-04,Phone,East,Enterprise,3,1731.47,0.2,22,7.4,859.56,1.11,4155.53,0.329,1367.17,3,2022,1,5,1,0
ORD-01919,2022-03-05,Keyboard,West,Online,4,717.96,0.26,43,0.8,2027.23,0.95,2125.16,0.21,446.28,3,2022,1,1,4,1
ORD-01920,2022-03-05,Monitor,North,Enterprise,10,1895.69,0.15,23,3.8,1204.61,0.92,16113.37,0.167,2690.93,3,2022,1,3,2,0
ORD-01921,2022-03-05,Webcam,West,Enterprise,14,189.91,0.28,52,7.5,3412.37,0.89,1914.29,0.454,869.09,3,2022,1,7,4,0
ORD-01922,2022-03-05,Monitor,West,SMB,15,998.11,0.25,69,7.1,514.33,0.87,11228.74,0.463,5198.91,3,2022,1,3,4,3
ORD-01923,2022-03-05,Keyboard,East,Enterprise,7,1214.39,0.3,22,5.8,2274.22,0.91,5950.51,0.115,684.31,3,2022,1,1,1,0
ORD-01924,2022-03-05,Laptop,Central,Online,7,532.92,0.19,69,5.7,1473.75,1.05,3021.66,0.3,906.5,3,2022,1,2,0,1
ORD-01925,2022-03-05,Monitor,East,Enterprise,8,1554.19,0.23,26,0.9,3017.47,0.9,9573.81,0.181,1732.86,3,2022,1,3,1,0
ORD-01926,2022-03-05,Webcam,North,Enterprise,10,1272.45,0.16,45,1.7,4005.62,0.82,10688.58,0.445,4756.42,3,2022,1,7,2,0
ORD-01927,2022-03-06,Tablet,East,Retail,19,85.31,0.08,36,5.3,4625.46,0.94,1491.22,0.285,425.0,3,2022,1,6,1,2
ORD-01928,2022-03-06,Webcam,South,Online,19,1236.32,0.11,22,3.5,4822.88,1.03,20906.17,0.291,6083.7,3,2022,1,7,3,1
ORD-01929,2022-03-07,Mouse,West,Enterprise,2,1008.38,0.27,40,0.2,1820.85,0.82,1472.23,0.351,516.75,3,2022,1,4,4,0
ORD-01930,2022-03-07,Mouse,Central,SMB,15,432.26,0.02,61,8.0,4293.65,0.98,6354.22,0.122,775.21,3,2022,1,4,0,3
ORD-01931,2022-03-07,Monitor,North,Enterprise,1,1991.71,0.18,61,6.5,3000.62,0.82,1633.2,0.151,246.61,3,2022,1,3,2,0
ORD-01932,2022-03-07,Laptop,West,Enterprise,10,1799.47,0.11,33,3.3,3492.05,1.11,16015.28,0.299,4788.57,3,2022,1,2,4,0
ORD-01933,2022-03-08,Headphones,East,Retail,6,620.39,0.12,24,1.0,4270.54,1.15,3275.66,0.487,1595.25,3,2022,1,0,1,2
ORD-01934,2022-03-08,Laptop,South,Online,13,1105.09,0.27,31,5.9,737.55,1.19,10487.3,0.437,4582.95,3,2022,1,2,3,1
ORD-01935,2022-03-08,Webcam,East,Online,10,667.18,0.26,39,3.5,4742.3,1.08,4937.13,0.456,2251.33,3,2022,1,7,1,1
ORD-01936,2022-03-08,Phone,West,SMB,12,1562.22,0.18,26,2.6,2782.25,1.05,15372.24,0.155,2382.7,3,2022,1,5,4,3
ORD-01937,2022-03-08,Tablet,North,SMB,6,1864.15,0.08,64,7.2,1746.42,1.08,10290.11,0.483,4970.12,3,2022,1,6,2,3
ORD-01938,2022-03-09,Laptop,Central,SMB,6,749.72,0.14,40,3.3,1759.78,1.14,3868.56,0.392,1516.48,3,2022,1,2,0,3
ORD-01939,2022-03-09,Keyboard,West,Enterprise,1,1620.89,0.12,60,1.4,3779.9,1.12,1426.38,0.23,328.07,3,2022,1,1,4,0
ORD-01940,2022-03-10,Webcam,North,Enterprise,12,1021.89,0.11,21,4.8,3425.43,0.98,10913.79,0.446,4867.55,3,2022,1,7,2,0
ORD-01941,2022-03-10,Tablet,West,SMB,10,823.33,0.03,60,8.3,3674.45,1.06,7986.3,0.399,3186.53,3,2022,1,6,4,3
ORD-01942,2022-03-10,Mouse,South,Online,14,1879.92,0.16,43,8.5,1339.68,0.86,22107.86,0.395,8732.6,3,2022,1,4,3,1
ORD-01943,2022-03-11,Webcam,East,Online,15,1045.29,0.09,58,8.5,933.96,1.08,14268.21,0.394,5621.67,3,2022,1,7,1,1
ORD-01944,2022-03-11,Tablet,Central,SMB,4,961.45,0.2,23,4.2,3637.11,1.09,3076.64,0.42,1292.19,3,2022,1,6,0,3
ORD-01945,2022-03-11,Keyboard,North,Retail,1,1361.25,0.1,48,7.9,1562.56,1.12,1225.12,0.479,586.83,3,2022,1,1,2,2
ORD-01946,2022-03-11,Monitor,Central,Online,8,559.41,0.13,34,8.5,1189.94,1.13,3893.49,0.155,603.49,3,2022,1,3,0,1
ORD-01947,2022-03-11,Keyboard,Central,Online,3,683.35,0.02,26,4.6,1151.58,0.98,2009.05,0.5,1004.52,3,2022,1,1,0,1
ORD-01948,2022-03-11,Keyboard,Central,SMB,14,1867.49,0.3,44,3.2,827.16,1.16,18301.4,0.449,8217.33,3,2022,1,1,0,3
ORD-01949,2022-03-11,Monitor,North,Online,17,1373.13,0.15,23,7.0,2191.4,1.19,19841.73,0.277,5496.16,3,2022,1,3,2,1
ORD-01950,2022-03-11,Monitor,North,Enterprise,2,1661.94,0.01,23,9.0,1378.65,1.19,3290.64,0.163,536.37,3,2022,1,3,2,0
ORD-01951,2022-03-12,Monitor,Central,Enterprise,15,578.67,0.16,21,9.7,4479.94,1.03,7291.24,0.282,2056.13,3,2022,1,3,0,0
ORD-01952,2022-03-12,Monitor,East,Online,6,1110.39,0.26,69,2.9,3476.78,1.02,4930.13,0.411,2026.28,3,2022,1,3,1,1
ORD-01953,2022-03-12,Monitor,West,Enterprise,5,1944.22,0.23,60,9.6,3744.92,0.98,7485.25,0.341,2552.47,3,2022,1,3,4,0
ORD-01954,2022-03-13,Keyboard,Central,Retail,14,671.47,0.21,20,5.0,2077.69,0.92,7426.46,0.212,1574.41,3,2022,1,1,0,2
ORD-01955,2022-03-14,Phone,South,Online,19,362.93,0.04,41,3.1,3041.03,0.93,6619.84,0.263,1741.02,3,2022,1,5,3,1
ORD-01956,2022-03-14,Phone,Central,SMB,9,1046.23,0.2,35,9.9,2553.91,0.89,7532.86,0.482,3630.84,3,2022,1,5,0,3
ORD-01957,2022-03-14,Webcam,North,Enterprise,8,806.25,0.23,49,8.8,920.51,1.18,4966.5,0.422,2095.86,3,2022,1,7,2,0
ORD-01958,2022-03-15,Laptop,West,Retail,3,361.18,0.17,65,6.9,334.48,1.05,899.34,0.15,134.9,3,2022,1,2,4,2
ORD-01959,2022-03-15,Phone,South,Retail,18,1782.68,0.27,38,8.9,3449.24,1.17,23424.42,0.318,7448.97,3,2022,1,5,3,2
ORD-01960,2022-03-15,Mouse,West,Enterprise,8,1981.91,0.08,65,6.8,693.75,0.95,14586.86,0.472,6885.0,3,2022,1,4,4,0
ORD-01961,2022-03-16,Phone,West,Retail,16,1158.74,0.07,46,4.4,381.01,0.92,17242.05,0.114,1965.59,3,2022,1,5,4,2
ORD-01962,2022-03-16,Keyboard,South,Online,15,1560.62,0.26,49,9.5,2265.15,0.85,17322.88,0.117,2026.78,3,2022,1,1,3,1
ORD-01963,2022-03-16,Monitor,Central,Retail,15,1725.12,0.19,42,9.6,3716.33,0.92,20960.21,0.387,8111.6,3,2022,1,3,0,2
ORD-01964,2022-03-17,Webcam,Central,Enterprise,16,1416.91,0.0,29,3.1,3867.46,1.16,22670.56,0.33,7481.28,3,2022,1,7,0,0
ORD-01965,2022-03-17,Monitor,Central,Retail,1,136.1,0.11,63,3.5,4380.0,1.03,121.13,0.118,14.29,3,2022,1,3,0,2
ORD-01966,2022-03-17,Headphones,East,Enterprise,10,357.39,0.26,26,3.8,1076.15,0.98,2644.69,0.498,1317.06,3,2022,1,0,1,0
ORD-01967,2022-03-17,Headphones,Central,Enterprise,19,188.43,0.01,24,8.2,4929.56,1.03,3544.37,0.332,1176.73,3,2022,1,0,0,0
ORD-01968,2022-03-18,Headphones,South,Retail,5,69.27,0.0,31,7.9,3839.72,1.16,346.35,0.297,102.87,3,2022,1,0,3,2
ORD-01969,2022-03-18,Keyboard,East,Enterprise,18,646.69,0.08,37,9.8,870.35,0.88,10709.19,0.279,2987.86,3,2022,1,1,1,0
ORD-01970,2022-03-18,Mouse,Central,Enterprise,3,815.09,0.27,37,4.7,4219.53,1.19,1785.05,0.38,678.32,3,2022,1,4,0,0
ORD-01971,2022-03-18,Phone,East,SMB,4,520.01,0.27,27,7.4,2544.9,1.07,1518.43,0.283,429.72,3,2022,1,5,1,3
ORD-01972,2022-03-18,Keyboard,South,Online,4,175.98,0.16,28,8.6,426.08,1.14,591.29,0.364,215.23,3,2022,1,1,3,1
ORD-01973,2022-03-18,Laptop,Central,Enterprise,11,1083.23,0.17,56,2.2,747.0,1.01,9889.89,0.295,2917.52,3,2022,1,2,0,0
ORD-01974,2022-03-18,Webcam,North,Online,9,582.97,0.1,36,6.2,2226.08,0.89,4722.06,0.344,1624.39,3,2022,1,7,2,1
ORD-01975,2022-03-19,Monitor,South,SMB,1,1602.27,0.07,36,5.5,2699.48,1.03,1490.11,0.422,628.83,3,2022,1,3,3,3
ORD-01976,2022-03-19,Headphones,West,SMB,16,65.7,0.24,60,7.4,4742.71,0.83,798.91,0.427,341.13,3,2022,1,0,4,3
ORD-01977,2022-03-19,Tablet,West,SMB,9,1692.93,0.03,23,7.0,1156.99,1.14,14779.28,0.44,6502.88,3,2022,1,6,4,3
ORD-01978,2022-03-19,Laptop,South,SMB,11,1911.77,0.15,25,8.1,2423.11,1.06,17875.05,0.181,3235.38,3,2022,1,2,3,3
ORD-01979,2022-03-19,Headphones,West,Online,6,1446.46,0.19,18,3.1,1206.86,0.91,7029.8,0.124,871.7,3,2022,1,0,4,1
ORD-01980,2022-03-20,Mouse,South,Retail,17,1480.61,0.03,40,2.2,2836.16,0.91,24415.26,0.434,10596.22,3,2022,1,4,3,2
ORD-01981,2022-03-20,Laptop,North,Retail,12,1870.45,0.16,57,8.1,4555.66,1.16,18854.14,0.117,2205.93,3,2022,1,2,2,2
ORD-01982,2022-03-20,Keyboard,South,Online,8,457.69,0.17,54,3.6,2881.98,1.14,3039.06,0.185,562.23,3,2022,1,1,3,1
ORD-01983,2022-03-20,Phone,Central,Enterprise,16,1989.4,0.22,27,2.9,2599.35,1.11,24827.71,0.31,7696.59,3,2022,1,5,0,0
ORD-01984,2022-03-21,Monitor,Central,Online,5,1558.29,0.07,19,3.4,3775.63,0.97,7246.05,0.442,3202.75,3,2022,1,3,0,1
ORD-01985,2022-03-21,Webcam,East,Enterprise,1,1466.81,0.09,53,0.7,823.31,1.15,1334.8,0.459,612.67,3,2022,1,7,1,0
ORD-01986,2022-03-21,Mouse,West,Enterprise,17,754.13,0.17,19,7.7,4537.51,0.9,10640.77,0.351,3734.91,3,2022,1,4,4,0
ORD-01987,2022-03-21,Mouse,West,Retail,8,1114.27,0.29,32,7.2,2930.41,0.81,6329.05,0.487,3082.25,3,2022,1,4,4,2
ORD-01988,2022-03-21,Tablet,South,SMB,10,1325.14,0.07,37,5.5,3462.92,0.97,12323.8,0.392,4830.93,3,2022,1,6,3,3
ORD-01989,2022-03-21,Laptop,West,Retail,18,1259.67,0.3,59,7.2,4112.91,1.17,15871.84,0.311,4936.14,3,2022,1,2,4,2
ORD-01990,2022-03-21,Tablet,Central,Retail,15,1424.72,0.21,38,3.7,3211.69,1.03,16882.93,0.154,2599.97,3,2022,1,6,0,2
ORD-01991,2022-03-22,Phone,North,Online,13,210.64,0.25,47,3.0,3241.91,0.89,2053.74,0.272,558.62,3,2022,1,5,2,1
ORD-01992,2022-03-22,Headphones,South,Online,10,743.51,0.03,41,8.6,3675.15,1.06,7212.05,0.429,3093.97,3,2022,1,0,3,1
ORD-01993,2022-03-22,Phone,West,Enterprise,9,896.3,0.09,19,4.2,355.96,1.1,7340.7,0.213,1563.57,3,2022,1,5,4,0
ORD-01994,2022-03-22,Headphones,Central,Online,13,558.23,0.02,55,2.0,1972.83,1.02,7111.85,0.331,2354.02,3,2022,1,0,0,1
ORD-01995,2022-03-23,Tablet,East,Enterprise,3,386.62,0.11,39,7.5,4818.39,1.14,1032.28,0.493,508.91,3,2022,1,6,1,0
ORD-01996,2022-03-23,Monitor,West,Enterprise,3,320.91,0.29,46,3.4,1363.89,1.04,683.54,0.17,116.2,3,2022,1,3,4,0
ORD-01997,2022-03-23,Phone,North,SMB,1,764.45,0.03,31,2.1,2757.05,0.84,741.52,0.141,104.55,3,2022,1,5,2,3
ORD-01998,2022-03-23,Tablet,North,SMB,2,1012.21,0.17,22,0.3,959.59,1.12,1680.27,0.418,702.35,3,2022,1,6,2,3
ORD-01999,2022-03-23,Laptop,West,Retail,11,172.8,0.0,41,9.7,1684.04,0.86,1900.8,0.11,209.09,3,2022,1,2,4,2
ORD-02000,2022-03-23,Tablet,West,SMB,14,1895.59,0.21,43,4.7,3613.69,1.15,20965.23,0.357,7484.59,3,2022,1,6,4,3
ORD-02001,2022-03-23,Tablet,Central,Enterprise,10,1542.22,0.06,19,1.6,3251.16,1.01,14496.87,0.234,3392.27,3,2022,1,6,0,0
ORD-02002,2022-03-24,Keyboard,West,Online,7,1475.16,0.04,63,7.6,2130.15,1.09,9913.08,0.39,3866.1,3,2022,1,1,4,1
ORD-02003,2022-03-24,Phone,East,SMB,1,387.08,0.1,62,8.9,4696.57,1.19,348.37,0.148,51.56,3,2022,1,5,1,3
ORD-02004,2022-03-24,Webcam,Central,SMB,7,1227.41,0.23,51,5.3,3897.73,0.97,6615.74,0.232,1534.85,3,2022,1,7,0,3
ORD-02005,2022-03-25,Monitor,South,SMB,15,1082.96,0.03,40,0.3,1412.83,0.98,15757.07,0.107,1686.01,3,2022,1,3,3,3
ORD-02006,2022-03-25,Monitor,East,SMB,11,1965.81,0.07,58,3.7,2380.69,1.13,20110.24,0.194,3901.39,3,2022,1,3,1,3
ORD-02007,2022-03-25,Keyboard,Central,Enterprise,6,1507.96,0.0,52,2.4,4402.37,0.84,9047.76,0.293,2650.99,3,2022,1,1,0,0
ORD-02008,2022-03-25,Headphones,Central,Enterprise,7,1172.74,0.29,32,6.4,210.07,0.81,5828.52,0.171,996.68,3,2022,1,0,0,0
ORD-02009,2022-03-25,Mouse,North,Retail,7,1709.08,0.18,20,5.2,2949.18,1.04,9810.12,0.34,3335.44,3,2022,1,4,2,2
ORD-02010,2022-03-26,Headphones,Central,Online,1,352.43,0.22,29,3.6,1236.61,0.87,274.9,0.147,40.41,3,2022,1,0,0,1
ORD-02011,2022-03-26,Monitor,East,Retail,10,79.67,0.2,55,6.5,412.72,0.9,637.36,0.398,253.67,3,2022,1,3,1,2
ORD-02012,2022-03-26,Tablet,West,Retail,15,1395.96,0.04,68,5.8,4573.02,1.19,20101.82,0.469,9427.75,3,2022,1,6,4,2
ORD-02013,2022-03-26,Keyboard,East,SMB,8,241.71,0.18,34,9.1,4099.79,1.06,1585.62,0.254,402.75,3,2022,1,1,1,3
ORD-02014,2022-03-26,Laptop,South,Online,19,275.1,0.04,55,6.0,1007.94,1.14,5017.82,0.311,1560.54,3,2022,1,2,3,1
ORD-02015,2022-03-27,Phone,Central,SMB,3,1502.13,0.12,44,5.1,4201.04,1.16,3965.62,0.295,1169.86,3,2022,1,5,0,3
ORD-02016,2022-03-27,Phone,Central,Enterprise,15,577.54,0.17,36,8.2,817.49,0.85,7190.37,0.414,2976.81,3,2022,1,5,0,0
ORD-02017,2022-03-28,Webcam,Central,Retail,4,1275.83,0.17,66,2.0,2433.19,1.17,4235.76,0.498,2109.41,3,2022,1,7,0,2
ORD-02018,2022-03-28,Phone,Central,Online,6,1838.94,0.04,65,2.4,3656.29,1.15,10592.29,0.394,4173.36,3,2022,1,5,0,1
ORD-02019,2022-03-28,Tablet,North,Enterprise,10,667.13,0.01,38,7.8,2715.65,0.82,6604.59,0.186,1228.45,3,2022,1,6,2,0
ORD-02020,2022-03-29,Laptop,North,Retail,18,473.43,0.24,57,4.4,4268.83,1.19,6476.52,0.378,2448.12,3,2022,1,2,2,2
ORD-02021,2022-03-29,Keyboard,West,Online,16,257.8,0.22,41,4.1,3122.7,0.98,3217.34,0.346,1113.2,3,2022,1,1,4,1
ORD-02022,2022-03-29,Keyboard,Central,Retail,18,304.4,0.02,41,8.9,2216.56,1.19,5369.62,0.184,988.01,3,2022,1,1,0,2
ORD-02023,2022-03-29,Phone,South,Online,6,171.33,0.04,36,6.1,4633.29,1.13,986.86,0.196,193.42,3,2022,1,5,3,1
ORD-02024,2022-03-29,Laptop,West,Retail,19,220.9,0.27,48,8.0,277.84,0.98,3063.88,0.361,1106.06,3,2022,1,2,4,2
ORD-02025,2022-03-29,Laptop,Central,SMB,17,892.41,0.23,57,8.1,2493.15,1.0,11681.65,0.423,4941.34,3,2022,1,2,0,3
ORD-02026,2022-03-29,Laptop,North,Retail,18,675.69,0.3,37,1.2,3337.83,0.91,8513.69,0.405,3448.04,3,2022,1,2,2,2
ORD-02027,2022-03-30,Monitor,South,Retail,13,1427.79,0.08,32,6.5,4196.69,0.99,17076.37,0.343,5857.19,3,2022,1,3,3,2
ORD-02028,2022-03-30,Monitor,West,Online,7,1746.97,0.15,57,9.5,2751.67,0.84,10394.47,0.475,4937.37,3,2022,1,3,4,1
ORD-02029,2022-03-30,Phone,South,Online,12,1580.31,0.07,52,4.8,4439.04,1.16,17636.26,0.392,6913.41,3,2022,1,5,3,1
ORD-02030,2022-03-30,Laptop,Central,SMB,2,1084.74,0.19,65,7.3,2188.76,1.09,1757.28,0.317,557.06,3,2022,1,2,0,3
ORD-02031,2022-03-30,Mouse,East,Online,12,249.76,0.03,52,5.7,1653.93,1.12,2907.21,0.426,1238.47,3,2022,1,4,1,1
ORD-02032,2022-03-31,Laptop,South,Retail,12,1434.05,0.04,50,2.0,4871.68,1.01,16520.26,0.216,3568.38,3,2022,1,2,3,2
ORD-02033,2022-03-31,Keyboard,South,Online,4,757.52,0.02,57,2.0,3369.19,0.85,2969.48,0.205,608.74,3,2022,1,1,3,1
ORD-02034,2022-03-31,Keyboard,North,Online,4,217.02,0.21,58,4.3,2186.31,1.01,685.78,0.489,335.35,3,2022,1,1,2,1
ORD-02035,2022-03-31,Phone,Central,Online,18,1692.81,0.15,61,4.8,4403.13,0.93,25899.99,0.48,12432.0,3,2022,1,5,0,1
ORD-02036,2022-03-31,Mouse,South,SMB,16,709.52,0.19,35,5.0,3447.09,0.8,9195.38,0.452,4156.31,3,2022,1,4,3,3
ORD-02037,2022-03-31,Laptop,Central,SMB,14,475.59,0.26,34,9.6,3225.88,1.05,4927.11,0.186,916.44,3,2022,1,2,0,3
ORD-02038,2022-03-31,Headphones,North,Enterprise,17,1749.33,0.22,25,1.0,3669.84,1.14,23196.12,0.335,7770.7,3,2022,1,0,2,0
ORD-02039,2022-04-01,Mouse,Central,SMB,17,1809.16,0.14,37,3.8,3717.64,1.08,26449.92,0.314,8305.27,4,2022,2,4,0,3
ORD-02040,2022-04-01,Webcam,North,SMB,3,710.99,0.3,28,5.1,2515.62,0.89,1493.08,0.181,270.25,4,2022,2,7,2,3
ORD-02041,2022-04-01,Phone,North,SMB,6,741.86,0.14,47,9.6,2154.61,1.13,3828.0,0.279,1068.01,4,2022,2,5,2,3
ORD-02042,2022-04-01,Keyboard,West,Retail,13,1180.28,0.03,44,5.0,4555.49,0.92,14883.33,0.286,4256.63,4,2022,2,1,4,2
ORD-02043,2022-04-01,Headphones,Central,Enterprise,9,1480.21,0.3,56,7.8,2536.51,0.89,9325.32,0.196,1827.76,4,2022,2,0,0,0
ORD-02044,2022-04-01,Keyboard,East,Retail,9,173.14,0.01,31,7.5,1157.53,1.18,1542.68,0.482,743.57,4,2022,2,1,1,2
ORD-02045,2022-04-02,Monitor,West,SMB,8,1207.02,0.16,59,5.7,2655.85,0.81,8111.17,0.297,2409.02,4,2022,2,3,4,3
ORD-02046,2022-04-02,Phone,North,SMB,17,1908.0,0.09,32,1.3,268.67,0.87,29516.76,0.31,9150.2,4,2022,2,5,2,3
ORD-02047,2022-04-02,Phone,East,Enterprise,16,561.08,0.15,29,2.2,3644.26,0.99,7630.69,0.339,2586.8,4,2022,2,5,1,0
ORD-02048,2022-04-02,Laptop,South,Enterprise,16,1822.21,0.17,37,2.4,722.22,0.87,24198.95,0.455,11010.52,4,2022,2,2,3,0
ORD-02049,2022-04-02,Laptop,South,Online,19,1902.83,0.07,34,0.4,647.45,0.87,33623.01,0.313,10524.0,4,2022,2,2,3,1
ORD-02050,2022-04-02,Monitor,West,SMB,16,574.85,0.17,57,3.8,4737.15,1.05,7634.01,0.316,2412.35,4,2022,2,3,4,3
ORD-02051,2022-04-02,Headphones,East,SMB,14,1520.69,0.23,43,6.1,3885.53,1.13,16393.04,0.196,3213.04,4,2022,2,0,1,3
ORD-02052,2022-04-02,Webcam,Central,Retail,14,515.61,0.08,31,1.4,2129.72,1.06,6641.06,0.341,2264.6,4,2022,2,7,0,2
ORD-02053,2022-04-02,Tablet,East,Online,14,1488.34,0.12,42,1.8,1273.92,0.84,18336.35,0.252,4620.76,4,2022,2,6,1,1
ORD-02054,2022-04-03,Mouse,West,SMB,14,1604.97,0.08,43,7.1,4233.1,1.16,20672.01,0.359,7421.25,4,2022,2,4,4,3
ORD-02055,2022-04-03,Tablet,Central,Retail,12,532.05,0.25,64,1.7,4846.06,1.17,4788.45,0.22,1053.46,4,2022,2,6,0,2
ORD-02056,2022-04-04,Tablet,Central,Enterprise,6,1445.95,0.22,42,1.4,2590.94,0.91,6767.05,0.386,2612.08,4,2022,2,6,0,0
ORD-02057,2022-04-04,Phone,South,Retail,13,1633.6,0.26,42,9.8,2942.37,1.02,15715.23,0.348,5468.9,4,2022,2,5,3,2
ORD-02058,2022-04-04,Mouse,East,SMB,16,749.23,0.05,44,0.1,1290.96,0.99,11388.3,0.29,3302.61,4,2022,2,4,1,3
ORD-02059,2022-04-04,Phone,Central,Retail,9,377.02,0.02,60,3.3,2987.33,1.07,3325.32,0.139,462.22,4,2022,2,5,0,2
ORD-02060,2022-04-04,Webcam,West,Retail,2,229.33,0.04,29,0.3,2062.93,1.19,440.31,0.351,154.55,4,2022,2,7,4,2
ORD-02061,2022-04-05,Mouse,South,Online,3,1171.99,0.05,37,8.4,4243.33,1.19,3340.17,0.444,1483.04,4,2022,2,4,3,1
ORD-02062,2022-04-05,Keyboard,Central,Online,10,1957.29,0.16,33,5.8,1947.85,1.0,16441.24,0.168,2762.13,4,2022,2,1,0,1
ORD-02063,2022-04-05,Phone,East,Enterprise,2,1654.75,0.29,42,0.5,3279.02,0.84,2349.74,0.134,314.87,4,2022,2,5,1,0
ORD-02064,2022-04-05,Phone,South,Online,10,899.89,0.11,44,6.2,1096.98,0.93,8009.02,0.116,929.05,4,2022,2,5,3,1
ORD-02065,2022-04-05,Phone,East,Retail,8,1096.41,0.29,69,1.2,544.3,0.97,6227.61,0.113,703.72,4,2022,2,5,1,2
ORD-02066,2022-04-05,Headphones,East,Online,17,595.08,0.01,35,5.0,297.74,1.01,10015.2,0.437,4376.64,4,2022,2,0,1,1
ORD-02067,2022-04-05,Monitor,East,SMB,1,367.98,0.28,27,6.7,2136.66,1.18,264.95,0.391,103.6,4,2022,2,3,1,3
ORD-02068,2022-04-05,Phone,South,Retail,6,990.06,0.05,68,1.5,901.29,0.9,5643.34,0.181,1021.44,4,2022,2,5,3,2
ORD-02069,2022-04-06,Webcam,Central,Retail,7,953.83,0.27,67,5.0,4968.05,1.01,4874.07,0.467,2276.19,4,2022,2,7,0,2
ORD-02070,2022-04-06,Laptop,North,Retail,15,1067.76,0.02,47,4.6,4012.08,0.92,15696.07,0.154,2417.19,4,2022,2,2,2,2
ORD-02071,2022-04-06,Laptop,Central,SMB,18,1907.97,0.28,18,9.2,3497.53,1.17,24727.29,0.25,6181.82,4,2022,2,2,0,3
ORD-02072,2022-04-06,Mouse,South,Retail,9,1227.6,0.06,21,10.0,4036.26,1.2,10385.5,0.281,2918.33,4,2022,2,4,3,2
ORD-02073,2022-04-07,Keyboard,North,Online,8,1231.26,0.09,40,6.5,1387.46,1.15,8963.57,0.13,1165.26,4,2022,2,1,2,1
ORD-02074,2022-04-07,Monitor,North,SMB,10,299.65,0.15,24,8.5,4408.39,0.94,2547.02,0.239,608.74,4,2022,2,3,2,3
ORD-02075,2022-04-08,Headphones,North,Retail,4,1993.15,0.11,47,6.5,4978.62,0.91,7095.61,0.141,1000.48,4,2022,2,0,2,2
ORD-02076,2022-04-08,Mouse,West,Online,8,1557.05,0.2,43,8.8,1520.29,0.97,9965.12,0.416,4145.49,4,2022,2,4,4,1
ORD-02077,2022-04-08,Laptop,South,Online,1,1760.55,0.29,18,4.3,4924.78,1.1,1249.99,0.119,148.75,4,2022,2,2,3,1
ORD-02078,2022-04-09,Monitor,West,Enterprise,8,857.89,0.18,46,6.1,1669.94,0.8,5627.76,0.107,602.17,4,2022,2,3,4,0
ORD-02079,2022-04-09,Monitor,North,Online,12,1029.15,0.22,42,8.5,157.44,1.2,9632.84,0.393,3785.71,4,2022,2,3,2,1
ORD-02080,2022-04-09,Keyboard,West,Online,15,1068.06,0.03,57,9.2,1899.35,1.15,15540.27,0.412,6402.59,4,2022,2,1,4,1
ORD-02081,2022-04-09,Webcam,West,Enterprise,13,428.48,0.19,43,0.2,4987.82,0.81,4511.89,0.298,1344.54,4,2022,2,7,4,0
ORD-02082,2022-04-10,Monitor,South,Enterprise,16,1394.5,0.14,34,1.0,3212.24,0.95,19188.32,0.227,4355.75,4,2022,2,3,3,0
ORD-02083,2022-04-10,Phone,East,SMB,18,1810.8,0.27,48,9.3,3507.82,1.08,23793.91,0.195,4639.81,4,2022,2,5,1,3
ORD-02084,2022-04-10,Monitor,West,Online,1,369.23,0.12,25,5.7,1267.9,0.9,324.92,0.147,47.76,4,2022,2,3,4,1
ORD-02085,2022-04-10,Keyboard,West,SMB,17,218.32,0.2,22,9.9,815.01,0.86,2969.15,0.294,872.93,4,2022,2,1,4,3
ORD-02086,2022-04-10,Mouse,North,SMB,16,1489.53,0.07,18,7.9,4439.0,1.05,22164.21,0.296,6560.61,4,2022,2,4,2,3
ORD-02087,2022-04-10,Keyboard,North,Retail,5,582.74,0.08,32,8.2,2125.62,1.16,2680.6,0.282,755.93,4,2022,2,1,2,2
ORD-02088,2022-04-11,Headphones,North,SMB,10,1266.53,0.11,53,3.9,120.13,1.18,11272.12,0.411,4632.84,4,2022,2,0,2,3
ORD-02089,2022-04-12,Keyboard,Central,SMB,6,1406.73,0.09,24,2.6,1541.81,0.8,7680.75,0.14,1075.3,4,2022,2,1,0,3
ORD-02090,2022-04-12,Laptop,West,SMB,12,677.73,0.08,63,6.0,1059.09,1.15,7482.14,0.368,2753.43,4,2022,2,2,4,3
ORD-02091,2022-04-12,Phone,North,SMB,10,1639.53,0.01,61,8.8,3058.48,1.02,16231.35,0.261,4236.38,4,2022,2,5,2,3
ORD-02092,2022-04-12,Webcam,South,Enterprise,17,1122.48,0.25,44,7.3,3805.0,0.9,14311.62,0.196,2805.08,4,2022,2,7,3,0
ORD-02093,2022-04-12,Laptop,Central,Online,2,1744.55,0.02,52,4.7,2537.74,1.05,3419.32,0.373,1275.41,4,2022,2,2,0,1
ORD-02094,2022-04-13,Mouse,East,Retail,19,1538.42,0.27,44,7.5,1010.91,1.2,21337.89,0.179,3819.48,4,2022,2,4,1,2
ORD-02095,2022-04-13,Tablet,West,Enterprise,6,1743.72,0.04,37,6.9,384.03,0.91,10043.83,0.192,1928.42,4,2022,2,6,4,0
ORD-02096,2022-04-13,Mouse,West,Retail,13,89.31,0.02,35,9.1,1636.32,0.91,1137.81,0.499,567.77,4,2022,2,4,4,2
ORD-02097,2022-04-13,Phone,South,Retail,9,524.84,0.17,57,2.6,4049.22,1.08,3920.55,0.455,1783.85,4,2022,2,5,3,2
ORD-02098,2022-04-14,Monitor,East,Enterprise,12,225.52,0.15,19,1.2,2155.62,0.82,2300.3,0.379,871.81,4,2022,2,3,1,0
ORD-02099,2022-04-15,Keyboard,East,SMB,18,912.06,0.15,47,4.7,1336.03,1.13,13954.52,0.226,3153.72,4,2022,2,1,1,3
ORD-02100,2022-04-15,Tablet,Central,Enterprise,8,1785.42,0.17,55,3.6,201.55,1.06,11855.19,0.315,3734.38,4,2022,2,6,0,0
ORD-02101,2022-04-16,Phone,West,Retail,18,961.7,0.09,47,9.7,2530.7,1.14,15752.65,0.151,2378.65,4,2022,2,5,4,2
ORD-02102,2022-04-16,Laptop,North,Retail,2,1706.94,0.2,24,0.1,3455.63,0.89,2731.1,0.234,639.08,4,2022,2,2,2,2
ORD-02103,2022-04-16,Keyboard,South,SMB,8,688.0,0.15,56,9.3,1032.61,1.14,4678.4,0.127,594.16,4,2022,2,1,3,3
ORD-02104,2022-04-16,Mouse,South,Enterprise,10,712.16,0.1,30,9.6,2732.23,0.98,6409.44,0.344,2204.85,4,2022,2,4,3,0
ORD-02105,2022-04-16,Laptop,South,Online,9,1796.35,0.25,50,0.5,2161.62,0.85,12125.36,0.443,5371.53,4,2022,2,2,3,1
ORD-02106,2022-04-16,Phone,South,Retail,18,880.34,0.22,57,8.9,3549.34,1.16,12359.97,0.424,5240.63,4,2022,2,5,3,2
ORD-02107,2022-04-16,Phone,North,Enterprise,8,1590.04,0.12,47,4.7,4316.96,1.08,11193.88,0.442,4947.69,4,2022,2,5,2,0
ORD-02108,2022-04-16,Mouse,North,SMB,19,511.45,0.25,47,7.7,1604.54,0.87,7288.16,0.17,1238.99,4,2022,2,4,2,3
ORD-02109,2022-04-16,Tablet,Central,SMB,3,1900.16,0.28,40,0.8,4533.38,0.9,4104.35,0.36,1477.57,4,2022,2,6,0,3
ORD-02110,2022-04-16,Mouse,West,Online,9,1170.43,0.16,62,9.6,3564.06,0.91,8848.45,0.483,4273.8,4,2022,2,4,4,1
ORD-02111,2022-04-16,Monitor,North,Retail,13,1530.68,0.06,41,6.1,282.11,1.19,18704.91,0.413,7725.13,4,2022,2,3,2,2
ORD-02112,2022-04-17,Laptop,Central,Online,9,224.56,0.27,37,9.0,3977.09,1.15,1475.36,0.101,149.01,4,2022,2,2,0,1
ORD-02113,2022-04-17,Tablet,East,Online,12,1010.7,0.06,45,6.7,2523.67,0.94,11400.7,0.453,5164.52,4,2022,2,6,1,1
ORD-02114,2022-04-17,Keyboard,West,Online,13,1807.03,0.01,36,5.4,4732.76,0.99,23256.48,0.382,8883.98,4,2022,2,1,4,1
ORD-02115,2022-04-18,Headphones,North,Online,8,1760.23,0.1,66,1.7,1685.79,0.91,12673.66,0.149,1888.38,4,2022,2,0,2,1
ORD-02116,2022-04-18,Monitor,East,SMB,15,141.29,0.22,30,1.8,2996.95,1.1,1653.09,0.226,373.6,4,2022,2,3,1,3
ORD-02117,2022-04-19,Tablet,Central,Retail,13,642.21,0.28,33,4.7,4785.12,0.86,6011.09,0.147,883.63,4,2022,2,6,0,2
ORD-02118,2022-04-19,Headphones,North,Online,13,914.47,0.19,32,8.7,1428.68,0.94,9629.37,0.392,3774.71,4,2022,2,0,2,1
ORD-02119,2022-04-19,Headphones,North,Retail,17,385.92,0.29,28,1.2,2412.57,1.04,4658.05,0.101,470.46,4,2022,2,0,2,2
ORD-02120,2022-04-20,Laptop,East,SMB,15,1473.5,0.03,29,10.0,3787.23,1.15,21439.42,0.286,6131.67,4,2022,2,2,1,3
ORD-02121,2022-04-20,Phone,North,SMB,19,409.8,0.02,39,8.8,3486.38,1.05,7630.48,0.5,3815.24,4,2022,2,5,2,3
ORD-02122,2022-04-20,Keyboard,South,Enterprise,3,725.95,0.18,42,3.9,4209.65,1.18,1785.84,0.44,785.77,4,2022,2,1,3,0
ORD-02123,2022-04-21,Mouse,North,Enterprise,14,1343.4,0.29,20,2.5,2647.0,1.17,13353.4,0.335,4473.39,4,2022,2,4,2,0
ORD-02124,2022-04-21,Laptop,West,Retail,10,990.07,0.15,41,9.2,1662.71,1.09,8415.6,0.378,3181.1,4,2022,2,2,4,2
ORD-02125,2022-04-21,Monitor,East,Enterprise,17,1490.21,0.02,42,1.2,2721.91,0.91,24826.9,0.341,8465.97,4,2022,2,3,1,0
ORD-02126,2022-04-21,Webcam,West,Online,8,1924.36,0.07,26,3.5,1814.8,1.07,14317.24,0.424,6070.51,4,2022,2,7,4,1
ORD-02127,2022-04-21,Headphones,Central,Retail,18,277.27,0.07,45,0.8,964.51,0.88,4641.5,0.454,2107.24,4,2022,2,0,0,2
ORD-02128,2022-04-21,Monitor,West,SMB,12,1433.66,0.1,63,9.5,2819.35,0.93,15483.53,0.407,6301.8,4,2022,2,3,4,3
ORD-02129,2022-04-21,Headphones,South,SMB,17,499.17,0.01,47,6.2,337.06,1.1,8401.03,0.173,1453.38,4,2022,2,0,3,3
ORD-02130,2022-04-21,Phone,South,Online,11,858.23,0.27,24,3.4,279.22,1.14,6891.59,0.249,1716.01,4,2022,2,5,3,1
ORD-02131,2022-04-22,Webcam,West,Enterprise,9,114.08,0.15,28,2.8,416.41,0.97,872.71,0.414,361.3,4,2022,2,7,4,0
ORD-02132,2022-04-22,Phone,Central,Retail,15,315.02,0.2,27,4.4,3395.79,1.01,3780.24,0.429,1621.72,4,2022,2,5,0,2
ORD-02133,2022-04-22,Keyboard,North,Retail,9,673.57,0.02,20,0.9,2094.24,0.95,5940.89,0.352,2091.19,4,2022,2,1,2,2
ORD-02134,2022-04-22,Mouse,South,Online,12,716.87,0.02,36,8.9,2521.16,0.99,8430.39,0.386,3254.13,4,2022,2,4,3,1
ORD-02135,2022-04-23,Keyboard,West,Enterprise,11,1804.19,0.18,19,5.1,1782.65,1.0,16273.79,0.17,2766.54,4,2022,2,1,4,0
ORD-02136,2022-04-23,Phone,West,Retail,17,1496.54,0.27,34,7.3,1342.82,1.08,18572.06,0.249,4624.44,4,2022,2,5,4,2
ORD-02137,2022-04-23,Phone,West,Online,6,1945.76,0.16,46,2.3,1855.7,1.1,9806.63,0.314,3079.28,4,2022,2,5,4,1
ORD-02138,2022-04-23,Monitor,North,Retail,8,1218.19,0.26,19,5.0,1047.55,1.19,7211.68,0.493,3555.36,4,2022,2,3,2,2
ORD-02139,2022-04-23,Phone,East,SMB,10,521.34,0.24,33,2.1,3425.91,0.98,3962.18,0.42,1664.12,4,2022,2,5,1,3
ORD-02140,2022-04-24,Webcam,Central,Retail,15,688.93,0.02,66,8.2,598.5,0.83,10127.27,0.177,1792.53,4,2022,2,7,0,2
ORD-02141,2022-04-24,Webcam,East,Retail,4,673.68,0.06,27,7.8,2632.81,1.08,2533.04,0.241,610.46,4,2022,2,7,1,2
ORD-02142,2022-04-25,Tablet,Central,Retail,18,686.66,0.2,21,1.5,2436.45,1.0,9887.9,0.187,1849.04,4,2022,2,6,0,2
ORD-02143,2022-04-25,Headphones,Central,Enterprise,11,1362.28,0.13,60,0.7,1579.43,1.14,13037.02,0.161,2098.96,4,2022,2,0,0,0
ORD-02144,2022-04-25,Laptop,West,Enterprise,9,1085.08,0.09,43,8.2,601.22,0.86,8886.81,0.148,1315.25,4,2022,2,2,4,0
ORD-02145,2022-04-25,Phone,South,Online,9,801.58,0.13,66,1.1,3546.45,1.06,6276.37,0.486,3050.32,4,2022,2,5,3,1
ORD-02146,2022-04-25,Keyboard,West,Enterprise,8,340.73,0.13,41,5.5,2890.75,0.98,2371.48,0.463,1098.0,4,2022,2,1,4,0
ORD-02147,2022-04-26,Mouse,North,Retail,3,93.17,0.27,29,5.3,4066.43,0.97,204.04,0.293,59.78,4,2022,2,4,2,2
ORD-02148,2022-04-26,Headphones,Central,Retail,18,476.73,0.03,38,2.0,1254.07,1.03,8323.71,0.319,2655.26,4,2022,2,0,0,2
ORD-02149,2022-04-26,Headphones,South,Enterprise,14,259.57,0.08,59,5.9,3978.66,1.07,3343.26,0.435,1454.32,4,2022,2,0,3,0
ORD-02150,2022-04-26,Mouse,Central,Enterprise,3,1581.62,0.16,33,5.0,1530.53,1.14,3985.68,0.36,1434.84,4,2022,2,4,0,0
ORD-02151,2022-04-26,Mouse,Central,Retail,17,269.37,0.21,53,5.1,651.69,0.89,3617.64,0.393,1421.73,4,2022,2,4,0,2
ORD-02152,2022-04-26,Headphones,West,Retail,4,1462.25,0.19,52,3.6,761.09,0.92,4737.69,0.416,1970.88,4,2022,2,0,4,2
ORD-02153,2022-04-27,Tablet,South,SMB,18,802.03,0.28,26,8.4,1183.19,1.02,10394.31,0.293,3045.53,4,2022,2,6,3,3
ORD-02154,2022-04-27,Keyboard,South,Online,15,193.09,0.24,23,0.8,3443.9,0.94,2201.23,0.49,1078.6,4,2022,2,1,3,1
ORD-02155,2022-04-27,Tablet,Central,Enterprise,19,1634.82,0.17,61,4.4,1295.41,1.03,25781.11,0.351,9049.17,4,2022,2,6,0,0
ORD-02156,2022-04-28,Phone,South,Online,6,1180.28,0.06,18,2.6,3058.97,0.88,6656.78,0.353,2349.84,4,2022,2,5,3,1
ORD-02157,2022-04-28,Laptop,South,Retail,15,509.73,0.14,31,8.5,1356.96,0.92,6575.52,0.156,1025.78,4,2022,2,2,3,2
ORD-02158,2022-04-28,Mouse,West,Online,7,1794.63,0.21,41,2.3,1889.59,0.93,9924.3,0.495,4912.53,4,2022,2,4,4,1
ORD-02159,2022-04-28,Webcam,East,Enterprise,12,138.25,0.25,27,7.7,4459.63,1.2,1244.25,0.128,159.26,4,2022,2,7,1,0
ORD-02160,2022-04-28,Keyboard,North,Enterprise,16,443.55,0.29,35,6.1,2551.77,1.14,5038.73,0.494,2489.13,4,2022,2,1,2,0
ORD-02161,2022-04-28,Mouse,East,Online,9,1516.49,0.18,62,8.7,3041.23,1.14,11191.7,0.464,5192.95,4,2022,2,4,1,1
ORD-02162,2022-04-29,Tablet,South,Enterprise,5,1433.29,0.16,26,5.9,1027.46,1.01,6019.82,0.443,2666.78,4,2022,2,6,3,0
ORD-02163,2022-04-29,Monitor,Central,SMB,11,614.08,0.01,44,5.6,744.38,0.99,6687.33,0.369,2467.62,4,2022,2,3,0,3
ORD-02164,2022-04-30,Phone,North,Retail,2,170.95,0.02,36,8.0,2124.58,0.83,335.06,0.344,115.26,4,2022,2,5,2,2
ORD-02165,2022-04-30,Laptop,North,Retail,16,1723.25,0.05,53,5.6,4291.39,0.88,26193.4,0.499,13070.51,4,2022,2,2,2,2
ORD-02166,2022-04-30,Phone,Central,Enterprise,4,661.71,0.02,20,8.4,1280.53,1.16,2593.9,0.49,1271.01,4,2022,2,5,0,0
ORD-02167,2022-04-30,Monitor,North,Retail,5,431.64,0.12,55,0.5,3146.29,1.01,1899.22,0.425,807.17,4,2022,2,3,2,2
ORD-02168,2022-04-30,Laptop,Central,SMB,7,1056.32,0.1,26,5.0,4373.27,1.19,6654.82,0.135,898.4,4,2022,2,2,0,3
ORD-02169,2022-04-30,Monitor,North,Enterprise,6,1824.94,0.19,27,8.1,4678.61,1.04,8869.21,0.249,2208.43,4,2022,2,3,2,0
ORD-02170,2022-04-30,Phone,East,SMB,10,134.92,0.16,26,8.5,4969.57,0.95,1133.33,0.446,505.47,4,2022,2,5,1,3
ORD-02171,2022-04-30,Tablet,North,SMB,14,1543.32,0.18,34,8.3,3838.49,0.91,17717.31,0.381,6750.3,4,2022,2,6,2,3
ORD-02172,2022-04-30,Headphones,West,Retail,8,1166.32,0.14,59,6.0,467.55,1.17,8024.28,0.149,1195.62,4,2022,2,0,4,2
ORD-02173,2022-04-30,Phone,Central,Retail,14,879.63,0.08,55,9.9,4370.16,0.95,11329.63,0.239,2707.78,4,2022,2,5,0,2
ORD-02174,2022-05-01,Phone,North,Online,14,1500.96,0.29,65,1.8,4439.62,0.86,14919.54,0.108,1611.31,5,2022,2,5,2,1
ORD-02175,2022-05-01,Phone,Central,SMB,3,1933.36,0.03,66,1.7,2830.69,0.91,5626.08,0.457,2571.12,5,2022,2,5,0,3
ORD-02176,2022-05-01,Keyboard,West,Retail,1,496.95,0.28,60,0.3,430.42,1.06,357.8,0.399,142.76,5,2022,2,1,4,2
ORD-02177,2022-05-03,Monitor,North,SMB,9,330.11,0.09,37,9.9,2435.66,0.85,2703.6,0.274,740.79,5,2022,2,3,2,3
ORD-02178,2022-05-03,Webcam,North,Online,9,1830.12,0.15,24,3.5,1132.43,0.84,14000.42,0.404,5656.17,5,2022,2,7,2,1
ORD-02179,2022-05-03,Monitor,West,SMB,2,1354.46,0.03,21,7.6,2266.32,0.98,2627.65,0.473,1242.88,5,2022,2,3,4,3
ORD-02180,2022-05-03,Mouse,West,Enterprise,16,904.07,0.02,27,0.6,3648.22,0.83,14175.82,0.212,3005.27,5,2022,2,4,4,0
ORD-02181,2022-05-03,Monitor,West,Online,8,1167.86,0.13,38,3.0,3371.0,0.96,8128.31,0.214,1739.46,5,2022,2,3,4,1
ORD-02182,2022-05-03,Mouse,Central,Online,6,1503.95,0.22,31,6.2,3921.96,0.93,7038.49,0.293,2062.28,5,2022,2,4,0,1
ORD-02183,2022-05-04,Keyboard,West,SMB,13,1557.41,0.08,42,5.2,2434.96,0.96,18626.62,0.383,7134.0,5,2022,2,1,4,3
ORD-02184,2022-05-04,Tablet,Central,SMB,1,1843.79,0.17,34,2.1,2602.88,1.0,1530.35,0.497,760.58,5,2022,2,6,0,3
ORD-02185,2022-05-04,Mouse,East,Retail,19,882.34,0.08,45,4.6,4684.88,0.87,15423.3,0.165,2544.84,5,2022,2,4,1,2
ORD-02186,2022-05-04,Phone,North,Enterprise,15,622.15,0.12,31,1.1,3192.8,0.98,8212.38,0.237,1946.33,5,2022,2,5,2,0
ORD-02187,2022-05-04,Tablet,North,Online,1,1297.35,0.27,69,5.4,3762.95,0.94,947.07,0.245,232.03,5,2022,2,6,2,1
ORD-02188,2022-05-04,Headphones,South,Online,10,860.67,0.26,30,1.0,3356.13,1.12,6368.96,0.39,2483.89,5,2022,2,0,3,1
ORD-02189,2022-05-05,Keyboard,East,Online,1,1209.47,0.15,51,6.4,3238.38,1.08,1028.05,0.455,467.76,5,2022,2,1,1,1
ORD-02190,2022-05-05,Monitor,West,Retail,12,868.97,0.07,58,1.6,4576.36,1.15,9697.71,0.174,1687.4,5,2022,2,3,4,2
ORD-02191,2022-05-05,Mouse,West,Enterprise,11,348.34,0.06,20,5.5,1846.78,1.07,3601.84,0.385,1386.71,5,2022,2,4,4,0
ORD-02192,2022-05-05,Webcam,East,Online,17,965.38,0.29,21,1.3,2195.68,0.85,11652.14,0.464,5406.59,5,2022,2,7,1,1
ORD-02193,2022-05-05,Phone,West,Online,4,1397.29,0.06,61,4.0,1960.78,1.0,5253.81,0.149,782.82,5,2022,2,5,4,1
ORD-02194,2022-05-05,Laptop,South,Retail,7,1608.6,0.24,32,3.5,3849.46,1.1,8557.75,0.354,3029.44,5,2022,2,2,3,2
ORD-02195,2022-05-05,Headphones,Central,SMB,12,1011.99,0.11,37,7.6,4355.26,1.14,10808.05,0.181,1956.26,5,2022,2,0,0,3
ORD-02196,2022-05-05,Laptop,North,Online,13,372.21,0.3,25,6.4,1851.76,0.87,3387.11,0.276,934.84,5,2022,2,2,2,1
ORD-02197,2022-05-06,Tablet,East,Enterprise,5,858.64,0.11,67,9.4,797.5,0.89,3820.95,0.151,576.96,5,2022,2,6,1,0
ORD-02198,2022-05-06,Monitor,North,Enterprise,6,1583.27,0.11,22,9.2,2521.12,1.14,8454.66,0.373,3153.59,5,2022,2,3,2,0
ORD-02199,2022-05-06,Webcam,Central,Enterprise,2,855.08,0.19,19,7.2,4923.21,0.99,1385.23,0.261,361.55,5,2022,2,7,0,0
ORD-02200,2022-05-06,Laptop,East,Enterprise,7,1408.24,0.29,45,7.7,1098.04,0.98,6998.95,0.327,2288.66,5,2022,2,2,1,0
ORD-02201,2022-05-06,Tablet,Central,Retail,14,1039.07,0.29,39,6.2,2314.8,1.0,10328.36,0.309,3191.46,5,2022,2,6,0,2
ORD-02202,2022-05-07,Keyboard,West,Online,14,520.39,0.21,26,6.9,1429.8,0.87,5755.51,0.378,2175.58,5,2022,2,1,4,1
ORD-02203,2022-05-07,Tablet,West,Retail,10,1602.49,0.23,45,6.2,4621.13,1.05,12339.17,0.458,5651.34,5,2022,2,6,4,2
ORD-02204,2022-05-07,Headphones,West,Enterprise,4,214.22,0.17,63,3.1,2799.49,1.12,711.21,0.212,150.78,5,2022,2,0,4,0
ORD-02205,2022-05-08,Webcam,Central,Enterprise,3,1073.54,0.23,18,3.5,2935.85,1.13,2479.88,0.338,838.2,5,2022,2,7,0,0
ORD-02206,2022-05-08,Webcam,Central,Enterprise,14,457.34,0.26,69,5.7,140.48,0.81,4738.04,0.33,1563.55,5,2022,2,7,0,0
ORD-02207,2022-05-08,Tablet,Central,Retail,6,180.78,0.15,53,7.2,3298.62,1.09,921.98,0.226,208.37,5,2022,2,6,0,2
ORD-02208,2022-05-08,Headphones,North,Enterprise,15,1030.72,0.19,66,4.1,1601.13,0.84,12523.25,0.3,3756.98,5,2022,2,0,2,0
ORD-02209,2022-05-08,Tablet,Central,Online,8,1024.15,0.16,59,1.4,2615.74,1.19,6882.29,0.116,798.35,5,2022,2,6,0,1
ORD-02210,2022-05-08,Webcam,West,Enterprise,5,1428.46,0.17,19,4.6,2702.23,0.99,5928.11,0.271,1606.52,5,2022,2,7,4,0
ORD-02211,2022-05-08,Webcam,South,Online,3,1502.26,0.27,55,9.6,3001.9,1.11,3289.95,0.208,684.31,5,2022,2,7,3,1
ORD-02212,2022-05-09,Phone,Central,Online,3,1469.19,0.11,43,2.1,4135.34,1.05,3922.74,0.446,1749.54,5,2022,2,5,0,1
ORD-02213,2022-05-09,Tablet,South,Enterprise,13,848.64,0.06,48,6.5,1564.78,1.18,10370.38,0.243,2520.0,5,2022,2,6,3,0
ORD-02214,2022-05-09,Mouse,West,Retail,2,1281.8,0.14,68,9.8,1355.19,1.19,2204.7,0.177,390.23,5,2022,2,4,4,2
ORD-02215,2022-05-09,Tablet,Central,SMB,1,1175.04,0.06,58,3.8,3999.46,0.91,1104.54,0.312,344.62,5,2022,2,6,0,3
ORD-02216,2022-05-09,Webcam,North,SMB,12,872.05,0.15,68,8.9,3621.72,0.99,8894.91,0.424,3771.44,5,2022,2,7,2,3
ORD-02217,2022-05-09,Phone,North,Online,8,1214.56,0.27,36,8.6,1205.51,1.0,7093.03,0.242,1716.51,5,2022,2,5,2,1
ORD-02218,2022-05-09,Phone,South,Retail,19,1897.13,0.19,48,3.4,104.1,0.87,29196.83,0.439,12817.41,5,2022,2,5,3,2
ORD-02219,2022-05-10,Keyboard,North,SMB,9,426.14,0.26,26,1.0,3363.09,1.16,2838.09,0.23,652.76,5,2022,2,1,2,3
ORD-02220,2022-05-10,Headphones,North,Enterprise,14,1816.26,0.05,20,1.8,870.17,0.94,24156.26,0.394,9517.57,5,2022,2,0,2,0
ORD-02221,2022-05-10,Monitor,North,Enterprise,18,154.24,0.27,55,3.7,4789.28,0.83,2026.71,0.146,295.9,5,2022,2,3,2,0
ORD-02222,2022-05-10,Laptop,West,Online,10,651.36,0.18,23,9.6,3061.6,0.86,5341.15,0.125,667.64,5,2022,2,2,4,1
ORD-02223,2022-05-10,Laptop,North,Retail,9,611.88,0.01,66,2.7,4263.29,1.01,5451.85,0.395,2153.48,5,2022,2,2,2,2
ORD-02224,2022-05-10,Tablet,East,Retail,6,1271.41,0.19,62,9.3,4047.55,1.15,6179.05,0.247,1526.23,5,2022,2,6,1,2
ORD-02225,2022-05-11,Keyboard,Central,SMB,1,305.89,0.29,62,1.8,2833.21,1.05,217.18,0.257,55.82,5,2022,2,1,0,3
ORD-02226,2022-05-11,Tablet,North,SMB,5,1770.58,0.02,24,9.7,2247.92,0.89,8675.84,0.33,2863.03,5,2022,2,6,2,3
ORD-02227,2022-05-12,Laptop,North,Enterprise,10,1665.68,0.17,58,2.9,2534.31,0.92,13825.14,0.495,6843.44,5,2022,2,2,2,0
ORD-02228,2022-05-12,Headphones,North,Online,13,1321.53,0.27,42,6.3,4034.64,1.19,12541.32,0.169,2119.48,5,2022,2,0,2,1
ORD-02229,2022-05-12,Webcam,East,Retail,4,943.91,0.0,42,0.7,3238.21,0.82,3775.64,0.22,830.64,5,2022,2,7,1,2
ORD-02230,2022-05-12,Headphones,North,SMB,1,1869.26,0.19,67,3.0,1108.01,1.2,1514.1,0.359,543.56,5,2022,2,0,2,3
ORD-02231,2022-05-12,Headphones,North,SMB,2,1669.96,0.14,18,2.1,3085.84,1.16,2872.33,0.38,1091.49,5,2022,2,0,2,3
ORD-02232,2022-05-13,Phone,Central,Online,4,1023.66,0.1,39,0.0,2082.87,1.07,3685.18,0.382,1407.74,5,2022,2,5,0,1
ORD-02233,2022-05-13,Webcam,East,Online,17,1418.65,0.19,37,1.6,400.36,1.18,19534.81,0.338,6602.77,5,2022,2,7,1,1
ORD-02234,2022-05-14,Monitor,East,Enterprise,10,1155.51,0.02,30,5.9,1968.22,0.86,11324.0,0.335,3793.54,5,2022,2,3,1,0
ORD-02235,2022-05-14,Webcam,North,Online,12,1196.49,0.23,57,3.9,1215.25,1.18,11055.57,0.159,1757.84,5,2022,2,7,2,1
ORD-02236,2022-05-14,Keyboard,East,Enterprise,2,695.4,0.0,38,7.2,4209.06,0.89,1390.8,0.434,603.61,5,2022,2,1,1,0
ORD-02237,2022-05-14,Phone,South,Enterprise,3,951.06,0.09,40,6.7,614.5,1.02,2596.39,0.104,270.02,5,2022,2,5,3,0
ORD-02238,2022-05-14,Monitor,East,Online,14,202.34,0.15,58,8.0,1867.05,1.0,2407.85,0.267,642.9,5,2022,2,3,1,1
ORD-02239,2022-05-14,Keyboard,East,Online,15,746.83,0.11,50,8.7,3507.91,1.0,9970.18,0.186,1854.45,5,2022,2,1,1,1
ORD-02240,2022-05-14,Keyboard,East,Online,13,1406.87,0.09,26,8.2,4497.22,0.91,16643.27,0.142,2363.34,5,2022,2,1,1,1
ORD-02241,2022-05-15,Laptop,West,Online,9,1908.77,0.25,46,4.5,1743.05,1.11,12884.2,0.228,2937.6,5,2022,2,2,4,1
ORD-02242,2022-05-15,Phone,West,Online,2,1927.98,0.28,69,3.1,3071.55,1.1,2776.29,0.363,1007.79,5,2022,2,5,4,1
ORD-02243,2022-05-15,Keyboard,West,Enterprise,19,1133.66,0.26,49,5.0,1930.88,1.18,15939.26,0.299,4765.84,5,2022,2,1,4,0
ORD-02244,2022-05-15,Mouse,East,SMB,16,1232.91,0.16,28,5.4,1094.12,1.0,16570.31,0.449,7440.07,5,2022,2,4,1,3
ORD-02245,2022-05-15,Headphones,South,Retail,11,412.16,0.27,69,3.1,1696.02,1.02,3309.64,0.34,1125.28,5,2022,2,0,3,2
ORD-02246,2022-05-15,Keyboard,East,Retail,12,1405.85,0.28,53,5.4,3215.92,1.16,12146.54,0.201,2441.45,5,2022,2,1,1,2
ORD-02247,2022-05-15,Monitor,North,Enterprise,1,187.78,0.12,46,1.1,3610.06,1.17,165.25,0.306,50.57,5,2022,2,3,2,0
ORD-02248,2022-05-16,Laptop,South,Enterprise,2,605.14,0.09,65,2.3,1915.97,1.06,1101.35,0.191,210.36,5,2022,2,2,3,0
ORD-02249,2022-05-16,Tablet,West,SMB,16,1353.31,0.03,48,7.5,847.41,1.13,21003.37,0.171,3591.58,5,2022,2,6,4,3
ORD-02250,2022-05-16,Headphones,Central,Online,2,655.1,0.14,31,1.8,783.83,1.0,1126.77,0.482,543.1,5,2022,2,0,0,1
ORD-02251,2022-05-17,Laptop,South,Enterprise,19,147.2,0.28,69,1.4,4081.81,0.96,2013.7,0.287,577.93,5,2022,2,2,3,0
ORD-02252,2022-05-17,Tablet,West,Retail,10,1672.15,0.17,67,2.9,3301.04,1.15,13878.84,0.36,4996.38,5,2022,2,6,4,2
ORD-02253,2022-05-17,Phone,South,Online,19,655.14,0.2,42,3.7,3667.35,1.11,9958.13,0.449,4471.2,5,2022,2,5,3,1
ORD-02254,2022-05-17,Phone,South,Enterprise,10,173.06,0.03,43,3.3,2492.45,0.9,1678.68,0.229,384.42,5,2022,2,5,3,0
ORD-02255,2022-05-18,Keyboard,East,Online,16,195.84,0.04,39,3.7,2340.87,0.82,3008.1,0.416,1251.37,5,2022,2,1,1,1
ORD-02256,2022-05-18,Mouse,North,Retail,13,540.93,0.14,26,1.4,1134.64,1.03,6047.6,0.416,2515.8,5,2022,2,4,2,2
ORD-02257,2022-05-18,Phone,Central,Online,16,397.13,0.29,50,1.7,924.86,1.14,4511.4,0.43,1939.9,5,2022,2,5,0,1
ORD-02258,2022-05-18,Webcam,West,Enterprise,18,1559.89,0.11,40,2.4,854.18,0.9,24989.44,0.176,4398.14,5,2022,2,7,4,0
ORD-02259,2022-05-18,Keyboard,South,Enterprise,8,677.28,0.26,52,4.0,4959.76,1.11,4009.5,0.485,1944.61,5,2022,2,1,3,0
ORD-02260,2022-05-18,Headphones,Central,Retail,18,1619.16,0.04,37,3.4,4122.37,0.97,27979.08,0.21,5875.61,5,2022,2,0,0,2
ORD-02261,2022-05-18,Laptop,South,SMB,13,389.0,0.19,50,7.9,3168.04,0.93,4096.17,0.411,1683.53,5,2022,2,2,3,3
ORD-02262,2022-05-19,Phone,North,SMB,7,1011.11,0.18,52,5.3,1150.58,0.87,5803.77,0.165,957.62,5,2022,2,5,2,3
ORD-02263,2022-05-19,Webcam,Central,Online,18,1391.67,0.26,63,5.8,1754.53,1.17,18537.04,0.47,8712.41,5,2022,2,7,0,1
ORD-02264,2022-05-19,Laptop,West,Enterprise,6,1321.38,0.0,47,5.6,1818.85,0.89,7928.28,0.271,2148.56,5,2022,2,2,4,0
ORD-02265,2022-05-19,Laptop,South,Enterprise,9,1222.2,0.06,63,4.0,2440.6,0.91,10339.81,0.367,3794.71,5,2022,2,2,3,0
ORD-02266,2022-05-19,Mouse,North,Retail,6,1853.4,0.07,47,9.8,2167.78,0.93,10341.97,0.44,4550.47,5,2022,2,4,2,2
ORD-02267,2022-05-20,Phone,Central,Retail,18,495.62,0.28,39,0.4,4677.35,0.91,6423.24,0.213,1368.15,5,2022,2,5,0,2
ORD-02268,2022-05-20,Laptop,South,Enterprise,17,1012.75,0.05,62,2.2,3631.97,0.87,16355.91,0.256,4187.11,5,2022,2,2,3,0
ORD-02269,2022-05-20,Mouse,South,Retail,12,1773.79,0.01,18,2.8,498.89,0.94,21072.63,0.225,4741.34,5,2022,2,4,3,2
ORD-02270,2022-05-20,Mouse,West,SMB,3,201.89,0.16,32,8.8,1863.79,0.99,508.76,0.213,108.37,5,2022,2,4,4,3
ORD-02271,2022-05-20,Phone,North,SMB,5,158.98,0.16,42,9.2,751.52,1.02,667.72,0.304,202.99,5,2022,2,5,2,3
ORD-02272,2022-05-20,Mouse,East,Online,7,504.94,0.25,37,8.5,1468.84,0.86,2650.94,0.319,845.65,5,2022,2,4,1,1
ORD-02273,2022-05-21,Phone,South,Retail,10,1284.39,0.28,24,4.2,4798.58,1.11,9247.61,0.131,1211.44,5,2022,2,5,3,2
ORD-02274,2022-05-21,Webcam,Central,Online,10,556.77,0.16,33,9.1,3555.79,0.92,4676.87,0.369,1725.77,5,2022,2,7,0,1
ORD-02275,2022-05-21,Phone,West,Retail,19,420.97,0.28,69,1.0,138.48,1.17,5758.87,0.268,1543.38,5,2022,2,5,4,2
ORD-02276,2022-05-22,Tablet,West,Retail,4,944.66,0.22,40,6.5,1711.42,0.93,2947.34,0.456,1343.99,5,2022,2,6,4,2
ORD-02277,2022-05-22,Laptop,South,SMB,10,1246.52,0.08,38,9.4,2249.64,1.15,11467.98,0.454,5206.46,5,2022,2,2,3,3
ORD-02278,2022-05-23,Webcam,South,Enterprise,18,534.69,0.28,18,7.5,3052.26,0.94,6929.58,0.388,2688.68,5,2022,2,7,3,0
ORD-02279,2022-05-23,Monitor,South,Retail,3,636.35,0.2,64,2.8,2548.66,1.0,1527.24,0.442,675.04,5,2022,2,3,3,2
ORD-02280,2022-05-23,Phone,East,Retail,3,1246.44,0.12,37,7.2,441.89,0.95,3290.6,0.469,1543.29,5,2022,2,5,1,2
ORD-02281,2022-05-23,Laptop,South,Retail,5,1894.19,0.2,64,2.9,2626.18,0.95,7576.76,0.331,2507.91,5,2022,2,2,3,2
ORD-02282,2022-05-23,Headphones,North,Enterprise,16,1365.75,0.12,36,1.1,738.27,1.05,19229.76,0.489,9403.35,5,2022,2,0,2,0
ORD-02283,2022-05-23,Mouse,Central,Online,13,1576.66,0.03,23,7.2,2644.08,1.08,19881.68,0.482,9582.97,5,2022,2,4,0,1
ORD-02284,2022-05-23,Keyboard,South,Online,11,765.28,0.22,55,1.8,1305.74,1.15,6566.1,0.144,945.52,5,2022,2,1,3,1
ORD-02285,2022-05-24,Phone,East,Retail,13,580.9,0.25,49,1.1,806.54,1.03,5663.78,0.309,1750.11,5,2022,2,5,1,2
ORD-02286,2022-05-24,Mouse,Central,Retail,19,935.82,0.22,18,5.5,1510.82,0.89,13868.85,0.146,2024.85,5,2022,2,4,0,2
ORD-02287,2022-05-24,Mouse,West,Online,6,1623.91,0.07,47,6.2,588.15,1.2,9061.42,0.374,3388.97,5,2022,2,4,4,1
ORD-02288,2022-05-24,Mouse,South,Online,13,939.78,0.29,33,0.5,1491.52,1.07,8674.17,0.406,3521.71,5,2022,2,4,3,1
ORD-02289,2022-05-24,Mouse,Central,SMB,4,1701.11,0.01,44,0.0,4347.97,0.95,6736.4,0.454,3058.33,5,2022,2,4,0,3
ORD-02290,2022-05-24,Mouse,West,Retail,5,1978.11,0.1,35,8.8,1605.14,1.19,8901.49,0.36,3204.54,5,2022,2,4,4,2
ORD-02291,2022-05-25,Phone,East,Online,19,190.45,0.08,30,1.2,2404.09,1.18,3329.07,0.282,938.8,5,2022,2,5,1,1
ORD-02292,2022-05-25,Headphones,North,SMB,5,138.55,0.01,61,5.8,2647.06,0.83,685.82,0.162,111.1,5,2022,2,0,2,3
ORD-02293,2022-05-25,Monitor,South,Enterprise,14,341.7,0.12,67,9.5,973.62,0.81,4209.74,0.15,631.46,5,2022,2,3,3,0
ORD-02294,2022-05-25,Tablet,North,Retail,4,799.52,0.19,45,5.1,2264.74,0.82,2590.44,0.294,761.59,5,2022,2,6,2,2
ORD-02295,2022-05-26,Mouse,East,Online,12,305.53,0.26,27,1.4,4279.61,1.07,2713.11,0.433,1174.78,5,2022,2,4,1,1
ORD-02296,2022-05-26,Mouse,Central,Retail,6,1747.8,0.3,31,3.9,494.58,1.08,7340.76,0.4,2936.3,5,2022,2,4,0,2
ORD-02297,2022-05-26,Tablet,Central,SMB,19,95.14,0.24,69,6.2,4621.82,1.09,1373.82,0.452,620.97,5,2022,2,6,0,3
ORD-02298,2022-05-26,Headphones,East,Online,10,665.8,0.14,46,7.6,4368.46,1.05,5725.88,0.424,2427.77,5,2022,2,0,1,1
ORD-02299,2022-05-26,Webcam,East,Enterprise,1,410.15,0.22,28,6.1,4293.56,0.91,319.92,0.182,58.23,5,2022,2,7,1,0
ORD-02300,2022-05-27,Headphones,South,Enterprise,16,1866.5,0.25,67,0.3,1072.86,0.87,22398.0,0.18,4031.64,5,2022,2,0,3,0
ORD-02301,2022-05-27,Webcam,West,SMB,4,1355.49,0.14,44,1.4,2473.14,1.17,4662.89,0.283,1319.6,5,2022,2,7,4,3
ORD-02302,2022-05-28,Phone,North,Enterprise,9,1828.46,0.24,61,3.7,3119.16,1.17,12506.67,0.176,2201.17,5,2022,2,5,2,0
ORD-02303,2022-05-28,Laptop,North,Enterprise,18,1946.04,0.14,34,7.1,589.75,0.9,30124.7,0.175,5271.82,5,2022,2,2,2,0
ORD-02304,2022-05-28,Keyboard,Central,Enterprise,17,1019.34,0.12,20,5.8,2828.54,0.87,15249.33,0.207,3156.61,5,2022,2,1,0,0
ORD-02305,2022-05-28,Keyboard,Central,Enterprise,15,506.92,0.16,48,0.4,4216.21,0.95,6387.19,0.109,696.2,5,2022,2,1,0,0
ORD-02306,2022-05-28,Laptop,South,Enterprise,19,427.77,0.2,38,8.0,4689.11,0.82,6502.1,0.329,2139.19,5,2022,2,2,3,0
ORD-02307,2022-05-29,Phone,East,Enterprise,7,484.69,0.22,50,6.1,1463.81,0.86,2646.41,0.259,685.42,5,2022,2,5,1,0
ORD-02308,2022-05-29,Keyboard,North,Enterprise,18,1431.76,0.11,18,8.9,1514.82,0.95,22936.8,0.195,4472.68,5,2022,2,1,2,0
ORD-02309,2022-05-29,Headphones,South,Online,6,128.87,0.17,23,4.2,1426.58,0.9,641.77,0.154,98.83,5,2022,2,0,3,1
ORD-02310,2022-05-30,Tablet,Central,Enterprise,19,150.15,0.27,68,4.9,851.91,1.09,2082.58,0.282,587.29,5,2022,2,6,0,0
ORD-02311,2022-05-30,Laptop,Central,Online,12,1235.88,0.29,21,4.1,2210.5,1.16,10529.7,0.341,3590.63,5,2022,2,2,0,1
ORD-02312,2022-05-30,Headphones,North,Retail,3,1302.01,0.07,39,7.2,3943.9,1.16,3632.61,0.489,1776.35,5,2022,2,0,2,2
ORD-02313,2022-05-30,Monitor,Central,SMB,1,1347.26,0.06,30,7.5,3589.23,1.04,1266.42,0.202,255.82,5,2022,2,3,0,3
ORD-02314,2022-05-30,Phone,Central,Enterprise,5,775.17,0.2,61,7.2,4511.56,1.08,3100.68,0.111,344.18,5,2022,2,5,0,0
ORD-02315,2022-05-31,Laptop,West,SMB,1,1621.59,0.12,47,2.9,1843.13,1.0,1427.0,0.394,562.24,5,2022,2,2,4,3
ORD-02316,2022-05-31,Keyboard,East,Enterprise,8,1090.57,0.01,57,6.4,2903.87,0.86,8637.31,0.194,1675.64,5,2022,2,1,1,0
ORD-02317,2022-05-31,Phone,Central,Online,7,255.66,0.1,69,3.4,3856.02,1.05,1610.66,0.294,473.53,5,2022,2,5,0,1
ORD-02318,2022-05-31,Tablet,West,Enterprise,15,1604.34,0.24,43,8.3,4501.05,0.94,18289.48,0.423,7736.45,5,2022,2,6,4,0
ORD-02319,2022-05-31,Phone,South,Retail,11,1908.48,0.24,56,0.6,4371.6,0.8,15954.89,0.115,1834.81,5,2022,2,5,3,2
ORD-02320,2022-05-31,Phone,Central,SMB,18,167.07,0.15,56,0.4,2381.04,1.03,2556.17,0.157,401.32,5,2022,2,5,0,3
ORD-02321,2022-05-31,Tablet,South,SMB,14,813.14,0.14,24,1.0,4543.6,0.88,9790.21,0.139,1360.84,5,2022,2,6,3,3
ORD-02322,2022-05-31,Mouse,Central,Retail,9,1000.66,0.17,31,2.0,2275.87,1.15,7474.93,0.193,1442.66,5,2022,2,4,0,2
ORD-02323,2022-06-01,Tablet,North,Online,5,335.62,0.07,43,0.4,4523.88,1.17,1560.63,0.169,263.75,6,2022,2,6,2,1
ORD-02324,2022-06-01,Headphones,West,Online,4,1742.03,0.16,35,0.7,3907.16,0.86,5853.22,0.227,1328.68,6,2022,2,0,4,1
ORD-02325,2022-06-01,Phone,West,Retail,12,604.09,0.0,68,3.1,1186.07,0.81,7249.08,0.399,2892.38,6,2022,2,5,4,2
ORD-02326,2022-06-01,Webcam,North,SMB,1,1576.87,0.14,41,1.0,4655.37,0.8,1356.11,0.117,158.66,6,2022,2,7,2,3
ORD-02327,2022-06-01,Tablet,East,Enterprise,13,1358.44,0.1,69,8.0,1288.08,1.17,15893.75,0.13,2066.19,6,2022,2,6,1,0
ORD-02328,2022-06-02,Mouse,West,Online,1,1216.19,0.2,68,0.5,4551.26,0.86,972.95,0.326,317.18,6,2022,2,4,4,1
ORD-02329,2022-06-02,Headphones,South,Enterprise,3,424.68,0.19,42,9.1,3114.03,0.97,1031.97,0.308,317.85,6,2022,2,0,3,0
ORD-02330,2022-06-02,Webcam,West,SMB,8,480.37,0.11,67,8.7,3370.14,0.82,3420.23,0.29,991.87,6,2022,2,7,4,3
ORD-02331,2022-06-02,Webcam,East,Enterprise,18,142.33,0.0,49,2.1,635.73,0.95,2561.94,0.306,783.95,6,2022,2,7,1,0
ORD-02332,2022-06-02,Laptop,South,Retail,16,519.39,0.08,23,0.7,422.13,1.11,7645.42,0.397,3035.23,6,2022,2,2,3,2
ORD-02333,2022-06-03,Tablet,South,Online,16,723.62,0.19,33,1.1,4844.87,0.96,9378.12,0.33,3094.78,6,2022,2,6,3,1
ORD-02334,2022-06-03,Tablet,North,Online,2,1674.63,0.02,20,5.6,1750.95,1.11,3282.27,0.283,928.88,6,2022,2,6,2,1
ORD-02335,2022-06-03,Phone,Central,Retail,17,764.47,0.03,38,6.0,4237.42,1.08,12606.11,0.133,1676.61,6,2022,2,5,0,2
ORD-02336,2022-06-03,Headphones,North,Retail,10,1521.51,0.19,49,3.2,3551.93,1.01,12324.23,0.49,6038.87,6,2022,2,0,2,2
ORD-02337,2022-06-04,Laptop,Central,Online,7,906.91,0.23,19,3.0,3060.28,1.1,4888.24,0.196,958.1,6,2022,2,2,0,1
ORD-02338,2022-06-04,Monitor,North,Online,10,1580.49,0.1,64,5.3,3457.53,1.15,14224.41,0.448,6372.54,6,2022,2,3,2,1
ORD-02339,2022-06-04,Monitor,Central,Online,19,1953.73,0.15,37,3.1,538.0,1.12,31552.74,0.252,7951.29,6,2022,2,3,0,1
ORD-02340,2022-06-04,Keyboard,West,SMB,9,517.69,0.28,28,9.3,2120.74,1.08,3354.63,0.374,1254.63,6,2022,2,1,4,3
ORD-02341,2022-06-04,Tablet,South,SMB,17,1731.57,0.28,68,3.8,3074.67,1.08,21194.42,0.282,5976.83,6,2022,2,6,3,3
ORD-02342,2022-06-04,Tablet,Central,SMB,9,1262.56,0.09,35,2.2,4351.06,0.86,10340.37,0.242,2502.37,6,2022,2,6,0,3
ORD-02343,2022-06-04,Laptop,West,Enterprise,9,1643.72,0.24,28,1.5,3601.97,1.18,11243.04,0.346,3890.09,6,2022,2,2,4,0
ORD-02344,2022-06-04,Mouse,East,SMB,5,1320.59,0.18,52,6.3,1338.76,0.88,5414.42,0.314,1700.13,6,2022,2,4,1,3
ORD-02345,2022-06-05,Monitor,North,Online,7,876.7,0.29,53,3.3,4926.14,0.94,4357.2,0.193,840.94,6,2022,2,3,2,1
ORD-02346,2022-06-05,Keyboard,East,SMB,11,494.75,0.14,55,1.9,3250.88,1.01,4680.34,0.234,1095.2,6,2022,2,1,1,3
ORD-02347,2022-06-05,Laptop,West,Online,8,186.57,0.23,29,2.8,2556.45,0.85,1149.27,0.114,131.02,6,2022,2,2,4,1
ORD-02348,2022-06-05,Tablet,East,Retail,14,1094.26,0.23,48,3.1,3928.76,1.04,11796.12,0.177,2087.91,6,2022,2,6,1,2
ORD-02349,2022-06-05,Monitor,East,Enterprise,2,1981.14,0.15,53,6.3,3053.23,0.87,3367.94,0.234,788.1,6,2022,2,3,1,0
ORD-02350,2022-06-05,Headphones,West,Enterprise,10,1489.18,0.24,47,1.7,3578.94,1.17,11317.77,0.489,5534.39,6,2022,2,0,4,0
ORD-02351,2022-06-05,Keyboard,South,Retail,16,688.32,0.08,61,7.3,3123.95,1.16,10132.07,0.311,3151.07,6,2022,2,1,3,2
ORD-02352,2022-06-06,Phone,Central,Online,16,1663.05,0.04,21,3.0,976.31,1.02,25544.45,0.38,9706.89,6,2022,2,5,0,1
ORD-02353,2022-06-06,Monitor,North,Enterprise,19,1549.52,0.13,19,4.9,2762.44,0.98,25613.57,0.369,9451.41,6,2022,2,3,2,0
ORD-02354,2022-06-06,Keyboard,Central,SMB,11,599.19,0.28,61,6.5,1487.2,0.84,4745.58,0.492,2334.83,6,2022,2,1,0,3
ORD-02355,2022-06-07,Laptop,North,Online,6,77.9,0.15,30,5.4,2894.41,1.13,397.29,0.322,127.93,6,2022,2,2,2,1
ORD-02356,2022-06-07,Phone,Central,Enterprise,6,280.42,0.19,43,6.6,714.97,0.95,1362.84,0.334,455.19,6,2022,2,5,0,0
ORD-02357,2022-06-07,Keyboard,East,Retail,7,1760.75,0.19,46,3.2,1236.63,0.9,9983.45,0.22,2196.36,6,2022,2,1,1,2
ORD-02358,2022-06-08,Keyboard,South,Online,16,1681.3,0.04,65,9.6,4062.74,1.2,25824.77,0.35,9038.67,6,2022,2,1,3,1
ORD-02359,2022-06-08,Webcam,East,Enterprise,13,625.66,0.12,53,4.6,2085.83,1.07,7157.55,0.403,2884.49,6,2022,2,7,1,0
ORD-02360,2022-06-08,Webcam,South,Retail,3,606.13,0.21,45,3.2,3401.55,0.83,1436.53,0.141,202.55,6,2022,2,7,3,2
ORD-02361,2022-06-08,Webcam,West,Online,9,1596.09,0.29,25,3.0,2539.46,1.12,10199.02,0.292,2978.11,6,2022,2,7,4,1
ORD-02362,2022-06-09,Tablet,North,SMB,3,1878.59,0.05,22,0.4,1769.42,1.1,5353.98,0.269,1440.22,6,2022,2,6,2,3
ORD-02363,2022-06-09,Mouse,North,Online,6,1569.32,0.12,49,6.8,2526.36,0.96,8286.01,0.145,1201.47,6,2022,2,4,2,1
ORD-02364,2022-06-09,Monitor,West,SMB,17,1230.88,0.03,47,2.6,4087.13,0.85,20297.21,0.237,4810.44,6,2022,2,3,4,3
ORD-02365,2022-06-09,Tablet,Central,Online,3,523.21,0.07,31,9.6,1479.84,1.0,1459.76,0.314,458.36,6,2022,2,6,0,1
ORD-02366,2022-06-09,Headphones,West,Retail,2,1075.21,0.11,64,2.1,2165.07,1.11,1913.87,0.36,688.99,6,2022,2,0,4,2
ORD-02367,2022-06-10,Phone,West,SMB,12,505.35,0.16,60,5.3,1092.66,0.83,5093.93,0.216,1100.29,6,2022,2,5,4,3
ORD-02368,2022-06-10,Mouse,South,SMB,6,1625.62,0.07,27,7.4,1820.83,0.87,9070.96,0.291,2639.65,6,2022,2,4,3,3
ORD-02369,2022-06-10,Keyboard,West,Online,10,804.57,0.07,27,8.7,4437.04,1.05,7482.5,0.394,2948.1,6,2022,2,1,4,1
ORD-02370,2022-06-10,Tablet,North,Enterprise,11,1675.71,0.23,23,1.6,3950.04,1.02,14193.26,0.269,3817.99,6,2022,2,6,2,0
ORD-02371,2022-06-10,Webcam,East,SMB,16,794.14,0.29,33,9.9,1930.71,1.16,9021.43,0.476,4294.2,6,2022,2,7,1,3
ORD-02372,2022-06-10,Mouse,South,Online,16,1657.09,0.1,43,9.1,748.73,1.13,23862.1,0.112,2672.56,6,2022,2,4,3,1
ORD-02373,2022-06-11,Headphones,South,Retail,18,699.97,0.21,38,9.6,2157.85,1.17,9953.57,0.204,2030.53,6,2022,2,0,3,2
ORD-02374,2022-06-11,Monitor,Central,Online,9,908.26,0.08,53,8.5,3881.44,0.99,7520.39,0.153,1150.62,6,2022,2,3,0,1
ORD-02375,2022-06-11,Headphones,East,Online,19,1250.2,0.28,58,8.8,314.62,1.12,17102.74,0.317,5421.57,6,2022,2,0,1,1
ORD-02376,2022-06-12,Phone,South,SMB,2,187.06,0.2,59,6.0,3752.17,0.82,299.3,0.171,51.18,6,2022,2,5,3,3
ORD-02377,2022-06-12,Laptop,West,Enterprise,1,1899.0,0.24,47,8.5,3431.56,0.92,1443.24,0.397,572.97,6,2022,2,2,4,0
ORD-02378,2022-06-12,Tablet,South,Retail,16,1168.53,0.01,22,5.3,416.78,1.06,18509.52,0.467,8643.95,6,2022,2,6,3,2
ORD-02379,2022-06-12,Webcam,South,SMB,18,1040.25,0.18,27,5.4,3214.64,1.11,15354.09,0.183,2809.8,6,2022,2,7,3,3
ORD-02380,2022-06-12,Phone,South,SMB,3,1686.82,0.16,65,5.6,1563.41,1.03,4250.79,0.463,1968.12,6,2022,2,5,3,3
ORD-02381,2022-06-13,Laptop,Central,SMB,1,1738.24,0.09,48,10.0,968.7,0.99,1581.8,0.353,558.38,6,2022,2,2,0,3
ORD-02382,2022-06-13,Webcam,South,Retail,6,1068.41,0.08,28,1.0,1985.92,0.89,5897.62,0.178,1049.78,6,2022,2,7,3,2
ORD-02383,2022-06-13,Webcam,South,Enterprise,19,1858.16,0.17,55,8.1,1106.4,0.87,29303.18,0.395,11574.76,6,2022,2,7,3,0
ORD-02384,2022-06-14,Webcam,Central,Retail,19,176.24,0.21,24,2.7,4140.32,1.15,2645.36,0.136,359.77,6,2022,2,7,0,2
ORD-02385,2022-06-14,Tablet,East,Retail,11,270.79,0.01,29,3.6,3735.8,0.86,2948.9,0.377,1111.74,6,2022,2,6,1,2
ORD-02386,2022-06-14,Phone,North,Enterprise,8,1213.74,0.17,62,0.8,4905.69,0.97,8059.23,0.445,3586.36,6,2022,2,5,2,0
ORD-02387,2022-06-14,Webcam,Central,Retail,5,740.43,0.05,66,3.5,2716.97,1.16,3517.04,0.48,1688.18,6,2022,2,7,0,2
ORD-02388,2022-06-15,Headphones,Central,Online,9,955.24,0.04,58,9.9,537.11,0.86,8253.27,0.122,1006.9,6,2022,2,0,0,1
ORD-02389,2022-06-15,Phone,South,Retail,15,689.75,0.19,25,4.0,1902.07,0.85,8380.46,0.125,1047.56,6,2022,2,5,3,2
ORD-02390,2022-06-16,Mouse,South,SMB,14,839.21,0.09,45,6.7,4209.32,1.08,10691.54,0.472,5046.41,6,2022,2,4,3,3
ORD-02391,2022-06-16,Headphones,North,Retail,4,1654.16,0.13,33,1.2,2044.63,0.93,5756.48,0.416,2394.7,6,2022,2,0,2,2
ORD-02392,2022-06-16,Tablet,South,SMB,8,1207.28,0.11,20,9.2,2332.81,0.97,8595.83,0.41,3524.29,6,2022,2,6,3,3
ORD-02393,2022-06-16,Webcam,West,Retail,17,1994.82,0.19,54,8.3,2118.66,1.05,27468.67,0.397,10905.06,6,2022,2,7,4,2
ORD-02394,2022-06-16,Phone,South,SMB,2,1584.41,0.14,49,3.9,1253.36,0.95,2725.19,0.387,1054.65,6,2022,2,5,3,3
ORD-02395,2022-06-17,Keyboard,South,SMB,16,583.65,0.29,38,3.5,458.66,1.12,6630.26,0.345,2287.44,6,2022,2,1,3,3
ORD-02396,2022-06-17,Tablet,West,SMB,10,565.47,0.11,62,4.3,984.75,1.19,5032.68,0.425,2138.89,6,2022,2,6,4,3
ORD-02397,2022-06-17,Phone,North,Enterprise,2,705.0,0.22,35,4.0,1883.32,1.17,1099.8,0.114,125.38,6,2022,2,5,2,0
ORD-02398,2022-06-17,Mouse,West,Retail,11,1694.36,0.08,65,2.6,1302.64,1.02,17146.92,0.396,6790.18,6,2022,2,4,4,2
ORD-02399,2022-06-18,Webcam,Central,Retail,10,103.21,0.15,63,9.9,2906.4,0.94,877.28,0.333,292.13,6,2022,2,7,0,2
ORD-02400,2022-06-18,Laptop,West,Online,19,498.85,0.17,28,8.1,3108.14,0.97,7866.86,0.463,3642.36,6,2022,2,2,4,1
ORD-02401,2022-06-18,Webcam,East,Online,14,1814.59,0.1,67,2.7,2893.32,0.93,22863.83,0.475,10860.32,6,2022,2,7,1,1
ORD-02402,2022-06-18,Laptop,Central,Online,11,1297.8,0.14,25,9.8,516.1,0.98,12277.19,0.197,2418.61,6,2022,2,2,0,1
ORD-02403,2022-06-18,Keyboard,South,Retail,9,492.35,0.08,29,0.2,3367.62,0.81,4076.66,0.416,1695.89,6,2022,2,1,3,2
ORD-02404,2022-06-19,Tablet,Central,Enterprise,7,477.33,0.0,68,4.4,1984.44,0.82,3341.31,0.483,1613.85,6,2022,2,6,0,0
ORD-02405,2022-06-20,Mouse,North,SMB,15,1732.11,0.06,69,5.7,4402.98,1.11,24422.75,0.207,5055.51,6,2022,2,4,2,3
ORD-02406,2022-06-20,Phone,North,Retail,17,1792.83,0.21,19,0.4,2675.51,0.93,24077.71,0.44,10594.19,6,2022,2,5,2,2
ORD-02407,2022-06-20,Phone,West,Enterprise,3,549.46,0.23,58,1.6,514.12,1.12,1269.25,0.335,425.2,6,2022,2,5,4,0
ORD-02408,2022-06-21,Laptop,Central,Enterprise,15,870.0,0.08,39,2.6,145.17,0.99,12006.0,0.258,3097.55,6,2022,2,2,0,0
ORD-02409,2022-06-21,Mouse,South,Retail,14,1677.46,0.12,26,7.2,3542.31,1.12,20666.31,0.429,8865.85,6,2022,2,4,3,2
ORD-02410,2022-06-21,Headphones,North,SMB,8,1553.46,0.01,31,9.4,2062.5,1.07,12303.4,0.448,5511.92,6,2022,2,0,2,3
ORD-02411,2022-06-21,Keyboard,South,Enterprise,4,1637.14,0.07,32,6.2,1511.18,0.88,6090.16,0.213,1297.2,6,2022,2,1,3,0
ORD-02412,2022-06-21,Laptop,East,Retail,10,1060.88,0.23,28,5.6,2291.18,0.98,8168.78,0.418,3414.55,6,2022,2,2,1,2
ORD-02413,2022-06-21,Laptop,North,SMB,2,1827.52,0.18,30,5.4,454.73,1.08,2997.13,0.12,359.66,6,2022,2,2,2,3
ORD-02414,2022-06-22,Keyboard,West,Online,14,685.61,0.06,45,3.5,2020.72,0.93,9022.63,0.267,2409.04,6,2022,2,1,4,1
ORD-02415,2022-06-22,Tablet,East,Enterprise,8,355.51,0.08,42,8.3,1642.03,0.88,2616.55,0.128,334.92,6,2022,2,6,1,0
ORD-02416,2022-06-22,Phone,Central,Enterprise,10,1432.03,0.25,54,5.4,4020.93,1.02,10740.22,0.218,2341.37,6,2022,2,5,0,0
ORD-02417,2022-06-24,Tablet,South,Retail,18,1101.74,0.06,23,2.3,956.78,0.91,18641.44,0.48,8947.89,6,2022,2,6,3,2
ORD-02418,2022-06-24,Mouse,North,Retail,15,1716.44,0.1,54,1.4,3805.95,1.04,23171.94,0.394,9129.74,6,2022,2,4,2,2
ORD-02419,2022-06-24,Headphones,East,SMB,5,208.26,0.2,50,9.9,2551.97,0.91,833.04,0.402,334.88,6,2022,2,0,1,3
ORD-02420,2022-06-24,Webcam,East,Online,13,1695.2,0.17,42,0.2,501.25,1.16,18291.21,0.154,2816.85,6,2022,2,7,1,1
ORD-02421,2022-06-24,Monitor,North,Online,18,621.92,0.14,67,9.3,4851.42,0.94,9627.32,0.331,3186.64,6,2022,2,3,2,1
ORD-02422,2022-06-24,Monitor,Central,Retail,2,1326.97,0.27,40,2.2,3697.63,1.16,1937.38,0.256,495.97,6,2022,2,3,0,2
ORD-02423,2022-06-24,Monitor,Central,Retail,13,128.25,0.07,25,6.6,1374.46,0.91,1550.54,0.394,610.91,6,2022,2,3,0,2
ORD-02424,2022-06-24,Keyboard,West,SMB,14,1238.68,0.22,34,3.0,2950.59,1.04,13526.39,0.163,2204.8,6,2022,2,1,4,3
ORD-02425,2022-06-25,Laptop,Central,Retail,10,1448.68,0.05,48,8.6,4509.68,0.85,13762.46,0.213,2931.4,6,2022,2,2,0,2
ORD-02426,2022-06-25,Headphones,West,SMB,4,769.06,0.18,43,5.4,4660.95,1.11,2522.52,0.459,1157.84,6,2022,2,0,4,3
ORD-02427,2022-06-25,Tablet,East,SMB,15,470.05,0.26,28,1.4,3682.67,0.88,5217.56,0.168,876.55,6,2022,2,6,1,3
ORD-02428,2022-06-25,Webcam,North,Online,8,1098.38,0.14,47,2.7,3665.58,1.15,7556.85,0.353,2667.57,6,2022,2,7,2,1
ORD-02429,2022-06-26,Phone,Central,SMB,15,1674.72,0.22,28,3.2,1459.07,0.98,19594.22,0.226,4428.29,6,2022,2,5,0,3
ORD-02430,2022-06-26,Monitor,West,Online,14,680.92,0.25,20,8.9,4949.83,0.84,7149.66,0.133,950.9,6,2022,2,3,4,1
ORD-02431,2022-06-26,Tablet,East,Online,9,542.32,0.04,57,7.7,1293.06,0.95,4685.64,0.189,885.59,6,2022,2,6,1,1
ORD-02432,2022-06-26,Monitor,Central,Online,3,593.92,0.21,57,8.3,538.09,1.11,1407.59,0.448,630.6,6,2022,2,3,0,1
ORD-02433,2022-06-26,Headphones,South,Retail,15,1900.81,0.28,38,0.5,4889.16,0.83,20528.75,0.464,9525.34,6,2022,2,0,3,2
ORD-02434,2022-06-26,Monitor,East,Online,17,750.59,0.17,52,5.8,848.94,1.05,10590.82,0.268,2838.34,6,2022,2,3,1,1
ORD-02435,2022-06-26,Phone,Central,SMB,16,57.03,0.06,45,10.0,2655.91,1.0,857.73,0.348,298.49,6,2022,2,5,0,3
ORD-02436,2022-06-27,Webcam,East,Retail,4,1574.28,0.04,39,7.9,2394.39,0.92,6045.24,0.308,1861.93,6,2022,2,7,1,2
ORD-02437,2022-06-27,Mouse,North,SMB,11,1413.59,0.08,59,1.2,4256.21,1.1,14305.53,0.212,3032.77,6,2022,2,4,2,3
ORD-02438,2022-06-27,Mouse,North,Retail,8,300.71,0.03,68,6.8,2043.63,0.82,2333.51,0.238,555.38,6,2022,2,4,2,2
ORD-02439,2022-06-28,Headphones,North,SMB,3,1970.56,0.15,63,7.5,2560.69,1.0,5024.93,0.311,1562.75,6,2022,2,0,2,3
ORD-02440,2022-06-28,Mouse,South,Enterprise,19,1235.72,0.02,35,5.1,314.31,1.0,23009.11,0.378,8697.44,6,2022,2,4,3,0
ORD-02441,2022-06-28,Keyboard,North,Enterprise,14,1026.52,0.07,40,0.8,1118.4,0.83,13365.29,0.24,3207.67,6,2022,2,1,2,0
ORD-02442,2022-06-30,Laptop,South,Enterprise,9,795.33,0.13,43,0.3,4181.68,0.85,6227.43,0.38,2366.42,6,2022,2,2,3,0
ORD-02443,2022-06-30,Keyboard,North,SMB,3,1802.41,0.14,52,9.4,2443.97,0.96,4650.22,0.484,2250.71,6,2022,2,1,2,3
ORD-02444,2022-06-30,Tablet,East,Retail,4,525.73,0.17,46,2.6,1231.57,1.01,1745.42,0.11,192.0,6,2022,2,6,1,2
ORD-02445,2022-06-30,Keyboard,Central,Online,4,607.25,0.21,69,3.8,1907.65,0.82,1918.91,0.166,318.54,6,2022,2,1,0,1
ORD-02446,2022-06-30,Tablet,Central,Online,11,288.7,0.01,63,8.0,1496.97,0.8,3143.94,0.467,1468.22,6,2022,2,6,0,1
ORD-02447,2022-06-30,Tablet,North,SMB,19,1530.28,0.02,28,6.9,2825.48,0.88,28493.81,0.129,3675.7,6,2022,2,6,2,3
ORD-02448,2022-06-30,Laptop,Central,SMB,16,1211.32,0.02,59,9.7,352.09,1.0,18993.5,0.406,7711.36,6,2022,2,2,0,3
ORD-02449,2022-06-30,Phone,North,SMB,17,1237.68,0.13,63,0.9,1202.35,0.82,18305.29,0.35,6406.85,6,2022,2,5,2,3
ORD-02450,2022-07-01,Webcam,North,SMB,10,476.02,0.01,18,7.1,1839.33,1.09,4712.6,0.119,560.8,7,2022,3,7,2,3
ORD-02451,2022-07-01,Headphones,West,Online,17,1319.78,0.22,33,0.8,4648.25,0.86,17500.28,0.1,1750.03,7,2022,3,0,4,1
ORD-02452,2022-07-01,Laptop,West,Retail,16,1542.64,0.07,42,0.0,3154.06,1.11,22954.48,0.301,6909.3,7,2022,3,2,4,2
ORD-02453,2022-07-01,Headphones,West,Online,6,747.88,0.28,55,1.2,2570.84,0.88,3230.84,0.147,474.93,7,2022,3,0,4,1
ORD-02454,2022-07-02,Mouse,South,SMB,7,1612.63,0.15,35,6.2,1035.03,0.94,9595.15,0.449,4308.22,7,2022,3,4,3,3
ORD-02455,2022-07-02,Mouse,West,Enterprise,14,730.14,0.13,33,6.8,2833.48,0.99,8893.11,0.292,2596.79,7,2022,3,4,4,0
ORD-02456,2022-07-02,Keyboard,North,Online,11,1528.37,0.23,36,4.4,4652.15,0.94,12945.29,0.194,2511.39,7,2022,3,1,2,1
ORD-02457,2022-07-03,Tablet,East,Enterprise,12,115.77,0.21,33,0.5,2874.92,0.81,1097.5,0.167,183.28,7,2022,3,6,1,0
ORD-02458,2022-07-03,Monitor,West,Enterprise,14,1124.77,0.18,22,6.3,907.39,1.16,12912.36,0.434,5603.96,7,2022,3,3,4,0
ORD-02459,2022-07-03,Monitor,West,SMB,5,1940.58,0.28,44,0.9,4985.88,0.91,6986.09,0.387,2703.62,7,2022,3,3,4,3
ORD-02460,2022-07-03,Headphones,East,Online,5,1963.43,0.13,61,1.4,2544.4,0.85,8540.92,0.387,3305.34,7,2022,3,0,1,1
ORD-02461,2022-07-04,Tablet,North,Retail,15,599.42,0.24,23,5.1,1665.82,0.85,6833.39,0.134,915.67,7,2022,3,6,2,2
ORD-02462,2022-07-04,Headphones,South,Online,1,910.73,0.11,51,3.4,2566.54,1.19,810.55,0.35,283.69,7,2022,3,0,3,1
ORD-02463,2022-07-04,Laptop,West,Retail,9,172.81,0.25,33,4.6,1392.08,0.85,1166.47,0.448,522.58,7,2022,3,2,4,2
ORD-02464,2022-07-04,Phone,East,Retail,3,1753.02,0.08,40,6.4,248.83,0.94,4838.34,0.406,1964.37,7,2022,3,5,1,2
ORD-02465,2022-07-04,Webcam,North,SMB,4,1158.72,0.09,60,1.6,4458.65,0.83,4217.74,0.147,620.01,7,2022,3,7,2,3
ORD-02466,2022-07-05,Laptop,Central,Retail,16,800.95,0.2,61,8.9,2201.48,1.09,10252.16,0.48,4921.04,7,2022,3,2,0,2
ORD-02467,2022-07-05,Tablet,South,Online,7,269.9,0.06,49,5.6,3789.17,1.04,1775.94,0.128,227.32,7,2022,3,6,3,1
ORD-02468,2022-07-05,Tablet,East,Online,14,1896.2,0.07,60,0.2,4859.15,1.01,24688.52,0.323,7974.39,7,2022,3,6,1,1
ORD-02469,2022-07-05,Phone,East,Enterprise,16,1083.93,0.09,40,6.3,3199.68,1.14,15782.02,0.478,7543.81,7,2022,3,5,1,0
ORD-02470,2022-07-06,Headphones,East,Retail,18,601.71,0.2,37,4.6,3488.92,1.03,8664.62,0.429,3717.12,7,2022,3,0,1,2
ORD-02471,2022-07-06,Keyboard,West,SMB,16,732.92,0.27,36,7.0,4721.88,1.18,8560.51,0.372,3184.51,7,2022,3,1,4,3
ORD-02472,2022-07-06,Keyboard,Central,SMB,16,577.86,0.2,46,7.8,2631.12,1.05,7396.61,0.443,3276.7,7,2022,3,1,0,3
ORD-02473,2022-07-07,Phone,South,Online,2,1223.53,0.25,25,9.4,1667.51,0.94,1835.3,0.369,677.23,7,2022,3,5,3,1
ORD-02474,2022-07-07,Keyboard,North,Retail,10,1863.43,0.16,46,10.0,4614.78,0.81,15652.81,0.122,1909.64,7,2022,3,1,2,2
ORD-02475,2022-07-07,Monitor,North,SMB,7,1720.55,0.02,35,5.5,438.07,1.09,11802.97,0.24,2832.71,7,2022,3,3,2,3
ORD-02476,2022-07-07,Keyboard,Central,Retail,15,947.74,0.03,22,5.6,1151.58,0.95,13789.62,0.271,3736.99,7,2022,3,1,0,2
ORD-02477,2022-07-07,Keyboard,East,Retail,9,1661.67,0.17,29,0.2,1772.2,1.04,12412.67,0.319,3959.64,7,2022,3,1,1,2
ORD-02478,2022-07-08,Keyboard,East,Enterprise,7,875.06,0.1,27,8.7,3932.35,1.15,5512.88,0.192,1058.47,7,2022,3,1,1,0
ORD-02479,2022-07-08,Monitor,East,SMB,16,542.0,0.07,64,0.3,4529.12,0.8,8064.96,0.452,3645.36,7,2022,3,3,1,3
ORD-02480,2022-07-08,Headphones,East,Enterprise,3,1967.66,0.14,54,6.3,2313.75,1.1,5076.56,0.191,969.62,7,2022,3,0,1,0
ORD-02481,2022-07-08,Keyboard,East,SMB,17,642.58,0.2,34,1.0,1502.03,0.97,8739.09,0.363,3172.29,7,2022,3,1,1,3
ORD-02482,2022-07-08,Mouse,Central,Retail,8,681.26,0.12,49,2.9,1830.73,0.85,4796.07,0.451,2163.03,7,2022,3,4,0,2
ORD-02483,2022-07-08,Monitor,West,SMB,2,1979.9,0.24,21,1.4,3317.08,1.03,3009.45,0.393,1182.71,7,2022,3,3,4,3
ORD-02484,2022-07-09,Phone,South,Online,3,311.16,0.22,48,1.4,874.23,1.01,728.11,0.154,112.13,7,2022,3,5,3,1
ORD-02485,2022-07-09,Laptop,East,Retail,8,1533.04,0.22,43,0.7,2782.41,1.14,9566.17,0.481,4601.33,7,2022,3,2,1,2
ORD-02486,2022-07-10,Phone,West,SMB,2,1874.83,0.3,29,3.2,2983.37,1.01,2624.76,0.137,359.59,7,2022,3,5,4,3
ORD-02487,2022-07-10,Laptop,North,Enterprise,19,1048.0,0.09,35,4.2,3568.49,1.13,18119.92,0.18,3261.59,7,2022,3,2,2,0
ORD-02488,2022-07-11,Webcam,Central,Enterprise,17,54.92,0.19,25,4.6,3059.1,1.02,756.25,0.156,117.98,7,2022,3,7,0,0
ORD-02489,2022-07-11,Phone,West,Retail,5,781.36,0.26,49,4.4,575.08,0.98,2891.03,0.367,1061.01,7,2022,3,5,4,2
ORD-02490,2022-07-11,Mouse,East,Enterprise,17,267.56,0.17,37,5.2,3475.11,0.95,3775.27,0.423,1596.94,7,2022,3,4,1,0
ORD-02491,2022-07-11,Laptop,East,Retail,10,861.57,0.24,66,8.6,206.56,0.87,6547.93,0.195,1276.85,7,2022,3,2,1,2
ORD-02492,2022-07-11,Laptop,East,Retail,9,1590.55,0.12,57,6.3,2012.51,1.03,12597.16,0.492,6197.8,7,2022,3,2,1,2
ORD-02493,2022-07-11,Tablet,West,Retail,6,905.49,0.18,30,0.2,2143.61,1.02,4455.01,0.156,694.98,7,2022,3,6,4,2
ORD-02494,2022-07-11,Laptop,East,SMB,11,892.25,0.02,40,1.7,671.49,1.19,9618.46,0.226,2173.77,7,2022,3,2,1,3
ORD-02495,2022-07-12,Laptop,West,Retail,2,1135.74,0.3,20,3.5,148.3,0.96,1590.04,0.296,470.65,7,2022,3,2,4,2
ORD-02496,2022-07-12,Tablet,East,Enterprise,12,1184.3,0.24,52,9.5,448.69,0.97,10800.82,0.424,4579.55,7,2022,3,6,1,0
ORD-02497,2022-07-12,Keyboard,North,Online,12,1719.78,0.26,56,0.8,2286.87,0.87,15271.65,0.251,3833.18,7,2022,3,1,2,1
ORD-02498,2022-07-13,Keyboard,North,SMB,16,651.29,0.21,67,7.1,1277.74,1.04,8232.31,0.172,1415.96,7,2022,3,1,2,3
ORD-02499,2022-07-13,Tablet,South,Enterprise,12,1652.26,0.06,38,0.3,438.0,1.14,18637.49,0.286,5330.32,7,2022,3,6,3,0
ORD-02500,2022-07-13,Monitor,East,Retail,18,1153.57,0.01,24,3.6,1356.39,0.9,20556.62,0.291,5981.98,7,2022,3,3,1,2
ORD-02501,2022-07-13,Webcam,East,Retail,13,636.03,0.26,43,7.7,2691.23,0.8,6118.61,0.106,648.57,7,2022,3,7,1,2
ORD-02502,2022-07-13,Laptop,West,Online,15,625.5,0.12,40,3.4,3736.48,1.08,8256.6,0.108,891.71,7,2022,3,2,4,1
ORD-02503,2022-07-13,Laptop,West,Enterprise,16,754.22,0.08,49,4.3,2118.81,0.81,11102.12,0.211,2342.55,7,2022,3,2,4,0
ORD-02504,2022-07-13,Tablet,East,SMB,4,1264.25,0.17,19,9.1,3104.43,0.96,4197.31,0.396,1662.13,7,2022,3,6,1,3
ORD-02505,2022-07-13,Tablet,South,Enterprise,12,500.08,0.13,56,0.7,3024.15,1.05,5220.84,0.246,1284.33,7,2022,3,6,3,0
ORD-02506,2022-07-13,Monitor,East,Retail,17,1844.65,0.2,19,5.3,4491.94,0.95,25087.24,0.184,4616.05,7,2022,3,3,1,2
ORD-02507,2022-07-13,Mouse,West,SMB,1,1171.08,0.15,56,3.7,979.03,0.9,995.42,0.145,144.34,7,2022,3,4,4,3
ORD-02508,2022-07-14,Keyboard,East,Retail,18,1844.03,0.21,63,9.6,2434.51,1.12,26222.11,0.212,5559.09,7,2022,3,1,1,2
ORD-02509,2022-07-14,Phone,West,Retail,16,140.49,0.26,32,7.9,3195.97,0.92,1663.4,0.293,487.38,7,2022,3,5,4,2
ORD-02510,2022-07-14,Mouse,East,Enterprise,1,718.09,0.06,33,1.2,2646.64,0.87,675.0,0.137,92.48,7,2022,3,4,1,0
ORD-02511,2022-07-14,Headphones,Central,Online,10,94.47,0.1,43,9.3,2306.67,0.96,850.23,0.106,90.12,7,2022,3,0,0,1
ORD-02512,2022-07-14,Keyboard,West,Retail,19,580.89,0.13,25,2.1,4869.95,0.85,9602.11,0.151,1449.92,7,2022,3,1,4,2
ORD-02513,2022-07-14,Laptop,South,Enterprise,16,1730.91,0.29,33,0.8,4715.87,1.08,19663.14,0.395,7766.94,7,2022,3,2,3,0
ORD-02514,2022-07-14,Headphones,Central,SMB,14,121.39,0.11,38,5.4,3096.13,1.08,1512.52,0.287,434.09,7,2022,3,0,0,3
ORD-02515,2022-07-15,Mouse,East,Online,2,900.49,0.11,56,7.4,2253.92,0.81,1602.87,0.278,445.6,7,2022,3,4,1,1
ORD-02516,2022-07-15,Tablet,West,Retail,6,279.26,0.2,28,7.2,3801.37,1.08,1340.45,0.108,144.77,7,2022,3,6,4,2
ORD-02517,2022-07-15,Monitor,Central,Retail,5,862.84,0.13,41,5.3,2613.38,0.92,3753.35,0.384,1441.29,7,2022,3,3,0,2
ORD-02518,2022-07-15,Keyboard,South,SMB,12,1685.76,0.29,53,4.9,4978.29,1.06,14362.68,0.181,2599.65,7,2022,3,1,3,3
ORD-02519,2022-07-15,Monitor,West,Enterprise,4,1264.99,0.27,35,9.7,3461.09,1.08,3693.77,0.136,502.35,7,2022,3,3,4,0
ORD-02520,2022-07-15,Headphones,Central,Retail,4,1486.67,0.15,40,8.2,433.98,0.91,5054.68,0.437,2208.9,7,2022,3,0,0,2
ORD-02521,2022-07-16,Keyboard,Central,SMB,5,730.75,0.19,30,7.0,2069.36,0.87,2959.54,0.294,870.1,7,2022,3,1,0,3
ORD-02522,2022-07-17,Webcam,Central,Retail,7,1891.58,0.02,66,2.0,3678.3,1.13,12976.24,0.4,5190.5,7,2022,3,7,0,2
ORD-02523,2022-07-17,Webcam,North,Enterprise,6,1433.06,0.21,61,8.2,4227.61,1.1,6792.7,0.429,2914.07,7,2022,3,7,2,0
ORD-02524,2022-07-17,Mouse,East,Online,13,872.51,0.21,67,7.5,4085.51,1.13,8960.68,0.486,4354.89,7,2022,3,4,1,1
ORD-02525,2022-07-17,Laptop,West,Enterprise,4,881.61,0.11,59,9.9,4888.46,0.97,3138.53,0.349,1095.35,7,2022,3,2,4,0
ORD-02526,2022-07-17,Webcam,West,Enterprise,13,1841.43,0.07,56,1.3,2496.69,0.98,22262.89,0.127,2827.39,7,2022,3,7,4,0
ORD-02527,2022-07-17,Webcam,West,Enterprise,4,1173.99,0.27,61,7.2,786.33,0.94,3428.05,0.323,1107.26,7,2022,3,7,4,0
ORD-02528,2022-07-17,Phone,Central,SMB,10,1427.44,0.13,61,9.8,3295.99,1.0,12418.73,0.304,3775.29,7,2022,3,5,0,3
ORD-02529,2022-07-18,Monitor,East,Retail,1,863.22,0.2,62,4.6,446.67,1.06,690.58,0.123,84.94,7,2022,3,3,1,2
ORD-02530,2022-07-18,Monitor,South,Online,8,486.2,0.01,18,7.3,4870.26,1.13,3850.7,0.223,858.71,7,2022,3,3,3,1
ORD-02531,2022-07-18,Webcam,West,SMB,7,1460.94,0.12,24,9.8,3816.81,0.87,8999.39,0.265,2384.84,7,2022,3,7,4,3
ORD-02532,2022-07-18,Phone,East,Enterprise,5,1235.26,0.25,65,5.5,4912.53,0.96,4632.23,0.164,759.69,7,2022,3,5,1,0
ORD-02533,2022-07-18,Monitor,East,Online,3,1027.62,0.12,65,7.0,1948.54,0.98,2712.92,0.104,282.14,7,2022,3,3,1,1
ORD-02534,2022-07-19,Monitor,North,Enterprise,15,1266.84,0.18,38,0.2,177.4,1.0,15582.13,0.403,6279.6,7,2022,3,3,2,0
ORD-02535,2022-07-19,Keyboard,West,Enterprise,17,456.16,0.06,33,5.2,2654.32,1.02,7289.44,0.441,3214.64,7,2022,3,1,4,0
ORD-02536,2022-07-19,Keyboard,Central,Enterprise,13,1598.18,0.12,65,2.6,693.8,1.12,18283.18,0.192,3510.37,7,2022,3,1,0,0
ORD-02537,2022-07-20,Phone,East,Online,15,1898.92,0.28,31,1.3,3430.18,1.15,20508.34,0.102,2091.85,7,2022,3,5,1,1
ORD-02538,2022-07-20,Headphones,East,Retail,19,1787.65,0.17,60,7.1,2538.0,0.86,28191.24,0.456,12855.21,7,2022,3,0,1,2
ORD-02539,2022-07-20,Laptop,South,Enterprise,14,676.8,0.27,68,0.4,3791.89,1.09,6916.9,0.154,1065.2,7,2022,3,2,3,0
ORD-02540,2022-07-20,Mouse,North,Retail,13,841.71,0.27,60,9.0,1526.24,0.99,7987.83,0.261,2084.82,7,2022,3,4,2,2
ORD-02541,2022-07-20,Webcam,East,Online,12,1626.38,0.28,19,5.2,4162.91,0.97,14051.92,0.246,3456.77,7,2022,3,7,1,1
ORD-02542,2022-07-20,Webcam,East,Online,9,1210.48,0.27,48,6.5,3289.02,0.85,7952.85,0.166,1320.17,7,2022,3,7,1,1
ORD-02543,2022-07-21,Mouse,Central,Enterprise,3,1118.43,0.0,56,2.5,4939.78,0.83,3355.29,0.34,1140.8,7,2022,3,4,0,0
ORD-02544,2022-07-21,Webcam,Central,Retail,11,1856.95,0.28,26,1.8,974.93,1.19,14707.04,0.467,6868.19,7,2022,3,7,0,2
ORD-02545,2022-07-21,Webcam,South,Retail,10,1095.25,0.04,58,2.4,350.75,1.06,10514.4,0.305,3206.89,7,2022,3,7,3,2
ORD-02546,2022-07-22,Headphones,South,Enterprise,1,1054.13,0.01,31,2.3,4270.14,0.98,1043.59,0.489,510.32,7,2022,3,0,3,0
ORD-02547,2022-07-22,Monitor,South,SMB,17,131.94,0.02,27,8.6,1758.41,1.1,2198.12,0.176,386.87,7,2022,3,3,3,3
ORD-02548,2022-07-23,Laptop,Central,SMB,13,185.36,0.1,65,7.9,2213.11,0.84,2168.71,0.439,952.06,7,2022,3,2,0,3
ORD-02549,2022-07-23,Webcam,Central,Online,14,64.47,0.19,41,8.5,4635.77,1.04,731.09,0.203,148.41,7,2022,3,7,0,1
ORD-02550,2022-07-23,Phone,North,Online,1,1830.83,0.12,67,7.3,2259.41,1.06,1611.13,0.2,322.23,7,2022,3,5,2,1
ORD-02551,2022-07-23,Headphones,West,SMB,2,846.35,0.01,50,6.4,1560.29,0.98,1675.77,0.147,246.34,7,2022,3,0,4,3
ORD-02552,2022-07-24,Webcam,West,SMB,2,963.69,0.14,51,5.3,391.53,0.9,1657.55,0.445,737.61,7,2022,3,7,4,3
ORD-02553,2022-07-24,Phone,North,SMB,7,1698.5,0.13,37,2.7,2270.38,1.18,10343.86,0.39,4034.11,7,2022,3,5,2,3
ORD-02554,2022-07-24,Keyboard,West,Enterprise,9,1238.03,0.23,45,7.1,3309.26,0.92,8579.55,0.237,2033.35,7,2022,3,1,4,0
ORD-02555,2022-07-24,Monitor,Central,Enterprise,4,1238.53,0.08,21,1.4,1418.96,0.85,4557.79,0.24,1093.87,7,2022,3,3,0,0
ORD-02556,2022-07-24,Tablet,West,Enterprise,2,628.24,0.07,51,5.1,3617.12,1.05,1168.53,0.438,511.82,7,2022,3,6,4,0
ORD-02557,2022-07-24,Webcam,Central,Enterprise,19,1676.12,0.08,21,2.0,2443.49,1.03,29298.58,0.471,13799.63,7,2022,3,7,0,0
ORD-02558,2022-07-25,Phone,North,Enterprise,5,373.37,0.09,23,5.0,4304.73,1.1,1698.83,0.341,579.3,7,2022,3,5,2,0
ORD-02559,2022-07-25,Headphones,South,Enterprise,9,153.64,0.18,39,2.9,892.51,1.1,1133.86,0.263,298.21,7,2022,3,0,3,0
ORD-02560,2022-07-25,Monitor,North,Online,13,423.63,0.14,21,0.5,3809.69,1.05,4736.18,0.121,573.08,7,2022,3,3,2,1
ORD-02561,2022-07-25,Laptop,West,Retail,12,572.09,0.1,67,5.0,4669.51,0.88,6178.57,0.151,932.96,7,2022,3,2,4,2
ORD-02562,2022-07-25,Headphones,Central,Online,19,600.51,0.11,22,1.8,3732.85,1.15,10154.62,0.157,1594.28,7,2022,3,0,0,1
ORD-02563,2022-07-26,Keyboard,West,Retail,9,1357.5,0.11,28,1.6,2089.09,0.9,10873.58,0.211,2294.33,7,2022,3,1,4,2
ORD-02564,2022-07-26,Mouse,West,Online,10,474.76,0.29,62,3.8,1229.23,0.84,3370.8,0.203,684.27,7,2022,3,4,4,1
ORD-02565,2022-07-26,Webcam,South,Online,19,1369.48,0.07,52,3.6,582.0,0.92,24198.71,0.317,7670.99,7,2022,3,7,3,1
ORD-02566,2022-07-26,Laptop,West,Enterprise,10,227.71,0.25,36,8.7,3247.61,0.99,1707.82,0.478,816.34,7,2022,3,2,4,0
ORD-02567,2022-07-27,Phone,South,Enterprise,12,337.04,0.21,69,5.6,799.99,0.88,3195.14,0.445,1421.84,7,2022,3,5,3,0
ORD-02568,2022-07-27,Webcam,Central,Retail,14,1042.2,0.0,28,8.5,4207.69,0.93,14590.8,0.304,4435.6,7,2022,3,7,0,2
ORD-02569,2022-07-27,Phone,Central,Retail,8,1847.7,0.3,28,1.5,4807.61,1.01,10347.12,0.107,1107.14,7,2022,3,5,0,2
ORD-02570,2022-07-27,Laptop,South,Enterprise,16,1726.16,0.23,44,3.6,765.37,0.93,21266.29,0.127,2700.82,7,2022,3,2,3,0
ORD-02571,2022-07-27,Phone,North,Online,17,1939.07,0.2,19,5.6,1942.66,0.84,26371.35,0.444,11708.88,7,2022,3,5,2,1
ORD-02572,2022-07-28,Headphones,Central,Retail,4,1318.43,0.12,64,1.5,4692.63,0.88,4640.87,0.213,988.51,7,2022,3,0,0,2
ORD-02573,2022-07-28,Monitor,North,SMB,6,1367.84,0.17,25,1.3,2406.45,1.12,6811.84,0.227,1546.29,7,2022,3,3,2,3
ORD-02574,2022-07-28,Phone,Central,SMB,12,1268.79,0.08,51,6.6,2723.54,1.18,14007.44,0.156,2185.16,7,2022,3,5,0,3
ORD-02575,2022-07-28,Keyboard,Central,SMB,18,1264.5,0.01,57,6.5,3762.83,0.86,22533.39,0.189,4258.81,7,2022,3,1,0,3
ORD-02576,2022-07-29,Monitor,East,Retail,7,336.88,0.25,37,2.3,1131.61,1.07,1768.62,0.199,351.96,7,2022,3,3,1,2
ORD-02577,2022-07-29,Headphones,West,Enterprise,5,1110.29,0.27,40,2.3,4897.83,1.16,4052.56,0.265,1073.93,7,2022,3,0,4,0
ORD-02578,2022-07-29,Webcam,West,Enterprise,10,802.83,0.05,32,7.5,3926.33,0.92,7626.88,0.349,2661.78,7,2022,3,7,4,0
ORD-02579,2022-07-29,Tablet,North,Enterprise,6,912.95,0.24,65,1.2,890.73,1.13,4163.05,0.241,1003.3,7,2022,3,6,2,0
ORD-02580,2022-07-29,Webcam,West,Retail,14,1071.02,0.22,30,9.2,644.24,1.16,11695.54,0.28,3274.75,7,2022,3,7,4,2
ORD-02581,2022-07-29,Phone,North,Retail,6,300.37,0.05,48,9.4,4681.28,0.92,1712.11,0.173,296.2,7,2022,3,5,2,2
ORD-02582,2022-07-29,Phone,Central,SMB,14,751.0,0.13,66,8.7,3456.64,0.82,9147.18,0.123,1125.1,7,2022,3,5,0,3
ORD-02583,2022-07-29,Keyboard,East,Retail,12,173.73,0.13,63,2.1,288.98,1.17,1813.74,0.239,433.48,7,2022,3,1,1,2
ORD-02584,2022-07-29,Headphones,East,SMB,12,1960.35,0.23,31,0.2,795.74,0.93,18113.63,0.125,2264.2,7,2022,3,0,1,3
ORD-02585,2022-07-30,Keyboard,Central,SMB,8,281.13,0.25,18,9.4,334.36,0.81,1686.78,0.22,371.09,7,2022,3,1,0,3
ORD-02586,2022-07-30,Mouse,South,Enterprise,10,554.12,0.03,44,3.4,4873.0,0.99,5374.96,0.435,2338.11,7,2022,3,4,3,0
ORD-02587,2022-07-30,Headphones,South,Retail,16,1788.02,0.17,50,3.1,2539.47,0.85,23744.91,0.247,5864.99,7,2022,3,0,3,2
ORD-02588,2022-07-31,Laptop,West,Enterprise,8,991.28,0.23,52,2.6,2364.53,1.16,6106.28,0.177,1080.81,7,2022,3,2,4,0
ORD-02589,2022-07-31,Laptop,North,Enterprise,9,314.49,0.24,32,2.4,4783.32,0.86,2151.11,0.461,991.66,7,2022,3,2,2,0
ORD-02590,2022-08-01,Laptop,East,Retail,13,799.25,0.04,22,7.3,2572.72,0.92,9974.64,0.356,3550.97,8,2022,3,2,1,2
ORD-02591,2022-08-01,Keyboard,West,Retail,17,275.94,0.16,54,9.1,2637.0,1.12,3940.42,0.495,1950.51,8,2022,3,1,4,2
ORD-02592,2022-08-01,Laptop,Central,Online,19,440.42,0.26,21,7.9,4922.08,1.12,6192.31,0.22,1362.31,8,2022,3,2,0,1
ORD-02593,2022-08-01,Headphones,East,SMB,17,151.46,0.1,63,6.7,646.02,1.16,2317.34,0.18,417.12,8,2022,3,0,1,3
ORD-02594,2022-08-01,Laptop,North,Online,7,904.54,0.13,37,2.9,4930.2,1.0,5508.65,0.219,1206.39,8,2022,3,2,2,1
ORD-02595,2022-08-02,Tablet,North,SMB,1,1622.94,0.24,56,5.5,911.82,1.19,1233.43,0.425,524.21,8,2022,3,6,2,3
ORD-02596,2022-08-02,Laptop,South,SMB,14,1192.64,0.03,39,2.4,2417.27,1.01,16196.05,0.161,2607.56,8,2022,3,2,3,3
ORD-02597,2022-08-02,Phone,West,SMB,17,1232.37,0.26,41,1.1,1754.31,1.12,15503.21,0.196,3038.63,8,2022,3,5,4,3
ORD-02598,2022-08-02,Mouse,Central,Enterprise,13,441.14,0.09,64,1.2,4781.56,0.94,5218.69,0.381,1988.32,8,2022,3,4,0,0
ORD-02599,2022-08-03,Keyboard,East,Enterprise,2,720.59,0.0,28,6.0,2478.97,1.18,1441.18,0.395,569.27,8,2022,3,1,1,0
ORD-02600,2022-08-03,Monitor,North,Retail,14,1698.22,0.07,63,0.4,212.77,1.07,22110.82,0.484,10701.64,8,2022,3,3,2,2
ORD-02601,2022-08-03,Mouse,East,SMB,1,221.32,0.03,23,9.7,1186.29,0.83,214.68,0.492,105.62,8,2022,3,4,1,3
ORD-02602,2022-08-03,Tablet,Central,SMB,5,1722.96,0.03,44,10.0,2210.98,0.84,8356.36,0.365,3050.07,8,2022,3,6,0,3
ORD-02603,2022-08-04,Keyboard,East,SMB,7,993.2,0.21,27,1.5,3414.31,1.16,5492.4,0.245,1345.64,8,2022,3,1,1,3
ORD-02604,2022-08-04,Headphones,West,Enterprise,19,1682.44,0.06,56,4.3,2853.32,1.12,30048.38,0.281,8443.59,8,2022,3,0,4,0
ORD-02605,2022-08-04,Webcam,South,Retail,14,670.11,0.28,27,7.7,4264.56,0.93,6754.71,0.276,1864.3,8,2022,3,7,3,2
ORD-02606,2022-08-04,Keyboard,East,Enterprise,14,710.74,0.15,63,9.6,4159.32,1.01,8457.81,0.255,2156.74,8,2022,3,1,1,0
ORD-02607,2022-08-04,Phone,South,Online,15,1515.63,0.14,43,8.9,2993.5,1.14,19551.63,0.235,4594.63,8,2022,3,5,3,1
ORD-02608,2022-08-05,Headphones,Central,Online,5,1580.74,0.13,54,2.5,2899.44,0.84,6876.22,0.167,1148.33,8,2022,3,0,0,1
ORD-02609,2022-08-05,Mouse,South,Online,5,497.81,0.21,50,0.9,1463.01,0.86,1966.35,0.246,483.72,8,2022,3,4,3,1
ORD-02610,2022-08-05,Mouse,East,Retail,2,1947.1,0.14,68,2.9,4793.74,1.09,3349.01,0.488,1634.32,8,2022,3,4,1,2
ORD-02611,2022-08-05,Laptop,East,Online,18,214.76,0.04,25,4.4,476.57,0.83,3711.05,0.453,1681.11,8,2022,3,2,1,1
ORD-02612,2022-08-05,Headphones,North,Retail,9,183.58,0.26,68,3.6,2045.45,0.94,1222.64,0.347,424.26,8,2022,3,0,2,2
ORD-02613,2022-08-06,Webcam,East,Enterprise,10,1211.23,0.13,66,7.7,3338.1,0.9,10537.7,0.177,1865.17,8,2022,3,7,1,0
ORD-02614,2022-08-06,Phone,South,Enterprise,18,1459.34,0.02,68,2.6,4733.75,1.1,25742.76,0.451,11609.98,8,2022,3,5,3,0
ORD-02615,2022-08-06,Laptop,North,Retail,4,1923.73,0.16,45,8.6,2557.5,0.8,6463.73,0.225,1454.34,8,2022,3,2,2,2
ORD-02616,2022-08-07,Laptop,East,Enterprise,8,839.64,0.19,65,2.3,4490.0,0.85,5440.87,0.318,1730.2,8,2022,3,2,1,0
ORD-02617,2022-08-07,Webcam,East,Enterprise,18,99.32,0.08,53,3.6,613.52,0.84,1644.74,0.465,764.8,8,2022,3,7,1,0
ORD-02618,2022-08-07,Keyboard,Central,Retail,17,1225.65,0.24,57,4.5,2704.76,0.93,15835.4,0.234,3705.48,8,2022,3,1,0,2
ORD-02619,2022-08-07,Mouse,North,Online,16,614.91,0.2,42,2.9,1648.65,0.89,7870.85,0.465,3659.95,8,2022,3,4,2,1
ORD-02620,2022-08-08,Laptop,Central,Retail,18,894.25,0.2,53,7.7,3998.91,0.89,12877.2,0.194,2498.18,8,2022,3,2,0,2
ORD-02621,2022-08-08,Tablet,Central,SMB,7,1002.52,0.13,30,4.1,2280.47,0.95,6105.35,0.471,2875.62,8,2022,3,6,0,3
ORD-02622,2022-08-08,Tablet,Central,Enterprise,1,175.8,0.29,24,8.9,2428.74,0.89,124.82,0.243,30.33,8,2022,3,6,0,0
ORD-02623,2022-08-09,Mouse,West,Retail,1,997.66,0.08,18,9.6,417.43,0.84,917.85,0.25,229.46,8,2022,3,4,4,2
ORD-02624,2022-08-09,Tablet,Central,Enterprise,18,881.32,0.17,26,8.6,2246.25,1.03,13166.92,0.321,4226.58,8,2022,3,6,0,0
ORD-02625,2022-08-10,Webcam,South,Online,4,1439.46,0.09,45,5.2,496.06,1.18,5239.63,0.239,1252.27,8,2022,3,7,3,1
ORD-02626,2022-08-10,Keyboard,East,Enterprise,4,1309.05,0.22,53,5.1,1567.85,1.04,4084.24,0.28,1143.59,8,2022,3,1,1,0
ORD-02627,2022-08-11,Phone,West,Retail,6,411.17,0.01,63,2.2,721.72,1.1,2442.35,0.301,735.15,8,2022,3,5,4,2
ORD-02628,2022-08-11,Monitor,Central,Online,3,451.97,0.01,47,5.9,1738.96,1.19,1342.35,0.296,397.34,8,2022,3,3,0,1
ORD-02629,2022-08-11,Laptop,East,Online,6,539.46,0.24,26,9.5,1214.2,0.86,2459.94,0.484,1190.61,8,2022,3,2,1,1
ORD-02630,2022-08-11,Monitor,North,Online,13,398.95,0.13,47,0.8,1497.38,0.98,4512.12,0.213,961.08,8,2022,3,3,2,1
ORD-02631,2022-08-11,Phone,North,SMB,7,1331.57,0.1,52,7.5,827.09,1.03,8388.89,0.214,1795.22,8,2022,3,5,2,3
ORD-02632,2022-08-11,Phone,East,Retail,4,1989.14,0.18,64,8.7,2254.08,0.93,6524.38,0.435,2838.11,8,2022,3,5,1,2
ORD-02633,2022-08-11,Webcam,South,Retail,1,1321.61,0.21,44,9.9,2538.12,1.05,1044.07,0.257,268.33,8,2022,3,7,3,2
ORD-02634,2022-08-11,Keyboard,East,Online,6,1233.03,0.06,46,3.3,4199.57,1.05,6954.29,0.129,897.1,8,2022,3,1,1,1
ORD-02635,2022-08-11,Tablet,East,Enterprise,5,849.36,0.06,22,3.6,2740.24,1.14,3991.99,0.293,1169.65,8,2022,3,6,1,0
ORD-02636,2022-08-11,Tablet,West,Online,13,659.53,0.29,18,2.3,1220.91,1.13,6087.46,0.32,1947.99,8,2022,3,6,4,1
ORD-02637,2022-08-12,Webcam,North,SMB,19,1826.59,0.18,60,7.9,3705.89,0.86,28458.27,0.347,9875.02,8,2022,3,7,2,3
ORD-02638,2022-08-12,Phone,North,Online,4,1939.55,0.12,68,1.4,1556.51,0.87,6827.22,0.194,1324.48,8,2022,3,5,2,1
ORD-02639,2022-08-12,Keyboard,Central,Retail,6,1018.71,0.24,22,2.7,3806.34,0.89,4645.32,0.489,2271.56,8,2022,3,1,0,2
ORD-02640,2022-08-12,Keyboard,East,Online,13,615.89,0.16,46,3.0,1997.1,0.9,6725.52,0.395,2656.58,8,2022,3,1,1,1
ORD-02641,2022-08-12,Mouse,East,Enterprise,5,1551.74,0.07,34,3.7,2617.01,1.03,7215.59,0.388,2799.65,8,2022,3,4,1,0
ORD-02642,2022-08-12,Headphones,South,Retail,13,308.29,0.06,68,4.2,2568.4,0.93,3767.3,0.449,1691.52,8,2022,3,0,3,2
ORD-02643,2022-08-12,Laptop,North,Enterprise,10,1542.9,0.12,66,5.6,4782.62,1.18,13577.52,0.11,1493.53,8,2022,3,2,2,0
ORD-02644,2022-08-13,Webcam,South,Online,3,1646.95,0.26,54,9.5,852.96,0.85,3656.23,0.345,1261.4,8,2022,3,7,3,1
ORD-02645,2022-08-13,Headphones,West,Retail,13,293.56,0.02,41,2.5,4698.92,0.9,3739.95,0.427,1596.96,8,2022,3,0,4,2
ORD-02646,2022-08-13,Webcam,Central,SMB,12,1954.88,0.07,69,7.8,2853.74,1.15,21816.46,0.114,2487.08,8,2022,3,7,0,3
ORD-02647,2022-08-14,Tablet,South,Retail,4,1971.75,0.27,44,6.8,4969.07,1.03,5757.51,0.402,2314.52,8,2022,3,6,3,2
ORD-02648,2022-08-14,Phone,North,Enterprise,10,1876.6,0.04,26,1.2,2908.38,1.02,18015.36,0.496,8935.62,8,2022,3,5,2,0
ORD-02649,2022-08-15,Webcam,West,Retail,3,1017.27,0.19,55,8.1,3316.24,1.04,2471.97,0.337,833.05,8,2022,3,7,4,2
ORD-02650,2022-08-15,Webcam,East,SMB,17,529.84,0.06,30,0.9,3772.91,0.9,8466.84,0.27,2286.05,8,2022,3,7,1,3
ORD-02651,2022-08-15,Mouse,West,SMB,9,1184.92,0.18,43,7.4,4126.77,1.1,8744.71,0.281,2457.26,8,2022,3,4,4,3
ORD-02652,2022-08-16,Monitor,South,SMB,1,868.87,0.11,28,7.2,2440.06,1.0,773.29,0.372,287.66,8,2022,3,3,3,3
ORD-02653,2022-08-16,Tablet,North,SMB,18,451.6,0.03,41,6.9,3425.11,0.82,7884.94,0.328,2586.26,8,2022,3,6,2,3
ORD-02654,2022-08-16,Laptop,South,Enterprise,9,876.17,0.17,50,2.8,3112.93,0.87,6544.99,0.415,2716.17,8,2022,3,2,3,0
ORD-02655,2022-08-16,Keyboard,East,Retail,9,1344.59,0.2,66,5.7,2094.73,1.13,9681.05,0.269,2604.2,8,2022,3,1,1,2
ORD-02656,2022-08-16,Phone,East,Online,2,188.28,0.2,23,7.6,4121.91,0.94,301.25,0.267,80.43,8,2022,3,5,1,1
ORD-02657,2022-08-16,Tablet,North,SMB,19,700.17,0.19,52,6.4,1043.0,1.11,10775.62,0.398,4288.7,8,2022,3,6,2,3
ORD-02658,2022-08-16,Monitor,Central,Online,16,84.7,0.15,33,8.0,918.94,1.07,1151.92,0.358,412.39,8,2022,3,3,0,1
ORD-02659,2022-08-17,Webcam,West,Online,3,1511.52,0.16,30,6.9,3708.55,0.92,3809.03,0.411,1565.51,8,2022,3,7,4,1
ORD-02660,2022-08-17,Laptop,West,Retail,16,1299.35,0.19,61,2.7,3223.68,0.85,16839.58,0.455,7662.01,8,2022,3,2,4,2
ORD-02661,2022-08-17,Webcam,East,Online,13,172.21,0.21,28,1.5,1656.54,1.12,1768.6,0.205,362.56,8,2022,3,7,1,1
ORD-02662,2022-08-17,Laptop,South,Online,3,1931.24,0.2,40,6.3,3212.14,1.06,4634.98,0.226,1047.51,8,2022,3,2,3,1
ORD-02663,2022-08-17,Mouse,South,Enterprise,10,94.11,0.18,19,7.6,3876.17,0.92,771.7,0.311,240.0,8,2022,3,4,3,0
ORD-02664,2022-08-17,Webcam,Central,Online,18,1200.42,0.05,47,1.4,1163.13,1.01,20527.18,0.472,9688.83,8,2022,3,7,0,1
ORD-02665,2022-08-18,Tablet,South,Retail,6,1563.92,0.06,36,1.7,2948.83,1.04,8820.51,0.434,3828.1,8,2022,3,6,3,2
ORD-02666,2022-08-18,Monitor,West,Online,6,1586.4,0.08,57,0.1,4140.86,0.8,8756.93,0.287,2513.24,8,2022,3,3,4,1
ORD-02667,2022-08-18,Laptop,South,Retail,18,116.86,0.28,62,5.3,2115.07,1.07,1514.51,0.329,498.27,8,2022,3,2,3,2
ORD-02668,2022-08-18,Phone,Central,SMB,6,1817.51,0.23,63,5.4,2901.51,1.06,8396.9,0.385,3232.81,8,2022,3,5,0,3
ORD-02669,2022-08-19,Laptop,West,Online,6,1840.98,0.17,64,5.0,484.82,0.83,9168.08,0.309,2832.94,8,2022,3,2,4,1
ORD-02670,2022-08-19,Monitor,South,Online,13,1144.71,0.08,66,3.2,4169.3,1.12,13690.73,0.139,1903.01,8,2022,3,3,3,1
ORD-02671,2022-08-19,Keyboard,West,Online,14,990.06,0.03,32,4.3,4001.02,1.13,13445.01,0.241,3240.25,8,2022,3,1,4,1
ORD-02672,2022-08-19,Keyboard,East,SMB,7,137.49,0.27,59,7.7,2335.65,0.92,702.57,0.119,83.61,8,2022,3,1,1,3
ORD-02673,2022-08-20,Mouse,East,Enterprise,13,1145.81,0.27,50,1.8,684.32,0.86,10873.74,0.368,4001.54,8,2022,3,4,1,0
ORD-02674,2022-08-20,Tablet,East,Online,15,848.29,0.03,61,2.0,3335.95,1.07,12342.62,0.235,2900.52,8,2022,3,6,1,1
ORD-02675,2022-08-20,Monitor,South,Retail,12,1556.97,0.24,58,6.7,2907.6,0.85,14199.57,0.395,5608.83,8,2022,3,3,3,2
ORD-02676,2022-08-20,Mouse,Central,Enterprise,1,837.57,0.13,22,8.7,4605.45,1.14,728.69,0.272,198.2,8,2022,3,4,0,0
ORD-02677,2022-08-21,Headphones,West,Enterprise,3,1382.98,0.1,39,3.4,1471.06,0.99,3734.05,0.118,440.62,8,2022,3,0,4,0
ORD-02678,2022-08-21,Laptop,North,Enterprise,18,247.75,0.22,44,9.3,258.4,1.16,3478.41,0.252,876.56,8,2022,3,2,2,0
ORD-02679,2022-08-21,Headphones,East,Online,8,309.26,0.18,64,0.6,1348.22,1.06,2028.75,0.187,379.38,8,2022,3,0,1,1
ORD-02680,2022-08-21,Laptop,East,SMB,2,322.43,0.23,52,1.2,2196.74,0.91,496.54,0.186,92.36,8,2022,3,2,1,3
ORD-02681,2022-08-21,Keyboard,North,SMB,4,138.77,0.02,36,4.6,861.68,0.99,543.98,0.251,136.54,8,2022,3,1,2,3
ORD-02682,2022-08-21,Mouse,North,Online,18,1105.59,0.1,56,7.2,4900.7,1.01,17910.56,0.491,8794.08,8,2022,3,4,2,1
ORD-02683,2022-08-21,Keyboard,South,Retail,13,1598.24,0.1,24,3.7,1189.72,1.13,18699.41,0.484,9050.51,8,2022,3,1,3,2
ORD-02684,2022-08-21,Phone,West,Retail,15,1240.3,0.1,56,5.5,3421.52,1.14,16744.05,0.421,7049.25,8,2022,3,5,4,2
ORD-02685,2022-08-22,Headphones,East,Retail,2,1171.16,0.15,51,0.3,2325.15,1.07,1990.97,0.198,394.21,8,2022,3,0,1,2
ORD-02686,2022-08-22,Headphones,Central,Online,10,1377.22,0.08,51,4.6,2820.22,0.92,12670.42,0.406,5144.19,8,2022,3,0,0,1
ORD-02687,2022-08-23,Keyboard,South,SMB,2,712.31,0.13,44,2.4,4670.13,1.01,1239.42,0.106,131.38,8,2022,3,1,3,3
ORD-02688,2022-08-23,Phone,South,Online,12,755.81,0.11,61,5.2,2704.61,0.85,8072.05,0.123,992.86,8,2022,3,5,3,1
ORD-02689,2022-08-24,Laptop,Central,SMB,5,662.83,0.22,22,5.3,1595.61,0.89,2585.04,0.434,1121.91,8,2022,3,2,0,3
ORD-02690,2022-08-24,Mouse,Central,Enterprise,12,1438.61,0.18,21,7.5,1181.99,0.92,14155.92,0.326,4614.83,8,2022,3,4,0,0
ORD-02691,2022-08-24,Phone,Central,Online,1,365.2,0.2,24,5.4,4470.77,0.83,292.16,0.249,72.75,8,2022,3,5,0,1
ORD-02692,2022-08-24,Mouse,North,SMB,2,75.4,0.06,65,6.1,4934.95,1.15,141.75,0.396,56.13,8,2022,3,4,2,3
ORD-02693,2022-08-24,Headphones,East,Enterprise,16,1212.58,0.1,20,5.3,1333.98,0.85,17461.15,0.146,2549.33,8,2022,3,0,1,0
ORD-02694,2022-08-25,Mouse,North,Enterprise,2,1887.64,0.01,38,9.9,3637.48,1.08,3737.53,0.215,803.57,8,2022,3,4,2,0
ORD-02695,2022-08-25,Headphones,East,Online,16,1238.35,0.03,51,7.9,2578.19,1.0,19219.19,0.391,7514.7,8,2022,3,0,1,1
ORD-02696,2022-08-25,Phone,North,SMB,16,1576.7,0.08,66,7.6,3523.06,1.13,23209.02,0.183,4247.25,8,2022,3,5,2,3
ORD-02697,2022-08-25,Headphones,West,Enterprise,6,1361.94,0.02,26,6.3,4824.65,1.1,8008.21,0.34,2722.79,8,2022,3,0,4,0
ORD-02698,2022-08-25,Webcam,East,Online,13,1020.0,0.18,37,5.3,1452.82,1.1,10873.2,0.279,3033.62,8,2022,3,7,1,1
ORD-02699,2022-08-26,Tablet,South,Enterprise,12,1450.87,0.3,57,3.4,3725.74,0.97,12187.31,0.181,2205.9,8,2022,3,6,3,0
ORD-02700,2022-08-27,Headphones,East,Retail,10,1657.0,0.03,29,7.8,2245.94,1.13,16072.9,0.455,7313.17,8,2022,3,0,1,2
ORD-02701,2022-08-27,Keyboard,East,Online,5,488.23,0.25,56,1.9,3297.42,0.84,1830.86,0.274,501.66,8,2022,3,1,1,1
ORD-02702,2022-08-27,Phone,East,Enterprise,8,705.45,0.04,63,0.4,2092.59,0.98,5417.86,0.34,1842.07,8,2022,3,5,1,0
ORD-02703,2022-08-27,Webcam,West,Online,6,486.27,0.2,45,7.0,3570.85,1.2,2334.1,0.201,469.15,8,2022,3,7,4,1
ORD-02704,2022-08-28,Laptop,North,Online,5,931.74,0.19,65,1.4,1753.76,1.18,3773.55,0.239,901.88,8,2022,3,2,2,1
ORD-02705,2022-08-28,Mouse,South,SMB,6,1775.88,0.27,50,9.0,2492.94,0.83,7778.35,0.12,933.4,8,2022,3,4,3,3
ORD-02706,2022-08-28,Webcam,North,SMB,17,723.15,0.03,27,7.7,3573.09,1.03,11924.74,0.293,3493.95,8,2022,3,7,2,3
ORD-02707,2022-08-28,Monitor,North,Enterprise,6,780.21,0.09,28,6.0,309.26,0.93,4259.95,0.238,1013.87,8,2022,3,3,2,0
ORD-02708,2022-08-28,Webcam,Central,Online,17,1727.72,0.03,24,3.1,1707.64,1.09,28490.1,0.232,6609.7,8,2022,3,7,0,1
ORD-02709,2022-08-29,Phone,West,Online,5,1054.98,0.12,35,6.4,2776.31,1.09,4641.91,0.456,2116.71,8,2022,3,5,4,1
ORD-02710,2022-08-29,Webcam,Central,Retail,17,1094.13,0.27,36,4.8,463.26,0.8,13578.15,0.382,5186.85,8,2022,3,7,0,2
ORD-02711,2022-08-29,Webcam,West,Online,17,1728.56,0.23,31,2.9,3545.47,1.14,22626.85,0.283,6403.4,8,2022,3,7,4,1
ORD-02712,2022-08-29,Keyboard,North,SMB,13,1006.53,0.22,34,9.5,4085.11,0.89,10206.21,0.178,1816.71,8,2022,3,1,2,3
ORD-02713,2022-08-30,Headphones,North,Online,7,1379.04,0.16,40,1.6,900.3,1.19,8108.76,0.489,3965.18,8,2022,3,0,2,1
ORD-02714,2022-08-30,Mouse,West,SMB,6,217.01,0.27,36,7.5,3693.97,1.16,950.5,0.13,123.56,8,2022,3,4,4,3
ORD-02715,2022-08-30,Tablet,North,Retail,14,398.33,0.13,62,8.0,3266.38,0.88,4851.66,0.154,747.16,8,2022,3,6,2,2
ORD-02716,2022-08-30,Laptop,North,Enterprise,16,838.53,0.04,20,9.5,2113.3,1.05,12879.82,0.208,2679.0,8,2022,3,2,2,0
ORD-02717,2022-08-30,Tablet,South,SMB,3,1014.94,0.25,51,5.5,908.44,0.92,2283.62,0.482,1100.7,8,2022,3,6,3,3
ORD-02718,2022-08-31,Webcam,Central,Enterprise,9,1933.18,0.08,42,5.3,4778.9,0.84,16006.73,0.212,3393.43,8,2022,3,7,0,0
ORD-02719,2022-08-31,Monitor,Central,Enterprise,15,1942.77,0.02,58,9.2,2373.65,1.15,28558.72,0.297,8481.94,8,2022,3,3,0,0
ORD-02720,2022-08-31,Phone,Central,Enterprise,18,1709.83,0.04,48,8.0,999.85,0.87,29545.86,0.404,11936.53,8,2022,3,5,0,0
ORD-02721,2022-08-31,Mouse,East,Enterprise,10,665.42,0.18,56,7.6,3619.0,0.97,5456.44,0.472,2575.44,8,2022,3,4,1,0
ORD-02722,2022-08-31,Phone,South,SMB,10,1929.86,0.18,31,7.9,3078.7,1.17,15824.85,0.342,5412.1,8,2022,3,5,3,3
ORD-02723,2022-08-31,Keyboard,Central,Retail,3,1394.21,0.08,54,4.9,4099.37,0.83,3848.02,0.254,977.4,8,2022,3,1,0,2
ORD-02724,2022-08-31,Phone,Central,Online,1,816.23,0.22,69,0.4,4980.87,1.02,636.66,0.494,314.51,8,2022,3,5,0,1
ORD-02725,2022-09-01,Laptop,South,SMB,3,1418.27,0.23,64,2.0,319.85,1.03,3276.2,0.11,360.38,9,2022,3,2,3,3
ORD-02726,2022-09-01,Monitor,North,Retail,5,82.22,0.28,37,6.4,3722.65,1.11,295.99,0.433,128.16,9,2022,3,3,2,2
ORD-02727,2022-09-01,Tablet,Central,Online,7,335.0,0.18,49,4.0,4946.74,1.13,1922.9,0.211,405.73,9,2022,3,6,0,1
ORD-02728,2022-09-02,Webcam,North,Enterprise,3,1667.89,0.23,50,6.1,2737.34,0.97,3852.83,0.427,1645.16,9,2022,3,7,2,0
ORD-02729,2022-09-02,Webcam,Central,Online,4,1308.87,0.23,69,5.5,3606.94,1.1,4031.32,0.165,665.17,9,2022,3,7,0,1
ORD-02730,2022-09-02,Monitor,West,Online,17,760.18,0.08,48,4.4,2261.44,1.16,11889.22,0.239,2841.52,9,2022,3,3,4,1
ORD-02731,2022-09-02,Mouse,East,Retail,3,1026.3,0.09,24,2.3,1848.19,1.15,2801.8,0.122,341.82,9,2022,3,4,1,2
ORD-02732,2022-09-02,Phone,Central,Online,4,1815.03,0.14,22,7.2,3512.64,1.0,6243.7,0.18,1123.87,9,2022,3,5,0,1
ORD-02733,2022-09-02,Mouse,West,Enterprise,2,1281.58,0.01,21,9.1,4941.64,1.04,2537.53,0.341,865.3,9,2022,3,4,4,0
ORD-02734,2022-09-02,Tablet,South,SMB,14,826.39,0.09,28,7.7,549.17,1.07,10528.21,0.405,4263.93,9,2022,3,6,3,3
ORD-02735,2022-09-03,Mouse,West,SMB,5,284.64,0.14,36,1.2,2168.4,1.13,1223.95,0.464,567.91,9,2022,3,4,4,3
ORD-02736,2022-09-03,Keyboard,South,Retail,2,622.81,0.03,55,5.4,4709.03,1.0,1208.25,0.148,178.82,9,2022,3,1,3,2
ORD-02737,2022-09-03,Monitor,Central,Enterprise,15,1957.76,0.04,37,8.4,652.71,0.84,28191.74,0.156,4397.91,9,2022,3,3,0,0
ORD-02738,2022-09-03,Tablet,South,Enterprise,11,902.86,0.14,44,5.9,3289.57,0.95,8541.06,0.476,4065.54,9,2022,3,6,3,0
ORD-02739,2022-09-03,Tablet,West,Online,10,970.09,0.22,46,4.4,2207.81,1.09,7566.7,0.406,3072.08,9,2022,3,6,4,1
ORD-02740,2022-09-04,Headphones,East,Retail,1,1022.27,0.25,35,2.8,1946.77,1.05,766.7,0.316,242.28,9,2022,3,0,1,2
ORD-02741,2022-09-04,Tablet,North,Enterprise,19,1774.0,0.16,54,3.3,1126.25,1.1,28313.04,0.291,8239.09,9,2022,3,6,2,0
ORD-02742,2022-09-04,Headphones,North,Enterprise,14,1227.66,0.14,69,2.4,964.04,1.0,14781.03,0.163,2409.31,9,2022,3,0,2,0
ORD-02743,2022-09-04,Laptop,East,Enterprise,14,1402.67,0.12,64,2.0,2629.8,0.87,17280.89,0.252,4354.78,9,2022,3,2,1,0
ORD-02744,2022-09-05,Webcam,North,SMB,1,809.36,0.06,42,5.9,1949.44,0.85,760.8,0.249,189.44,9,2022,3,7,2,3
ORD-02745,2022-09-05,Headphones,Central,SMB,9,106.72,0.04,37,5.1,2508.57,0.99,922.06,0.359,331.02,9,2022,3,0,0,3
ORD-02746,2022-09-05,Monitor,Central,SMB,17,1865.4,0.24,23,7.3,1060.09,0.88,24100.97,0.34,8194.33,9,2022,3,3,0,3
ORD-02747,2022-09-05,Mouse,West,Online,14,1900.8,0.14,53,3.1,1815.99,1.19,22885.63,0.124,2837.82,9,2022,3,4,4,1
ORD-02748,2022-09-05,Headphones,West,Online,13,1900.85,0.24,66,4.6,4982.45,0.88,18780.4,0.439,8244.6,9,2022,3,0,4,1
ORD-02749,2022-09-05,Tablet,South,Online,13,1890.19,0.21,32,6.8,1903.55,1.03,19412.25,0.475,9220.82,9,2022,3,6,3,1
ORD-02750,2022-09-05,Monitor,West,Enterprise,6,1639.72,0.06,35,9.6,2122.27,0.8,9248.02,0.412,3810.18,9,2022,3,3,4,0
ORD-02751,2022-09-05,Headphones,Central,SMB,7,1384.96,0.15,55,3.5,197.39,0.9,8240.51,0.171,1409.13,9,2022,3,0,0,3
ORD-02752,2022-09-06,Headphones,West,Enterprise,2,1696.79,0.13,42,3.0,1966.05,0.9,2952.41,0.169,498.96,9,2022,3,0,4,0
ORD-02753,2022-09-06,Tablet,North,Enterprise,8,1221.07,0.13,37,4.5,3840.62,1.1,8498.65,0.39,3314.47,9,2022,3,6,2,0
ORD-02754,2022-09-06,Keyboard,South,Retail,6,312.02,0.16,39,7.2,2626.42,1.0,1572.58,0.276,434.03,9,2022,3,1,3,2
ORD-02755,2022-09-06,Keyboard,South,Enterprise,3,812.88,0.29,68,9.6,3319.52,0.8,1731.43,0.412,713.35,9,2022,3,1,3,0
ORD-02756,2022-09-07,Headphones,Central,Online,18,1944.03,0.24,29,5.4,2827.11,0.95,26594.33,0.13,3457.26,9,2022,3,0,0,1
ORD-02757,2022-09-07,Keyboard,West,SMB,18,734.72,0.27,58,8.1,616.91,1.06,9654.22,0.387,3736.18,9,2022,3,1,4,3
ORD-02758,2022-09-07,Phone,North,SMB,6,1742.26,0.01,57,4.6,1727.51,1.05,10349.02,0.27,2794.24,9,2022,3,5,2,3
ORD-02759,2022-09-07,Tablet,West,Enterprise,11,231.76,0.04,64,0.4,3501.74,0.82,2447.39,0.112,274.11,9,2022,3,6,4,0
ORD-02760,2022-09-07,Phone,East,Online,3,701.66,0.03,50,8.9,2784.9,1.17,2041.83,0.318,649.3,9,2022,3,5,1,1
ORD-02761,2022-09-08,Monitor,West,Online,16,734.36,0.08,46,2.9,3407.31,0.9,10809.78,0.38,4107.72,9,2022,3,3,4,1
ORD-02762,2022-09-08,Phone,Central,Online,5,150.62,0.13,19,1.4,1864.88,1.16,655.2,0.311,203.77,9,2022,3,5,0,1
ORD-02763,2022-09-08,Monitor,West,SMB,2,282.23,0.19,43,10.0,1049.08,0.89,457.21,0.149,68.12,9,2022,3,3,4,3
ORD-02764,2022-09-08,Headphones,South,Online,15,426.67,0.15,49,3.5,4166.09,1.03,5440.04,0.426,2317.46,9,2022,3,0,3,1
ORD-02765,2022-09-08,Monitor,North,Online,16,1683.74,0.27,20,1.4,1943.88,0.96,19666.08,0.227,4464.2,9,2022,3,3,2,1
ORD-02766,2022-09-08,Monitor,Central,Enterprise,7,173.63,0.28,47,3.1,3309.55,1.03,875.1,0.469,410.42,9,2022,3,3,0,0
ORD-02767,2022-09-09,Mouse,East,Retail,16,632.47,0.05,36,5.1,1968.11,1.0,9613.54,0.463,4451.07,9,2022,3,4,1,2
ORD-02768,2022-09-09,Phone,North,Online,4,69.84,0.26,27,0.9,4643.54,0.8,206.73,0.18,37.21,9,2022,3,5,2,1
ORD-02769,2022-09-10,Mouse,North,Enterprise,16,1406.47,0.14,42,3.5,4960.5,0.94,19353.03,0.291,5631.73,9,2022,3,4,2,0
ORD-02770,2022-09-10,Headphones,South,Enterprise,17,1259.59,0.14,63,6.7,3279.75,0.8,18415.21,0.155,2854.36,9,2022,3,0,3,0
ORD-02771,2022-09-10,Tablet,South,Online,2,1307.72,0.24,36,9.2,3050.54,1.07,1987.73,0.371,737.45,9,2022,3,6,3,1
ORD-02772,2022-09-10,Phone,South,Retail,16,780.05,0.03,60,4.0,4220.05,1.14,12106.38,0.441,5338.91,9,2022,3,5,3,2
ORD-02773,2022-09-10,Tablet,Central,SMB,4,456.12,0.26,38,5.6,2629.54,0.95,1350.12,0.359,484.69,9,2022,3,6,0,3
ORD-02774,2022-09-10,Tablet,West,Retail,7,1454.62,0.2,23,6.4,4360.58,1.01,8145.87,0.204,1661.76,9,2022,3,6,4,2
ORD-02775,2022-09-10,Monitor,North,Online,18,1631.68,0.26,68,0.7,2123.4,0.83,21733.98,0.131,2847.15,9,2022,3,3,2,1
ORD-02776,2022-09-10,Webcam,West,Retail,6,320.27,0.3,31,3.4,256.3,0.95,1345.13,0.128,172.18,9,2022,3,7,4,2
ORD-02777,2022-09-11,Phone,West,Enterprise,18,999.32,0.16,25,6.8,4640.29,0.86,15109.72,0.344,5197.74,9,2022,3,5,4,0
ORD-02778,2022-09-11,Tablet,South,Enterprise,7,535.0,0.03,19,7.4,3635.49,0.83,3632.65,0.481,1747.3,9,2022,3,6,3,0
ORD-02779,2022-09-11,Webcam,West,Retail,2,377.81,0.05,35,3.6,2602.76,0.87,717.84,0.378,271.34,9,2022,3,7,4,2
ORD-02780,2022-09-12,Keyboard,North,SMB,19,1481.93,0.1,39,0.1,4729.98,1.15,25341.0,0.392,9933.67,9,2022,3,1,2,3
ORD-02781,2022-09-12,Tablet,North,Retail,9,1099.29,0.03,47,0.1,4445.16,1.19,9596.8,0.232,2226.46,9,2022,3,6,2,2
ORD-02782,2022-09-12,Keyboard,East,Online,4,471.56,0.24,53,5.4,631.29,1.15,1433.54,0.334,478.8,9,2022,3,1,1,1
ORD-02783,2022-09-12,Phone,Central,SMB,14,654.5,0.09,45,5.5,3159.55,1.19,8338.33,0.227,1892.8,9,2022,3,5,0,3
ORD-02784,2022-09-12,Headphones,West,Retail,5,1934.97,0.29,52,5.6,2736.71,1.09,6869.14,0.461,3166.67,9,2022,3,0,4,2
ORD-02785,2022-09-12,Mouse,Central,Retail,7,1704.93,0.21,19,7.2,3904.72,0.86,9428.26,0.153,1442.52,9,2022,3,4,0,2
ORD-02786,2022-09-12,Phone,Central,SMB,8,1765.9,0.05,53,9.2,1573.76,1.03,13420.84,0.353,4737.56,9,2022,3,5,0,3
ORD-02787,2022-09-12,Mouse,Central,Retail,15,947.02,0.14,35,9.9,139.77,1.09,12216.56,0.392,4788.89,9,2022,3,4,0,2
ORD-02788,2022-09-13,Mouse,Central,Online,19,1266.42,0.14,60,7.0,1008.46,1.01,20693.3,0.379,7842.76,9,2022,3,4,0,1
ORD-02789,2022-09-13,Phone,North,Enterprise,11,784.7,0.15,26,5.1,1133.61,1.02,7336.95,0.203,1489.4,9,2022,3,5,2,0
ORD-02790,2022-09-13,Tablet,West,Online,4,201.54,0.16,45,1.4,1527.94,1.03,677.17,0.294,199.09,9,2022,3,6,4,1
ORD-02791,2022-09-13,Laptop,East,Retail,18,832.09,0.01,25,3.8,1914.92,0.99,14827.84,0.365,5412.16,9,2022,3,2,1,2
ORD-02792,2022-09-14,Tablet,Central,Enterprise,14,1208.26,0.21,25,5.7,3562.12,0.92,13363.36,0.472,6307.51,9,2022,3,6,0,0
ORD-02793,2022-09-14,Tablet,East,SMB,6,609.93,0.15,22,10.0,463.8,1.05,3110.64,0.3,933.19,9,2022,3,6,1,3
ORD-02794,2022-09-14,Headphones,North,Online,16,1703.5,0.24,30,1.3,2484.08,0.82,20714.56,0.22,4557.2,9,2022,3,0,2,1
ORD-02795,2022-09-15,Monitor,North,SMB,18,344.65,0.24,24,7.9,2543.35,0.87,4714.81,0.255,1202.28,9,2022,3,3,2,3
ORD-02796,2022-09-15,Monitor,South,Enterprise,1,765.9,0.07,38,10.0,3117.76,1.17,712.29,0.317,225.8,9,2022,3,3,3,0
ORD-02797,2022-09-15,Tablet,Central,Retail,8,293.56,0.01,46,8.1,1621.68,1.0,2325.0,0.491,1141.58,9,2022,3,6,0,2
ORD-02798,2022-09-15,Keyboard,South,Enterprise,1,839.42,0.21,54,7.7,1372.97,1.13,663.14,0.351,232.76,9,2022,3,1,3,0
ORD-02799,2022-09-15,Headphones,East,Enterprise,1,127.34,0.29,62,2.6,2471.04,1.09,90.41,0.162,14.65,9,2022,3,0,1,0
ORD-02800,2022-09-16,Mouse,West,SMB,19,581.47,0.13,69,0.0,3332.08,0.93,9611.7,0.437,4200.31,9,2022,3,4,4,3
ORD-02801,2022-09-16,Webcam,South,Online,10,831.43,0.08,65,2.3,318.5,1.12,7649.16,0.173,1323.3,9,2022,3,7,3,1
ORD-02802,2022-09-16,Monitor,North,Enterprise,18,982.42,0.05,31,7.9,1538.55,0.84,16799.38,0.115,1931.93,9,2022,3,3,2,0
ORD-02803,2022-09-16,Tablet,Central,Retail,12,1110.21,0.09,54,1.1,3957.82,1.15,12123.49,0.14,1697.29,9,2022,3,6,0,2
ORD-02804,2022-09-16,Headphones,East,Enterprise,17,586.23,0.1,68,3.0,2472.53,1.07,8969.32,0.414,3713.3,9,2022,3,0,1,0
ORD-02805,2022-09-16,Laptop,North,SMB,1,1069.93,0.13,21,5.6,4763.95,1.17,930.84,0.461,429.12,9,2022,3,2,2,3
ORD-02806,2022-09-17,Keyboard,West,Online,8,1042.56,0.2,39,5.8,4350.95,1.16,6672.38,0.207,1381.18,9,2022,3,1,4,1
ORD-02807,2022-09-17,Phone,Central,Retail,10,666.55,0.08,28,5.4,1785.33,0.95,6132.26,0.299,1833.55,9,2022,3,5,0,2
ORD-02808,2022-09-17,Tablet,West,SMB,10,1668.89,0.02,51,9.8,3658.73,1.14,16355.12,0.339,5544.39,9,2022,3,6,4,3
ORD-02809,2022-09-17,Headphones,West,Enterprise,18,1114.0,0.11,62,0.1,1444.11,1.03,17846.28,0.267,4764.96,9,2022,3,0,4,0
ORD-02810,2022-09-17,Tablet,Central,Enterprise,9,697.93,0.26,33,4.9,958.95,0.86,4648.21,0.126,585.67,9,2022,3,6,0,0
ORD-02811,2022-09-18,Webcam,Central,Online,2,1897.31,0.15,26,5.0,4417.0,1.13,3225.43,0.123,396.73,9,2022,3,7,0,1
ORD-02812,2022-09-19,Mouse,West,SMB,3,1697.97,0.29,33,2.9,1816.22,1.16,3616.68,0.276,998.2,9,2022,3,4,4,3
ORD-02813,2022-09-19,Keyboard,East,SMB,2,1966.05,0.15,56,5.3,1096.75,0.83,3342.28,0.419,1400.42,9,2022,3,1,1,3
ORD-02814,2022-09-19,Monitor,Central,Online,6,1399.86,0.08,33,6.7,4828.38,1.17,7727.23,0.134,1035.45,9,2022,3,3,0,1
ORD-02815,2022-09-19,Monitor,North,Retail,12,787.53,0.06,48,6.7,252.04,1.04,8883.34,0.182,1616.77,9,2022,3,3,2,2
ORD-02816,2022-09-20,Monitor,South,SMB,19,597.68,0.21,48,0.9,1897.81,0.81,8971.18,0.208,1866.01,9,2022,3,3,3,3
ORD-02817,2022-09-20,Webcam,East,Online,15,1343.47,0.16,30,8.0,288.25,1.02,16927.72,0.324,5484.58,9,2022,3,7,1,1
ORD-02818,2022-09-20,Phone,Central,SMB,19,1962.59,0.18,22,9.3,2570.09,1.12,30577.15,0.117,3577.53,9,2022,3,5,0,3
ORD-02819,2022-09-20,Headphones,Central,Online,12,1272.09,0.23,64,1.2,2065.76,1.01,11754.11,0.444,5218.82,9,2022,3,0,0,1
ORD-02820,2022-09-20,Keyboard,East,Enterprise,18,1769.15,0.22,56,4.2,3631.28,1.08,24838.87,0.288,7153.59,9,2022,3,1,1,0
ORD-02821,2022-09-20,Keyboard,South,Enterprise,16,691.75,0.01,35,5.1,4774.77,1.15,10957.32,0.294,3221.45,9,2022,3,1,3,0
ORD-02822,2022-09-20,Monitor,West,SMB,2,843.56,0.24,37,1.3,2646.48,1.15,1282.21,0.231,296.19,9,2022,3,3,4,3
ORD-02823,2022-09-20,Monitor,North,SMB,11,1817.24,0.16,19,5.0,1498.46,0.87,16791.3,0.185,3106.39,9,2022,3,3,2,3
ORD-02824,2022-09-21,Mouse,Central,Enterprise,12,1525.89,0.12,57,2.1,4373.66,0.97,16113.4,0.245,3947.78,9,2022,3,4,0,0
ORD-02825,2022-09-21,Webcam,South,Retail,5,1963.75,0.16,47,9.4,3062.24,0.84,8247.75,0.465,3835.2,9,2022,3,7,3,2
ORD-02826,2022-09-21,Laptop,North,Online,6,1560.79,0.18,27,4.5,2812.07,1.04,7679.09,0.138,1059.71,9,2022,3,2,2,1
ORD-02827,2022-09-21,Laptop,East,Retail,11,924.61,0.04,59,9.9,1024.02,1.18,9763.88,0.124,1210.72,9,2022,3,2,1,2
ORD-02828,2022-09-21,Tablet,Central,Retail,10,1085.58,0.13,28,0.5,298.9,0.87,9444.55,0.146,1378.9,9,2022,3,6,0,2
ORD-02829,2022-09-21,Tablet,West,Retail,4,1806.01,0.1,46,1.3,2360.88,0.96,6501.64,0.411,2672.17,9,2022,3,6,4,2
ORD-02830,2022-09-21,Keyboard,East,Enterprise,9,1125.71,0.11,57,4.4,2687.43,1.18,9016.94,0.119,1073.02,9,2022,3,1,1,0
ORD-02831,2022-09-22,Keyboard,Central,SMB,12,548.02,0.03,33,8.7,722.76,1.1,6378.95,0.233,1486.3,9,2022,3,1,0,3
ORD-02832,2022-09-22,Phone,South,Retail,10,899.46,0.05,65,5.6,391.04,0.83,8544.87,0.27,2307.11,9,2022,3,5,3,2
ORD-02833,2022-09-22,Phone,North,Enterprise,14,1056.82,0.05,45,7.3,1158.79,0.97,14055.71,0.303,4258.88,9,2022,3,5,2,0
ORD-02834,2022-09-22,Laptop,North,Online,5,238.6,0.11,34,4.2,409.18,1.2,1061.77,0.101,107.24,9,2022,3,2,2,1
ORD-02835,2022-09-22,Webcam,Central,SMB,1,1500.34,0.27,55,0.4,375.08,0.98,1095.25,0.295,323.1,9,2022,3,7,0,3
ORD-02836,2022-09-22,Tablet,East,Online,5,263.24,0.06,67,6.5,2276.41,1.05,1237.23,0.178,220.23,9,2022,3,6,1,1
ORD-02837,2022-09-23,Laptop,West,Retail,16,839.59,0.12,66,6.3,4070.2,1.08,11821.43,0.139,1643.18,9,2022,3,2,4,2
ORD-02838,2022-09-23,Webcam,South,SMB,5,1619.01,0.09,61,0.7,3353.54,1.07,7366.5,0.313,2305.71,9,2022,3,7,3,3
ORD-02839,2022-09-23,Laptop,Central,Retail,5,961.76,0.24,32,1.7,3429.13,1.01,3654.69,0.398,1454.57,9,2022,3,2,0,2
ORD-02840,2022-09-24,Tablet,South,SMB,18,1691.93,0.02,48,4.8,1385.94,0.85,29845.65,0.474,14146.84,9,2022,3,6,3,3
ORD-02841,2022-09-24,Headphones,North,Retail,6,716.67,0.06,24,4.5,154.41,1.08,4042.02,0.465,1879.54,9,2022,3,0,2,2
ORD-02842,2022-09-24,Phone,West,Online,18,1917.39,0.06,63,7.5,2308.17,1.17,32442.24,0.26,8434.98,9,2022,3,5,4,1
ORD-02843,2022-09-24,Mouse,South,Online,10,458.46,0.3,47,3.9,1947.91,1.18,3209.22,0.382,1225.92,9,2022,3,4,3,1
ORD-02844,2022-09-24,Mouse,Central,Retail,15,124.62,0.17,53,6.6,4741.45,1.04,1551.52,0.378,586.47,9,2022,3,4,0,2
ORD-02845,2022-09-25,Mouse,West,SMB,11,1751.23,0.04,66,7.0,452.9,1.0,18492.99,0.265,4900.64,9,2022,3,4,4,3
ORD-02846,2022-09-25,Tablet,East,Online,19,1516.8,0.08,43,6.5,3904.45,0.93,26513.66,0.139,3685.4,9,2022,3,6,1,1
ORD-02847,2022-09-25,Monitor,Central,SMB,13,502.37,0.05,28,6.0,1988.54,0.84,6204.27,0.253,1569.68,9,2022,3,3,0,3
ORD-02848,2022-09-25,Monitor,South,SMB,3,1970.25,0.04,23,8.1,4165.14,1.15,5674.32,0.497,2820.14,9,2022,3,3,3,3
ORD-02849,2022-09-26,Monitor,West,Online,16,1029.45,0.24,59,6.6,2525.05,0.85,12518.11,0.322,4030.83,9,2022,3,3,4,1
ORD-02850,2022-09-26,Keyboard,Central,Enterprise,7,1904.58,0.15,46,8.3,4120.46,0.92,11332.25,0.237,2685.74,9,2022,3,1,0,0
ORD-02851,2022-09-26,Phone,West,Enterprise,12,1034.81,0.19,45,6.4,2387.56,1.1,10058.35,0.398,4003.22,9,2022,3,5,4,0
ORD-02852,2022-09-26,Phone,West,SMB,15,970.16,0.1,32,1.6,2069.11,1.08,13097.16,0.375,4911.43,9,2022,3,5,4,3
ORD-02853,2022-09-26,Headphones,West,Online,8,925.82,0.17,46,3.1,4822.17,1.07,6147.44,0.332,2040.95,9,2022,3,0,4,1
ORD-02854,2022-09-26,Headphones,South,Enterprise,17,703.01,0.08,23,3.3,1907.4,1.1,10995.08,0.355,3903.25,9,2022,3,0,3,0
ORD-02855,2022-09-26,Keyboard,Central,Retail,1,1090.72,0.09,65,0.9,4045.97,1.02,992.56,0.334,331.52,9,2022,3,1,0,2
ORD-02856,2022-09-27,Laptop,North,SMB,8,932.48,0.2,29,6.9,428.46,0.86,5967.87,0.483,2882.48,9,2022,3,2,2,3
ORD-02857,2022-09-27,Webcam,North,Enterprise,14,121.66,0.05,68,6.0,406.98,1.2,1618.08,0.304,491.9,9,2022,3,7,2,0
ORD-02858,2022-09-27,Headphones,South,Online,10,557.85,0.19,33,5.9,2246.73,1.16,4518.58,0.336,1518.24,9,2022,3,0,3,1
ORD-02859,2022-09-28,Mouse,South,Online,19,465.59,0.26,63,4.8,2969.29,0.97,6546.2,0.289,1891.85,9,2022,3,4,3,1
ORD-02860,2022-09-29,Monitor,West,SMB,8,1741.5,0.04,55,5.4,3081.81,1.01,13374.72,0.34,4547.4,9,2022,3,3,4,3
ORD-02861,2022-09-29,Mouse,Central,Online,19,1217.8,0.27,26,0.1,278.29,0.96,16890.89,0.456,7702.25,9,2022,3,4,0,1
ORD-02862,2022-09-29,Monitor,Central,Retail,4,1539.18,0.02,39,1.0,3514.03,1.06,6033.59,0.236,1423.93,9,2022,3,3,0,2
ORD-02863,2022-09-29,Mouse,East,Retail,10,1915.81,0.1,50,6.8,736.64,1.09,17242.29,0.298,5138.2,9,2022,3,4,1,2
ORD-02864,2022-09-30,Laptop,East,Enterprise,3,1305.88,0.18,43,2.6,4781.19,0.89,3212.46,0.279,896.28,9,2022,3,2,1,0
ORD-02865,2022-09-30,Webcam,North,Online,4,1966.09,0.17,57,1.1,1734.39,0.97,6527.42,0.259,1690.6,9,2022,3,7,2,1
ORD-02866,2022-09-30,Mouse,East,Retail,16,657.94,0.03,24,3.3,1381.08,1.06,10211.23,0.428,4370.41,9,2022,3,4,1,2
ORD-02867,2022-09-30,Mouse,East,SMB,4,413.22,0.24,63,2.5,1527.2,1.2,1256.19,0.193,242.44,9,2022,3,4,1,3
ORD-02868,2022-10-01,Tablet,North,Online,13,836.45,0.29,49,0.3,4693.03,0.93,7720.43,0.3,2316.13,10,2022,4,6,2,1
ORD-02869,2022-10-01,Webcam,North,Enterprise,17,968.06,0.05,57,4.1,2465.92,1.1,15634.17,0.47,7348.06,10,2022,4,7,2,0
ORD-02870,2022-10-01,Mouse,East,SMB,16,1795.96,0.27,60,0.3,2229.93,0.94,20976.81,0.165,3461.17,10,2022,4,4,1,3
ORD-02871,2022-10-01,Tablet,Central,SMB,17,1141.88,0.17,41,0.0,2872.9,0.84,16111.93,0.102,1643.42,10,2022,4,6,0,3
ORD-02872,2022-10-01,Phone,East,SMB,6,619.75,0.28,58,7.9,4660.73,1.11,2677.32,0.206,551.53,10,2022,4,5,1,3
ORD-02873,2022-10-01,Webcam,West,Retail,3,1498.14,0.05,68,3.1,1610.87,1.06,4269.7,0.469,2002.49,10,2022,4,7,4,2
ORD-02874,2022-10-01,Keyboard,West,SMB,4,1036.37,0.24,56,5.7,986.02,1.01,3150.56,0.135,425.33,10,2022,4,1,4,3
ORD-02875,2022-10-02,Webcam,West,Retail,8,366.16,0.02,55,3.0,3017.91,1.07,2870.69,0.155,444.96,10,2022,4,7,4,2
ORD-02876,2022-10-02,Webcam,South,SMB,9,1174.8,0.26,67,9.3,2509.21,1.15,7824.17,0.228,1783.91,10,2022,4,7,3,3
ORD-02877,2022-10-02,Mouse,West,Retail,1,1827.22,0.2,54,7.3,403.64,1.1,1461.78,0.408,596.41,10,2022,4,4,4,2
ORD-02878,2022-10-02,Phone,Central,Online,13,1693.11,0.11,36,3.7,2657.49,1.14,19589.28,0.401,7855.3,10,2022,4,5,0,1
ORD-02879,2022-10-02,Webcam,South,Retail,2,1194.28,0.06,60,2.1,2855.85,0.92,2245.25,0.135,303.11,10,2022,4,7,3,2
ORD-02880,2022-10-03,Headphones,South,Retail,10,785.31,0.24,22,1.4,3501.34,1.12,5968.36,0.474,2829.0,10,2022,4,0,3,2
ORD-02881,2022-10-03,Headphones,West,Online,19,219.61,0.18,47,7.6,4978.16,0.94,3421.52,0.196,670.62,10,2022,4,0,4,1
ORD-02882,2022-10-03,Tablet,East,SMB,17,965.82,0.11,42,4.5,2165.75,0.81,14612.86,0.212,3097.93,10,2022,4,6,1,3
ORD-02883,2022-10-04,Mouse,North,Online,13,1516.55,0.13,47,2.3,2600.0,0.82,17152.18,0.255,4373.81,10,2022,4,4,2,1
ORD-02884,2022-10-04,Mouse,East,SMB,14,752.53,0.25,42,9.2,467.51,1.09,7901.56,0.354,2797.15,10,2022,4,4,1,3
ORD-02885,2022-10-04,Webcam,East,Retail,11,509.12,0.1,26,3.9,4174.78,0.91,5040.29,0.309,1557.45,10,2022,4,7,1,2
ORD-02886,2022-10-05,Laptop,South,SMB,10,1866.19,0.03,44,5.4,580.96,0.92,18102.04,0.471,8526.06,10,2022,4,2,3,3
ORD-02887,2022-10-05,Phone,South,Retail,7,1652.03,0.27,41,8.6,4675.77,1.05,8441.87,0.326,2752.05,10,2022,4,5,3,2
ORD-02888,2022-10-06,Monitor,South,SMB,10,1294.64,0.12,57,8.3,1807.65,1.1,11392.83,0.443,5047.02,10,2022,4,3,3,3
ORD-02889,2022-10-06,Monitor,Central,Retail,1,316.73,0.1,60,6.4,1754.15,1.02,285.06,0.131,37.34,10,2022,4,3,0,2
ORD-02890,2022-10-06,Laptop,Central,Retail,14,332.57,0.06,55,8.9,1710.18,1.08,4376.62,0.442,1934.47,10,2022,4,2,0,2
ORD-02891,2022-10-06,Tablet,North,Enterprise,3,251.28,0.27,32,9.5,4757.4,1.18,550.3,0.179,98.5,10,2022,4,6,2,0
ORD-02892,2022-10-06,Monitor,South,SMB,13,1251.78,0.07,55,9.4,4902.53,1.14,15134.02,0.245,3707.83,10,2022,4,3,3,3
ORD-02893,2022-10-07,Webcam,West,SMB,2,275.35,0.19,43,3.5,4868.88,0.9,446.07,0.228,101.7,10,2022,4,7,4,3
ORD-02894,2022-10-07,Monitor,South,Enterprise,17,1693.12,0.26,47,4.0,3553.46,1.16,21299.45,0.235,5005.37,10,2022,4,3,3,0
ORD-02895,2022-10-07,Headphones,Central,Retail,3,1986.28,0.01,28,2.4,644.18,0.92,5899.25,0.467,2754.95,10,2022,4,0,0,2
ORD-02896,2022-10-08,Headphones,South,Retail,15,764.38,0.25,46,8.4,1993.17,1.06,8599.28,0.277,2382.0,10,2022,4,0,3,2
ORD-02897,2022-10-08,Keyboard,Central,Enterprise,8,934.66,0.12,32,1.2,1517.62,1.15,6580.01,0.207,1362.06,10,2022,4,1,0,0
ORD-02898,2022-10-08,Phone,South,Enterprise,6,1437.75,0.2,61,3.6,3571.11,1.05,6901.2,0.218,1504.46,10,2022,4,5,3,0
ORD-02899,2022-10-08,Tablet,West,Online,9,1877.45,0.11,26,0.1,2514.01,1.12,15038.37,0.421,6331.15,10,2022,4,6,4,1
ORD-02900,2022-10-08,Mouse,North,Retail,11,1793.48,0.21,59,5.9,3120.86,1.17,15585.34,0.316,4924.97,10,2022,4,4,2,2
ORD-02901,2022-10-08,Phone,West,Online,2,162.3,0.08,46,6.6,142.78,1.19,298.63,0.28,83.62,10,2022,4,5,4,1
ORD-02902,2022-10-08,Tablet,Central,SMB,9,379.69,0.01,32,2.5,3936.03,0.96,3383.04,0.471,1593.41,10,2022,4,6,0,3
ORD-02903,2022-10-08,Monitor,East,Online,18,1521.46,0.28,34,7.4,4765.05,1.2,19718.12,0.472,9306.95,10,2022,4,3,1,1
ORD-02904,2022-10-09,Keyboard,West,Enterprise,19,1393.34,0.0,33,3.8,3379.93,0.91,26473.46,0.402,10642.33,10,2022,4,1,4,0
ORD-02905,2022-10-09,Phone,South,Enterprise,18,309.78,0.25,39,3.1,4274.49,0.98,4182.03,0.307,1283.88,10,2022,4,5,3,0
ORD-02906,2022-10-09,Monitor,North,Enterprise,5,1029.03,0.05,57,9.6,2443.43,1.1,4887.89,0.147,718.52,10,2022,4,3,2,0
ORD-02907,2022-10-10,Tablet,South,Enterprise,18,1572.59,0.12,66,5.9,199.02,1.19,24909.83,0.383,9540.46,10,2022,4,6,3,0
ORD-02908,2022-10-10,Phone,South,Online,12,476.62,0.25,60,2.5,4953.3,0.82,4289.58,0.426,1827.36,10,2022,4,5,3,1
ORD-02909,2022-10-10,Mouse,West,Online,4,1749.01,0.06,28,9.8,388.28,1.18,6576.28,0.441,2900.14,10,2022,4,4,4,1
ORD-02910,2022-10-11,Phone,North,Online,15,153.29,0.26,55,3.9,1044.59,1.2,1701.52,0.333,566.61,10,2022,4,5,2,1
ORD-02911,2022-10-11,Monitor,East,Enterprise,11,1575.28,0.15,42,6.5,356.96,1.16,14728.87,0.347,5110.92,10,2022,4,3,1,0
ORD-02912,2022-10-11,Webcam,South,Enterprise,19,1250.85,0.11,47,7.2,3162.3,0.84,21151.87,0.384,8122.32,10,2022,4,7,3,0
ORD-02913,2022-10-11,Webcam,North,Retail,5,664.64,0.2,19,4.2,2957.83,1.14,2658.56,0.45,1196.35,10,2022,4,7,2,2
ORD-02914,2022-10-11,Phone,East,Retail,6,1455.82,0.1,18,5.4,1127.38,1.06,7861.43,0.118,927.65,10,2022,4,5,1,2
ORD-02915,2022-10-11,Mouse,South,Enterprise,13,1575.61,0.1,69,2.4,4787.6,0.8,18434.64,0.325,5991.26,10,2022,4,4,3,0
ORD-02916,2022-10-11,Keyboard,North,Retail,10,1871.1,0.22,55,4.7,4576.08,1.19,14594.58,0.248,3619.46,10,2022,4,1,2,2
ORD-02917,2022-10-12,Keyboard,West,SMB,14,767.16,0.09,54,3.1,1471.07,0.86,9773.62,0.433,4231.98,10,2022,4,1,4,3
ORD-02918,2022-10-12,Webcam,South,SMB,4,1387.73,0.06,26,5.5,3328.44,0.96,5217.86,0.154,803.55,10,2022,4,7,3,3
ORD-02919,2022-10-12,Monitor,South,Enterprise,12,1225.1,0.24,22,6.7,4290.64,0.81,11172.91,0.464,5184.23,10,2022,4,3,3,0
ORD-02920,2022-10-12,Tablet,North,Online,15,1074.15,0.24,67,6.1,1863.01,0.92,12245.31,0.15,1836.8,10,2022,4,6,2,1
ORD-02921,2022-10-12,Monitor,South,SMB,10,1786.31,0.15,41,7.8,1342.55,1.03,15183.63,0.136,2064.97,10,2022,4,3,3,3
ORD-02922,2022-10-13,Keyboard,East,SMB,11,56.18,0.16,44,0.4,1355.33,1.17,519.1,0.239,124.06,10,2022,4,1,1,3
ORD-02923,2022-10-13,Laptop,South,Online,9,600.12,0.21,47,0.8,4120.24,1.2,4266.85,0.498,2124.89,10,2022,4,2,3,1
ORD-02924,2022-10-14,Laptop,Central,Retail,11,1099.64,0.15,68,2.1,2369.04,0.97,10281.63,0.354,3639.7,10,2022,4,2,0,2
ORD-02925,2022-10-14,Phone,East,Online,2,397.67,0.13,32,9.9,3605.16,0.97,691.95,0.111,76.81,10,2022,4,5,1,1
ORD-02926,2022-10-15,Mouse,North,Retail,13,1820.34,0.3,64,8.0,3286.47,0.86,16565.09,0.2,3313.02,10,2022,4,4,2,2
ORD-02927,2022-10-15,Webcam,East,Retail,8,1312.81,0.04,26,9.2,1600.51,1.0,10082.38,0.16,1613.18,10,2022,4,7,1,2
ORD-02928,2022-10-15,Headphones,Central,Online,8,981.87,0.18,63,2.7,1119.58,1.18,6441.07,0.1,644.11,10,2022,4,0,0,1
ORD-02929,2022-10-15,Headphones,Central,Retail,1,1638.67,0.27,54,5.7,716.35,0.87,1196.23,0.306,366.05,10,2022,4,0,0,2
ORD-02930,2022-10-15,Headphones,South,SMB,6,929.23,0.21,47,5.5,217.04,0.91,4404.55,0.252,1109.95,10,2022,4,0,3,3
ORD-02931,2022-10-15,Phone,South,Enterprise,13,1139.37,0.26,66,5.7,498.16,1.16,10960.74,0.345,3781.46,10,2022,4,5,3,0
ORD-02932,2022-10-16,Laptop,West,Retail,9,55.36,0.1,32,7.2,1355.61,1.05,448.42,0.187,83.85,10,2022,4,2,4,2
ORD-02933,2022-10-16,Keyboard,East,SMB,6,763.12,0.08,37,3.9,3596.64,0.93,4212.42,0.432,1819.77,10,2022,4,1,1,3
ORD-02934,2022-10-16,Phone,West,Online,15,320.64,0.26,66,6.8,859.1,1.13,3559.1,0.253,900.45,10,2022,4,5,4,1
ORD-02935,2022-10-16,Headphones,Central,Retail,16,1394.89,0.12,42,7.9,2664.64,0.84,19640.05,0.293,5754.53,10,2022,4,0,0,2
ORD-02936,2022-10-17,Headphones,South,SMB,4,984.1,0.21,26,2.9,1301.15,1.14,3109.76,0.393,1222.14,10,2022,4,0,3,3
ORD-02937,2022-10-17,Webcam,South,Retail,17,638.43,0.04,62,9.5,2607.87,1.01,10419.18,0.166,1729.58,10,2022,4,7,3,2
ORD-02938,2022-10-18,Monitor,South,Online,9,962.27,0.23,39,5.2,3775.05,1.1,6668.53,0.205,1367.05,10,2022,4,3,3,1
ORD-02939,2022-10-18,Headphones,North,Enterprise,12,458.78,0.16,30,7.3,1403.31,1.01,4624.5,0.162,749.17,10,2022,4,0,2,0
ORD-02940,2022-10-18,Mouse,Central,Retail,19,1853.92,0.08,54,7.3,1804.7,0.9,32406.52,0.407,13189.45,10,2022,4,4,0,2
ORD-02941,2022-10-18,Headphones,South,Enterprise,12,155.25,0.15,45,5.7,3642.7,1.06,1583.55,0.139,220.11,10,2022,4,0,3,0
ORD-02942,2022-10-19,Monitor,Central,Retail,6,1737.56,0.21,31,3.2,2777.06,0.86,8236.03,0.296,2437.86,10,2022,4,3,0,2
ORD-02943,2022-10-19,Headphones,South,Retail,12,1047.15,0.0,47,6.7,563.38,0.89,12565.8,0.4,5026.32,10,2022,4,0,3,2
ORD-02944,2022-10-19,Mouse,East,Online,9,1256.95,0.19,56,0.9,3814.96,1.02,9163.17,0.303,2776.44,10,2022,4,4,1,1
ORD-02945,2022-10-19,Keyboard,Central,Retail,5,640.08,0.16,22,9.8,1459.45,0.96,2688.34,0.303,814.57,10,2022,4,1,0,2
ORD-02946,2022-10-19,Phone,West,SMB,3,1935.06,0.07,29,1.8,1986.78,1.1,5398.82,0.125,674.85,10,2022,4,5,4,3
ORD-02947,2022-10-20,Mouse,North,SMB,2,599.61,0.23,52,2.8,1301.37,1.03,923.4,0.413,381.36,10,2022,4,4,2,3
ORD-02948,2022-10-20,Monitor,West,Enterprise,8,1198.31,0.09,58,9.5,2762.45,0.95,8723.7,0.342,2983.51,10,2022,4,3,4,0
ORD-02949,2022-10-20,Phone,Central,Enterprise,10,1987.16,0.08,59,1.9,3568.06,0.93,18281.87,0.367,6709.45,10,2022,4,5,0,0
ORD-02950,2022-10-20,Phone,South,SMB,15,1768.13,0.14,18,1.7,4035.76,1.17,22808.88,0.406,9260.41,10,2022,4,5,3,3
ORD-02951,2022-10-20,Monitor,Central,Enterprise,9,1095.84,0.2,63,8.0,4618.4,0.82,7890.05,0.324,2556.38,10,2022,4,3,0,0
ORD-02952,2022-10-21,Webcam,North,Enterprise,10,1981.23,0.28,18,2.5,1860.16,1.08,14264.86,0.303,4322.25,10,2022,4,7,2,0
ORD-02953,2022-10-21,Laptop,Central,SMB,11,1417.67,0.04,59,0.9,4669.81,0.96,14970.6,0.365,5464.27,10,2022,4,2,0,3
ORD-02954,2022-10-21,Headphones,South,SMB,9,456.97,0.12,60,2.3,3123.08,0.95,3619.2,0.46,1664.83,10,2022,4,0,3,3
ORD-02955,2022-10-21,Mouse,West,SMB,14,840.91,0.02,37,8.9,2009.01,1.06,11537.29,0.355,4095.74,10,2022,4,4,4,3
ORD-02956,2022-10-22,Monitor,East,Online,5,702.26,0.23,51,2.8,4447.74,1.14,2703.7,0.415,1122.04,10,2022,4,3,1,1
ORD-02957,2022-10-22,Keyboard,West,Online,9,720.83,0.13,51,7.0,2940.18,1.09,5644.1,0.292,1648.08,10,2022,4,1,4,1
ORD-02958,2022-10-22,Tablet,South,SMB,4,1532.89,0.21,41,4.0,2325.99,1.07,4843.93,0.336,1627.56,10,2022,4,6,3,3
ORD-02959,2022-10-22,Monitor,South,Retail,2,1189.31,0.1,45,2.6,156.36,1.0,2140.76,0.172,368.21,10,2022,4,3,3,2
ORD-02960,2022-10-22,Headphones,North,SMB,19,124.28,0.25,28,1.4,3615.79,0.99,1770.99,0.295,522.44,10,2022,4,0,2,3
ORD-02961,2022-10-23,Headphones,Central,Online,1,1761.02,0.16,25,9.7,479.01,0.98,1479.26,0.16,236.68,10,2022,4,0,0,1
ORD-02962,2022-10-23,Phone,Central,Enterprise,1,628.75,0.28,52,5.2,1518.02,0.86,452.7,0.287,129.92,10,2022,4,5,0,0
ORD-02963,2022-10-23,Phone,West,Retail,12,1994.3,0.02,58,1.1,4812.3,1.02,23452.97,0.126,2955.07,10,2022,4,5,4,2
ORD-02964,2022-10-23,Monitor,East,Retail,11,1910.67,0.15,33,2.0,860.54,0.93,17864.76,0.33,5895.37,10,2022,4,3,1,2
ORD-02965,2022-10-23,Tablet,East,Enterprise,1,1884.03,0.23,33,4.1,1627.74,1.05,1450.7,0.215,311.9,10,2022,4,6,1,0
ORD-02966,2022-10-23,Webcam,North,Retail,14,1631.7,0.18,59,5.4,4668.46,1.01,18731.92,0.437,8185.85,10,2022,4,7,2,2
ORD-02967,2022-10-23,Monitor,South,Enterprise,11,480.2,0.01,23,1.8,1754.65,1.18,5229.38,0.251,1312.57,10,2022,4,3,3,0
ORD-02968,2022-10-23,Tablet,North,Online,7,1088.63,0.29,37,2.8,1710.51,0.97,5410.49,0.467,2526.7,10,2022,4,6,2,1
ORD-02969,2022-10-23,Webcam,Central,Retail,2,487.39,0.09,69,7.8,3274.98,1.07,887.05,0.289,256.36,10,2022,4,7,0,2
ORD-02970,2022-10-23,Tablet,South,Retail,15,556.37,0.07,69,4.2,743.65,1.04,7761.36,0.44,3415.0,10,2022,4,6,3,2
ORD-02971,2022-10-23,Headphones,North,Enterprise,8,1241.36,0.15,28,0.0,4866.48,1.07,8441.25,0.219,1848.63,10,2022,4,0,2,0
ORD-02972,2022-10-24,Headphones,West,Enterprise,15,129.63,0.16,25,0.5,1447.61,0.91,1633.34,0.281,458.97,10,2022,4,0,4,0
ORD-02973,2022-10-24,Headphones,Central,Online,8,1940.44,0.23,37,4.4,3949.88,0.9,11953.11,0.353,4219.45,10,2022,4,0,0,1
ORD-02974,2022-10-24,Keyboard,East,Enterprise,10,1841.41,0.12,49,0.6,1509.31,1.02,16204.41,0.203,3289.5,10,2022,4,1,1,0
ORD-02975,2022-10-24,Headphones,North,Enterprise,19,792.5,0.13,50,1.7,1449.32,1.14,13100.02,0.363,4755.31,10,2022,4,0,2,0
ORD-02976,2022-10-24,Mouse,Central,Online,3,1055.07,0.16,23,7.3,381.81,1.09,2658.78,0.215,571.64,10,2022,4,4,0,1
ORD-02977,2022-10-24,Phone,Central,SMB,14,958.93,0.12,45,4.8,684.67,1.0,11814.02,0.294,3473.32,10,2022,4,5,0,3
ORD-02978,2022-10-24,Phone,East,SMB,9,1770.29,0.27,25,4.8,2657.64,0.9,11630.81,0.109,1267.76,10,2022,4,5,1,3
ORD-02979,2022-10-24,Tablet,East,Enterprise,9,1392.77,0.26,31,6.0,2926.53,1.1,9275.85,0.131,1215.14,10,2022,4,6,1,0
ORD-02980,2022-10-24,Phone,East,Online,6,592.32,0.14,20,7.9,4097.63,1.17,3056.37,0.191,583.77,10,2022,4,5,1,1
ORD-02981,2022-10-24,Laptop,North,SMB,8,921.34,0.0,19,1.6,395.05,0.89,7370.72,0.423,3117.81,10,2022,4,2,2,3
ORD-02982,2022-10-24,Webcam,East,Online,11,886.48,0.27,39,1.7,1845.14,1.12,7118.43,0.364,2591.11,10,2022,4,7,1,1
ORD-02983,2022-10-25,Tablet,West,Enterprise,8,1920.7,0.04,50,1.2,1080.78,0.87,14750.98,0.457,6741.2,10,2022,4,6,4,0
ORD-02984,2022-10-25,Phone,Central,Enterprise,12,391.86,0.07,60,9.4,1853.6,1.16,4373.16,0.462,2020.4,10,2022,4,5,0,0
ORD-02985,2022-10-25,Laptop,East,Online,10,224.67,0.05,38,5.8,1836.1,1.06,2134.36,0.25,533.59,10,2022,4,2,1,1
ORD-02986,2022-10-25,Webcam,Central,Retail,4,1767.21,0.05,23,0.9,1835.97,0.87,6715.4,0.247,1658.7,10,2022,4,7,0,2
ORD-02987,2022-10-25,Keyboard,South,Enterprise,16,1798.54,0.24,57,2.2,1617.2,0.81,21870.25,0.434,9491.69,10,2022,4,1,3,0
ORD-02988,2022-10-25,Phone,South,Enterprise,6,1749.89,0.17,24,7.3,3843.49,1.08,8714.45,0.271,2361.62,10,2022,4,5,3,0
ORD-02989,2022-10-25,Laptop,East,Enterprise,9,1046.4,0.29,23,0.3,3479.56,1.04,6686.5,0.443,2962.12,10,2022,4,2,1,0
ORD-02990,2022-10-26,Monitor,Central,Enterprise,5,1336.5,0.07,67,7.3,1773.2,1.04,6214.72,0.302,1876.85,10,2022,4,3,0,0
ORD-02991,2022-10-26,Mouse,South,Online,6,1148.56,0.15,61,9.1,817.79,0.99,5857.66,0.27,1581.57,10,2022,4,4,3,1
ORD-02992,2022-10-26,Monitor,East,Online,17,185.42,0.29,25,0.6,2639.57,1.05,2238.02,0.212,474.46,10,2022,4,3,1,1
ORD-02993,2022-10-26,Laptop,Central,Online,17,1211.88,0.25,41,1.9,4602.35,1.15,15451.47,0.151,2333.17,10,2022,4,2,0,1
ORD-02994,2022-10-26,Tablet,East,Online,13,76.55,0.22,44,0.0,705.44,1.18,776.22,0.31,240.63,10,2022,4,6,1,1
ORD-02995,2022-10-26,Headphones,Central,Retail,17,683.73,0.06,68,1.1,3789.85,0.94,10926.01,0.23,2512.98,10,2022,4,0,0,2
ORD-02996,2022-10-27,Headphones,South,Online,14,1867.97,0.23,45,6.2,3036.96,1.0,20136.72,0.2,4027.34,10,2022,4,0,3,1
ORD-02997,2022-10-27,Headphones,East,Online,2,642.89,0.1,22,0.4,2984.09,0.91,1157.2,0.168,194.41,10,2022,4,0,1,1
ORD-02998,2022-10-27,Webcam,South,Enterprise,19,1882.66,0.16,36,4.3,4679.82,0.96,30047.25,0.255,7662.05,10,2022,4,7,3,0
ORD-02999,2022-10-27,Tablet,East,Retail,3,537.76,0.18,26,5.0,4784.11,1.12,1322.89,0.322,425.97,10,2022,4,6,1,2
ORD-03000,2022-10-28,Webcam,North,Enterprise,2,663.4,0.18,42,9.1,1294.81,0.97,1087.98,0.435,473.27,10,2022,4,7,2,0
ORD-03001,2022-10-28,Phone,South,Retail,2,1275.39,0.22,61,4.7,4061.54,0.96,1989.61,0.428,851.55,10,2022,4,5,3,2
ORD-03002,2022-10-28,Headphones,South,SMB,7,1535.17,0.2,64,1.4,3141.92,1.14,8596.95,0.442,3799.85,10,2022,4,0,3,3
ORD-03003,2022-10-28,Monitor,West,Retail,4,1027.71,0.02,62,2.9,2103.34,0.8,4028.62,0.33,1329.44,10,2022,4,3,4,2
ORD-03004,2022-10-28,Tablet,South,Retail,17,1770.13,0.14,30,6.7,3361.54,1.14,25879.3,0.324,8384.89,10,2022,4,6,3,2
ORD-03005,2022-10-29,Tablet,Central,Enterprise,6,128.47,0.2,54,1.1,4784.24,0.87,616.66,0.462,284.9,10,2022,4,6,0,0
ORD-03006,2022-10-29,Headphones,East,Retail,7,1848.28,0.09,19,2.3,2632.69,0.91,11773.54,0.215,2531.31,10,2022,4,0,1,2
ORD-03007,2022-10-29,Monitor,North,Retail,6,432.8,0.09,68,10.0,4706.39,0.94,2363.09,0.158,373.37,10,2022,4,3,2,2
ORD-03008,2022-10-30,Keyboard,Central,Enterprise,9,1774.27,0.04,57,0.1,3250.15,1.15,15329.69,0.133,2038.85,10,2022,4,1,0,0
ORD-03009,2022-10-30,Tablet,Central,SMB,4,831.68,0.13,31,1.5,2466.26,1.16,2894.25,0.452,1308.2,10,2022,4,6,0,3
ORD-03010,2022-10-30,Headphones,Central,SMB,5,1673.88,0.3,48,8.4,3256.44,1.06,5858.58,0.249,1458.79,10,2022,4,0,0,3
ORD-03011,2022-10-30,Mouse,Central,SMB,19,1359.75,0.09,23,1.0,3052.45,0.98,23510.08,0.299,7029.51,10,2022,4,4,0,3
ORD-03012,2022-10-31,Laptop,North,Retail,10,393.09,0.16,42,0.3,2166.32,1.01,3301.96,0.421,1390.13,10,2022,4,2,2,2
ORD-03013,2022-10-31,Webcam,West,Enterprise,18,1840.19,0.22,56,1.2,2856.06,1.03,25836.27,0.249,6433.23,10,2022,4,7,4,0
ORD-03014,2022-10-31,Phone,South,SMB,15,528.76,0.0,63,6.9,3545.92,1.18,7931.4,0.447,3545.34,10,2022,4,5,3,3
ORD-03015,2022-11-01,Tablet,Central,SMB,1,526.07,0.27,48,9.9,4210.44,1.19,384.03,0.229,87.94,11,2022,4,6,0,3
ORD-03016,2022-11-01,Mouse,South,SMB,5,1637.65,0.12,55,5.9,1591.22,1.14,7205.66,0.393,2831.82,11,2022,4,4,3,3
ORD-03017,2022-11-01,Mouse,South,SMB,5,256.45,0.26,33,1.2,171.77,1.03,948.86,0.367,348.23,11,2022,4,4,3,3
ORD-03018,2022-11-01,Tablet,Central,Enterprise,8,482.97,0.01,44,1.8,2800.97,0.96,3825.12,0.181,692.35,11,2022,4,6,0,0
ORD-03019,2022-11-01,Keyboard,West,SMB,15,1032.17,0.04,47,5.4,2497.49,0.89,14863.25,0.15,2229.49,11,2022,4,1,4,3
ORD-03020,2022-11-02,Laptop,South,Retail,17,1669.43,0.1,21,7.2,365.57,1.01,25542.28,0.145,3703.63,11,2022,4,2,3,2
ORD-03021,2022-11-03,Phone,East,Retail,19,337.59,0.1,56,6.6,3199.28,0.94,5772.79,0.36,2078.2,11,2022,4,5,1,2
ORD-03022,2022-11-03,Tablet,South,Enterprise,13,1117.95,0.25,33,5.7,4712.86,0.83,10900.01,0.105,1144.5,11,2022,4,6,3,0
ORD-03023,2022-11-03,Webcam,Central,Online,10,1436.92,0.0,53,9.9,2070.94,0.99,14369.2,0.364,5230.39,11,2022,4,7,0,1
ORD-03024,2022-11-03,Phone,North,SMB,17,1728.16,0.19,24,2.0,4482.36,1.03,23796.76,0.413,9828.06,11,2022,4,5,2,3
ORD-03025,2022-11-03,Monitor,South,SMB,5,1874.35,0.04,38,1.7,4084.2,1.04,8996.88,0.221,1988.31,11,2022,4,3,3,3
ORD-03026,2022-11-03,Mouse,West,Retail,18,1580.05,0.25,19,8.6,892.41,0.83,21330.68,0.398,8489.61,11,2022,4,4,4,2
ORD-03027,2022-11-03,Mouse,East,Enterprise,17,1323.02,0.23,25,2.9,3957.67,0.99,17318.33,0.166,2874.84,11,2022,4,4,1,0
ORD-03028,2022-11-03,Tablet,East,Online,4,895.56,0.15,59,3.3,2631.86,1.06,3044.9,0.484,1473.73,11,2022,4,6,1,1
ORD-03029,2022-11-04,Tablet,North,Retail,7,268.61,0.06,44,5.5,4601.28,1.18,1767.45,0.193,341.12,11,2022,4,6,2,2
ORD-03030,2022-11-04,Webcam,North,Online,5,1433.99,0.19,19,3.8,1028.19,0.81,5807.66,0.295,1713.26,11,2022,4,7,2,1
ORD-03031,2022-11-04,Monitor,South,Enterprise,8,1985.84,0.05,23,2.9,712.73,1.07,15092.38,0.492,7425.45,11,2022,4,3,3,0
ORD-03032,2022-11-04,Keyboard,Central,Enterprise,8,1486.68,0.06,21,9.2,1282.27,0.82,11179.83,0.463,5176.26,11,2022,4,1,0,0
ORD-03033,2022-11-05,Tablet,West,Enterprise,11,82.59,0.19,38,1.3,392.17,0.86,735.88,0.364,267.86,11,2022,4,6,4,0
ORD-03034,2022-11-05,Mouse,East,Retail,9,1017.71,0.3,18,4.0,1668.39,0.87,6411.57,0.248,1590.07,11,2022,4,4,1,2
ORD-03035,2022-11-05,Phone,North,Enterprise,19,1248.56,0.27,55,0.0,1486.74,0.93,17317.53,0.38,6580.66,11,2022,4,5,2,0
ORD-03036,2022-11-05,Laptop,West,Retail,19,1394.86,0.18,29,8.1,2139.45,1.13,21731.92,0.284,6171.87,11,2022,4,2,4,2
ORD-03037,2022-11-05,Headphones,Central,Retail,9,1453.47,0.16,44,1.7,2368.59,1.14,10988.23,0.144,1582.31,11,2022,4,0,0,2
ORD-03038,2022-11-05,Phone,East,SMB,17,1138.31,0.3,31,7.7,809.13,0.95,13545.89,0.418,5662.18,11,2022,4,5,1,3
ORD-03039,2022-11-05,Keyboard,East,Retail,16,485.55,0.16,32,1.5,3134.93,0.97,6525.79,0.449,2930.08,11,2022,4,1,1,2
ORD-03040,2022-11-06,Laptop,Central,Retail,7,1887.29,0.13,41,4.2,1195.48,0.89,11493.6,0.263,3022.82,11,2022,4,2,0,2
ORD-03041,2022-11-06,Phone,East,SMB,3,1408.5,0.27,35,7.3,697.45,0.97,3084.62,0.366,1128.97,11,2022,4,5,1,3
ORD-03042,2022-11-06,Phone,Central,Online,19,511.84,0.07,34,2.7,3573.17,0.91,9044.21,0.112,1012.95,11,2022,4,5,0,1
ORD-03043,2022-11-07,Monitor,East,SMB,8,678.53,0.03,26,3.1,211.4,0.87,5265.39,0.179,942.5,11,2022,4,3,1,3
ORD-03044,2022-11-07,Headphones,South,SMB,5,1847.76,0.19,64,6.7,1904.99,0.86,7483.43,0.328,2454.57,11,2022,4,0,3,3
ORD-03045,2022-11-07,Webcam,Central,Enterprise,6,1780.6,0.03,35,1.9,807.58,1.11,10363.09,0.21,2176.25,11,2022,4,7,0,0
ORD-03046,2022-11-07,Keyboard,West,Enterprise,2,840.04,0.11,35,9.5,4425.68,0.85,1495.27,0.478,714.74,11,2022,4,1,4,0
ORD-03047,2022-11-08,Mouse,South,SMB,19,124.7,0.13,22,1.9,4139.85,1.05,2061.29,0.435,896.66,11,2022,4,4,3,3
ORD-03048,2022-11-09,Monitor,West,Enterprise,13,144.57,0.16,65,7.5,396.58,0.87,1578.7,0.362,571.49,11,2022,4,3,4,0
ORD-03049,2022-11-09,Laptop,East,SMB,6,603.64,0.3,26,8.0,2797.21,1.14,2535.29,0.5,1267.64,11,2022,4,2,1,3
ORD-03050,2022-11-09,Headphones,West,Enterprise,6,1276.79,0.07,52,3.7,1547.24,0.91,7124.49,0.197,1403.52,11,2022,4,0,4,0
ORD-03051,2022-11-10,Mouse,South,Retail,2,1189.18,0.11,61,1.6,1043.47,0.82,2116.74,0.468,990.63,11,2022,4,4,3,2
ORD-03052,2022-11-10,Monitor,Central,Enterprise,5,1285.96,0.04,63,1.7,1626.54,0.98,6172.61,0.222,1370.32,11,2022,4,3,0,0
ORD-03053,2022-11-10,Headphones,North,Enterprise,11,1448.7,0.18,18,9.9,4097.85,1.2,13067.27,0.339,4429.8,11,2022,4,0,2,0
ORD-03054,2022-11-11,Webcam,West,Retail,11,87.11,0.22,58,7.3,383.49,1.13,747.4,0.274,204.79,11,2022,4,7,4,2
ORD-03055,2022-11-11,Keyboard,North,SMB,14,254.92,0.14,26,4.5,3276.34,1.03,3069.24,0.277,850.18,11,2022,4,1,2,3
ORD-03056,2022-11-11,Tablet,West,Enterprise,13,750.99,0.07,49,2.6,4575.51,0.88,9079.47,0.405,3677.19,11,2022,4,6,4,0
ORD-03057,2022-11-11,Webcam,West,Enterprise,8,351.98,0.19,37,0.2,2295.48,0.85,2280.83,0.239,545.12,11,2022,4,7,4,0
ORD-03058,2022-11-12,Tablet,Central,Retail,15,196.87,0.16,30,6.7,4517.42,1.14,2480.56,0.303,751.61,11,2022,4,6,0,2
ORD-03059,2022-11-12,Laptop,East,Retail,12,1299.88,0.05,57,9.6,4543.32,1.12,14818.63,0.185,2741.45,11,2022,4,2,1,2
ORD-03060,2022-11-12,Tablet,South,Retail,3,1639.91,0.12,28,1.1,3087.02,0.98,4329.36,0.405,1753.39,11,2022,4,6,3,2
ORD-03061,2022-11-12,Monitor,South,Online,5,1517.62,0.13,63,7.5,2333.62,0.97,6601.65,0.321,2119.13,11,2022,4,3,3,1
ORD-03062,2022-11-13,Laptop,South,Retail,6,1643.23,0.29,65,1.5,3714.55,1.1,7000.16,0.202,1414.03,11,2022,4,2,3,2
ORD-03063,2022-11-13,Mouse,East,SMB,2,1348.42,0.25,60,7.9,4589.49,1.01,2022.63,0.206,416.66,11,2022,4,4,1,3
ORD-03064,2022-11-13,Webcam,North,Enterprise,8,1483.92,0.22,68,3.7,3432.17,0.96,9259.66,0.217,2009.35,11,2022,4,7,2,0
ORD-03065,2022-11-13,Webcam,South,Enterprise,5,579.97,0.27,59,7.1,1127.08,0.9,2116.89,0.38,804.42,11,2022,4,7,3,0
ORD-03066,2022-11-13,Keyboard,North,Online,17,1986.37,0.22,43,9.3,4118.27,0.85,26339.27,0.338,8902.67,11,2022,4,1,2,1
ORD-03067,2022-11-14,Laptop,East,Enterprise,2,407.17,0.27,57,6.2,4762.51,1.04,594.47,0.429,255.03,11,2022,4,2,1,0
ORD-03068,2022-11-14,Mouse,East,Enterprise,11,468.26,0.02,28,9.2,2110.35,1.13,5047.84,0.329,1660.74,11,2022,4,4,1,0
ORD-03069,2022-11-14,Webcam,Central,SMB,4,613.4,0.14,42,2.4,3518.19,1.1,2110.1,0.223,470.55,11,2022,4,7,0,3
ORD-03070,2022-11-15,Laptop,South,Enterprise,11,1951.9,0.22,57,9.8,2639.02,1.08,16747.3,0.485,8122.44,11,2022,4,2,3,0
ORD-03071,2022-11-15,Phone,Central,SMB,9,1977.16,0.17,42,8.7,648.85,1.17,14769.39,0.454,6705.3,11,2022,4,5,0,3
ORD-03072,2022-11-16,Phone,South,Online,6,1600.04,0.05,37,1.1,1814.23,0.96,9120.23,0.212,1933.49,11,2022,4,5,3,1
ORD-03073,2022-11-16,Laptop,East,SMB,2,1276.66,0.1,59,4.1,902.77,0.85,2297.99,0.465,1068.57,11,2022,4,2,1,3
ORD-03074,2022-11-16,Webcam,East,Retail,15,1064.12,0.1,66,9.3,3400.51,0.84,14365.62,0.388,5573.86,11,2022,4,7,1,2
ORD-03075,2022-11-16,Headphones,West,Retail,5,1942.71,0.08,28,0.8,2952.26,1.18,8936.47,0.266,2377.1,11,2022,4,0,4,2
ORD-03076,2022-11-16,Tablet,West,Online,12,1406.46,0.1,61,4.5,264.32,1.04,15189.77,0.287,4359.46,11,2022,4,6,4,1
ORD-03077,2022-11-16,Phone,East,Enterprise,13,1892.22,0.15,27,7.2,401.87,1.12,20909.03,0.279,5833.62,11,2022,4,5,1,0
ORD-03078,2022-11-16,Headphones,East,SMB,17,667.27,0.26,69,0.3,1377.88,1.01,8394.26,0.419,3517.19,11,2022,4,0,1,3
ORD-03079,2022-11-16,Headphones,North,Retail,4,700.86,0.22,66,7.5,3749.81,0.96,2186.68,0.17,371.74,11,2022,4,0,2,2
ORD-03080,2022-11-16,Keyboard,North,SMB,10,1716.71,0.25,20,3.6,721.5,0.88,12875.32,0.123,1583.66,11,2022,4,1,2,3
ORD-03081,2022-11-16,Mouse,Central,Retail,1,342.22,0.27,56,2.5,1103.39,1.14,249.82,0.299,74.7,11,2022,4,4,0,2
ORD-03082,2022-11-16,Monitor,West,SMB,11,1894.56,0.12,44,5.8,4547.37,0.83,18339.34,0.216,3961.3,11,2022,4,3,4,3
ORD-03083,2022-11-17,Phone,West,Enterprise,16,1039.57,0.1,52,5.4,2776.07,1.16,14969.81,0.326,4880.16,11,2022,4,5,4,0
ORD-03084,2022-11-17,Laptop,East,Online,11,1856.51,0.02,66,8.7,3142.16,0.88,20013.18,0.491,9826.47,11,2022,4,2,1,1
ORD-03085,2022-11-17,Tablet,East,Enterprise,9,706.75,0.28,57,6.8,2333.25,0.8,4579.74,0.369,1689.92,11,2022,4,6,1,0
ORD-03086,2022-11-17,Monitor,Central,SMB,2,1446.12,0.02,48,4.2,1568.88,0.84,2834.4,0.484,1371.85,11,2022,4,3,0,3
ORD-03087,2022-11-17,Mouse,West,Retail,7,991.61,0.22,38,6.5,1320.74,1.15,5414.19,0.393,2127.78,11,2022,4,4,4,2
ORD-03088,2022-11-18,Headphones,North,Retail,19,1272.27,0.11,39,7.5,2987.18,0.83,21514.09,0.13,2796.83,11,2022,4,0,2,2
ORD-03089,2022-11-18,Mouse,South,Online,18,1033.53,0.28,36,9.4,2407.78,0.94,13394.55,0.456,6107.91,11,2022,4,4,3,1
ORD-03090,2022-11-18,Webcam,Central,Enterprise,7,1935.88,0.13,31,7.0,2074.86,0.9,11789.51,0.18,2122.11,11,2022,4,7,0,0
ORD-03091,2022-11-18,Phone,South,Enterprise,9,1399.61,0.24,54,5.4,3502.49,0.81,9573.33,0.446,4269.71,11,2022,4,5,3,0
ORD-03092,2022-11-19,Mouse,North,Enterprise,12,540.07,0.08,68,3.7,2080.36,1.01,5962.37,0.4,2384.95,11,2022,4,4,2,0
ORD-03093,2022-11-19,Mouse,North,Retail,3,1823.87,0.09,62,8.9,279.98,1.2,4979.17,0.435,2165.94,11,2022,4,4,2,2
ORD-03094,2022-11-19,Tablet,South,Online,16,623.36,0.18,67,7.9,4214.38,1.14,8178.48,0.201,1643.87,11,2022,4,6,3,1
ORD-03095,2022-11-19,Webcam,Central,Retail,7,774.63,0.3,40,0.8,1660.18,0.87,3795.69,0.423,1605.58,11,2022,4,7,0,2
ORD-03096,2022-11-19,Webcam,South,Enterprise,5,249.14,0.16,43,7.0,4737.37,1.15,1046.39,0.344,359.96,11,2022,4,7,3,0
ORD-03097,2022-11-19,Headphones,Central,SMB,7,1804.93,0.28,60,5.4,4409.83,0.98,9096.85,0.133,1209.88,11,2022,4,0,0,3
ORD-03098,2022-11-19,Tablet,Central,Retail,19,607.92,0.24,61,1.0,1246.19,0.91,8778.36,0.456,4002.93,11,2022,4,6,0,2
ORD-03099,2022-11-20,Tablet,East,Online,17,554.89,0.24,57,5.6,4830.81,1.06,7169.18,0.451,3233.3,11,2022,4,6,1,1
ORD-03100,2022-11-20,Laptop,West,Enterprise,16,1844.51,0.13,29,1.9,4282.45,0.89,25675.58,0.329,8447.27,11,2022,4,2,4,0
ORD-03101,2022-11-20,Mouse,West,SMB,19,1620.78,0.12,18,7.1,4926.58,1.15,27099.44,0.281,7614.94,11,2022,4,4,4,3
ORD-03102,2022-11-21,Mouse,North,Retail,18,325.1,0.06,67,2.8,3421.95,1.05,5500.69,0.26,1430.18,11,2022,4,4,2,2
ORD-03103,2022-11-21,Webcam,East,SMB,19,1550.18,0.29,51,1.5,4660.56,0.85,20911.93,0.341,7130.97,11,2022,4,7,1,3
ORD-03104,2022-11-21,Mouse,West,SMB,4,1830.41,0.29,61,0.8,3481.46,1.03,5198.36,0.437,2271.68,11,2022,4,4,4,3
ORD-03105,2022-11-21,Keyboard,Central,Online,1,203.1,0.22,36,4.9,4289.96,1.0,158.42,0.326,51.64,11,2022,4,1,0,1
ORD-03106,2022-11-21,Tablet,Central,Retail,4,1659.17,0.09,40,2.0,3091.1,0.99,6039.38,0.152,917.99,11,2022,4,6,0,2
ORD-03107,2022-11-21,Monitor,South,Online,4,1117.47,0.07,24,8.6,4652.95,0.95,4156.99,0.222,922.85,11,2022,4,3,3,1
ORD-03108,2022-11-21,Webcam,South,Enterprise,9,1354.94,0.3,24,0.0,2638.63,0.99,8536.12,0.367,3132.76,11,2022,4,7,3,0
ORD-03109,2022-11-21,Phone,Central,SMB,8,1011.07,0.02,18,8.4,3709.19,1.03,7926.79,0.359,2845.72,11,2022,4,5,0,3
ORD-03110,2022-11-22,Webcam,Central,Online,2,1410.72,0.25,35,5.2,4593.11,1.09,2116.08,0.308,651.75,11,2022,4,7,0,1
ORD-03111,2022-11-22,Headphones,South,Online,6,116.49,0.11,25,9.2,2169.71,1.17,622.06,0.196,121.92,11,2022,4,0,3,1
ORD-03112,2022-11-22,Monitor,West,Enterprise,11,1537.28,0.13,42,2.0,229.37,0.82,14711.77,0.208,3060.05,11,2022,4,3,4,0
ORD-03113,2022-11-22,Headphones,North,Retail,4,115.02,0.25,59,1.0,653.93,1.03,345.06,0.294,101.45,11,2022,4,0,2,2
ORD-03114,2022-11-23,Laptop,South,Online,14,937.83,0.03,46,6.2,4862.37,1.1,12735.73,0.258,3285.82,11,2022,4,2,3,1
ORD-03115,2022-11-23,Laptop,West,SMB,9,344.38,0.11,40,7.1,4378.69,0.85,2758.48,0.226,623.42,11,2022,4,2,4,3
ORD-03116,2022-11-23,Headphones,West,SMB,2,1655.97,0.29,46,3.7,2468.75,1.16,2351.48,0.432,1015.84,11,2022,4,0,4,3
ORD-03117,2022-11-24,Mouse,West,SMB,1,661.64,0.21,18,0.1,4808.41,0.9,522.7,0.302,157.86,11,2022,4,4,4,3
ORD-03118,2022-11-24,Monitor,East,SMB,4,935.48,0.23,32,4.1,1009.47,1.13,2881.28,0.301,867.27,11,2022,4,3,1,3
ORD-03119,2022-11-24,Mouse,East,Online,12,886.06,0.23,32,2.3,643.74,1.06,8187.19,0.271,2218.73,11,2022,4,4,1,1
ORD-03120,2022-11-24,Webcam,West,SMB,5,1556.38,0.02,45,3.5,3047.06,1.02,7626.26,0.372,2836.97,11,2022,4,7,4,3
ORD-03121,2022-11-24,Keyboard,Central,Online,9,988.23,0.06,53,5.1,1972.39,1.15,8360.43,0.17,1421.27,11,2022,4,1,0,1
ORD-03122,2022-11-25,Laptop,East,Retail,4,1588.47,0.15,59,7.0,1764.87,1.19,5400.8,0.477,2576.18,11,2022,4,2,1,2
ORD-03123,2022-11-25,Laptop,South,SMB,16,193.34,0.11,57,9.6,3697.34,1.2,2753.16,0.142,390.95,11,2022,4,2,3,3
ORD-03124,2022-11-25,Monitor,East,Retail,2,423.61,0.12,49,1.4,835.06,1.07,745.55,0.384,286.29,11,2022,4,3,1,2
ORD-03125,2022-11-25,Laptop,Central,Online,16,1125.49,0.23,63,6.8,3914.4,0.94,13866.04,0.382,5296.83,11,2022,4,2,0,1
ORD-03126,2022-11-26,Keyboard,North,Enterprise,16,1896.82,0.0,30,2.3,1861.3,1.15,30349.12,0.146,4430.97,11,2022,4,1,2,0
ORD-03127,2022-11-26,Keyboard,East,Retail,11,195.78,0.2,38,2.2,4935.01,1.06,1722.86,0.497,856.26,11,2022,4,1,1,2
ORD-03128,2022-11-26,Keyboard,West,SMB,1,134.01,0.0,66,6.3,4062.86,0.93,134.01,0.114,15.28,11,2022,4,1,4,3
ORD-03129,2022-11-26,Phone,West,Enterprise,15,355.27,0.02,56,7.8,3266.5,1.17,5222.47,0.246,1284.73,11,2022,4,5,4,0
ORD-03130,2022-11-27,Keyboard,West,Retail,4,1300.25,0.12,55,9.8,1224.29,1.1,4576.88,0.27,1235.76,11,2022,4,1,4,2
ORD-03131,2022-11-27,Keyboard,North,Online,18,828.04,0.25,26,7.7,4786.49,0.98,11178.54,0.421,4706.17,11,2022,4,1,2,1
ORD-03132,2022-11-27,Phone,Central,Online,17,1659.83,0.04,37,1.6,261.26,0.98,27088.43,0.112,3033.9,11,2022,4,5,0,1
ORD-03133,2022-11-28,Mouse,South,Online,7,190.27,0.17,37,2.3,1194.41,1.2,1105.47,0.323,357.07,11,2022,4,4,3,1
ORD-03134,2022-11-28,Webcam,Central,Retail,18,433.01,0.2,25,7.6,280.2,0.95,6235.34,0.182,1134.83,11,2022,4,7,0,2
ORD-03135,2022-11-29,Tablet,North,Online,13,635.05,0.07,31,5.3,4835.93,0.84,7677.75,0.329,2525.98,11,2022,4,6,2,1
ORD-03136,2022-11-29,Laptop,West,Retail,10,1272.12,0.15,37,3.0,4370.1,1.02,10813.02,0.359,3881.87,11,2022,4,2,4,2
ORD-03137,2022-11-29,Keyboard,Central,SMB,1,1386.09,0.27,52,4.7,4765.33,1.15,1011.85,0.114,115.35,11,2022,4,1,0,3
ORD-03138,2022-11-29,Laptop,South,SMB,2,292.2,0.15,62,9.1,3603.67,1.03,496.74,0.127,63.09,11,2022,4,2,3,3
ORD-03139,2022-11-29,Monitor,West,Retail,17,1890.42,0.05,38,7.6,234.38,1.12,30530.28,0.134,4091.06,11,2022,4,3,4,2
ORD-03140,2022-11-29,Laptop,South,Retail,3,715.04,0.19,58,4.5,4664.36,0.82,1737.55,0.441,766.26,11,2022,4,2,3,2
ORD-03141,2022-11-29,Headphones,East,Enterprise,17,1440.68,0.18,58,9.8,2162.67,1.07,20083.08,0.471,9459.13,11,2022,4,0,1,0
ORD-03142,2022-11-30,Mouse,South,Online,12,1072.21,0.01,39,7.9,1904.18,0.83,12737.85,0.275,3502.91,11,2022,4,4,3,1
ORD-03143,2022-11-30,Webcam,West,SMB,12,484.38,0.03,60,0.1,1492.25,1.02,5638.18,0.45,2537.18,11,2022,4,7,4,3
ORD-03144,2022-11-30,Phone,East,SMB,10,1700.15,0.05,23,1.1,1505.31,1.0,16151.42,0.29,4683.91,11,2022,4,5,1,3
ORD-03145,2022-11-30,Laptop,West,Enterprise,7,1645.56,0.04,61,5.5,4023.08,1.18,11058.16,0.26,2875.12,11,2022,4,2,4,0
ORD-03146,2022-11-30,Laptop,West,Retail,10,822.34,0.08,44,3.5,1356.26,0.85,7565.53,0.312,2360.45,11,2022,4,2,4,2
ORD-03147,2022-11-30,Laptop,East,Retail,18,1197.78,0.14,21,8.1,1188.59,0.8,18541.63,0.416,7713.32,11,2022,4,2,1,2
ORD-03148,2022-11-30,Tablet,South,Enterprise,6,552.76,0.11,21,9.0,3520.3,0.85,2951.74,0.19,560.83,11,2022,4,6,3,0
ORD-03149,2022-12-01,Tablet,North,Online,7,1395.21,0.27,45,2.4,1508.57,0.87,7129.52,0.221,1575.62,12,2022,4,6,2,1
ORD-03150,2022-12-01,Monitor,North,Retail,17,652.6,0.18,44,7.6,164.34,0.9,9097.24,0.44,4002.79,12,2022,4,3,2,2
ORD-03151,2022-12-01,Phone,North,Retail,12,1695.95,0.26,34,5.4,4665.66,1.13,15060.04,0.466,7017.98,12,2022,4,5,2,2
ORD-03152,2022-12-01,Laptop,North,Online,17,473.9,0.16,56,3.9,1636.46,0.95,6767.29,0.149,1008.33,12,2022,4,2,2,1
ORD-03153,2022-12-01,Laptop,Central,Online,18,78.87,0.03,55,7.9,3845.45,1.14,1377.07,0.382,526.04,12,2022,4,2,0,1
ORD-03154,2022-12-01,Laptop,North,Enterprise,14,573.59,0.14,69,5.6,2398.04,0.91,6906.02,0.104,718.23,12,2022,4,2,2,0
ORD-03155,2022-12-01,Laptop,East,Enterprise,11,422.55,0.25,46,6.4,756.99,1.14,3486.04,0.198,690.24,12,2022,4,2,1,0
ORD-03156,2022-12-01,Tablet,North,Enterprise,2,1041.16,0.06,57,0.6,3343.45,0.8,1957.38,0.127,248.59,12,2022,4,6,2,0
ORD-03157,2022-12-01,Mouse,West,Retail,1,447.22,0.03,24,5.9,1234.64,1.17,433.8,0.306,132.74,12,2022,4,4,4,2
ORD-03158,2022-12-01,Mouse,North,Enterprise,11,1538.22,0.1,25,3.0,1510.8,1.1,15228.38,0.237,3609.13,12,2022,4,4,2,0
ORD-03159,2022-12-02,Monitor,South,Retail,2,520.67,0.12,58,4.9,258.79,0.97,916.38,0.155,142.04,12,2022,4,3,3,2
ORD-03160,2022-12-02,Headphones,East,SMB,16,1428.59,0.09,50,2.2,180.38,1.03,20800.27,0.1,2080.03,12,2022,4,0,1,3
ORD-03161,2022-12-02,Keyboard,East,Online,3,1178.02,0.04,49,6.1,2616.74,1.17,3392.7,0.255,865.14,12,2022,4,1,1,1
ORD-03162,2022-12-03,Phone,Central,Online,1,1973.19,0.08,52,1.5,383.2,1.03,1815.33,0.218,395.74,12,2022,4,5,0,1
ORD-03163,2022-12-03,Mouse,West,SMB,8,1999.81,0.2,35,1.2,1126.15,0.89,12798.78,0.119,1523.05,12,2022,4,4,4,3
ORD-03164,2022-12-03,Headphones,East,Enterprise,19,1745.58,0.12,68,1.9,4626.66,1.03,29186.1,0.441,12871.07,12,2022,4,0,1,0
ORD-03165,2022-12-03,Webcam,South,Retail,1,1531.97,0.19,60,8.2,505.99,1.15,1240.9,0.264,327.6,12,2022,4,7,3,2
ORD-03166,2022-12-03,Webcam,North,Retail,5,803.59,0.16,33,0.3,1524.87,1.19,3375.08,0.41,1383.78,12,2022,4,7,2,2
ORD-03167,2022-12-03,Laptop,East,Retail,1,1518.89,0.16,35,7.3,3659.99,1.03,1275.87,0.269,343.21,12,2022,4,2,1,2
ORD-03168,2022-12-04,Webcam,South,Online,11,1915.52,0.07,55,0.6,4433.19,0.86,19595.77,0.127,2488.66,12,2022,4,7,3,1
ORD-03169,2022-12-04,Mouse,North,Enterprise,9,95.59,0.16,42,5.9,326.43,1.11,722.66,0.258,186.45,12,2022,4,4,2,0
ORD-03170,2022-12-04,Monitor,Central,Retail,5,1098.93,0.01,51,7.7,1008.65,1.2,5439.7,0.454,2469.62,12,2022,4,3,0,2
ORD-03171,2022-12-04,Keyboard,East,Retail,2,475.1,0.13,21,2.3,2000.63,0.99,826.67,0.103,85.15,12,2022,4,1,1,2
ORD-03172,2022-12-04,Mouse,East,Retail,13,1137.86,0.17,22,2.0,1868.87,0.95,12277.51,0.458,5623.1,12,2022,4,4,1,2
ORD-03173,2022-12-04,Monitor,South,SMB,18,959.57,0.05,31,2.9,1513.78,1.02,16408.65,0.363,5956.34,12,2022,4,3,3,3
ORD-03174,2022-12-05,Webcam,West,Retail,12,1172.75,0.08,18,7.0,1287.31,0.87,12947.16,0.498,6447.69,12,2022,4,7,4,2
ORD-03175,2022-12-05,Tablet,Central,SMB,14,1124.38,0.07,39,2.5,1416.43,1.19,14639.43,0.466,6821.97,12,2022,4,6,0,3
ORD-03176,2022-12-05,Keyboard,West,Retail,5,1922.21,0.02,63,5.0,753.79,1.14,9418.83,0.448,4219.64,12,2022,4,1,4,2
ORD-03177,2022-12-05,Monitor,East,Retail,10,1126.76,0.1,38,1.3,900.3,0.85,10140.84,0.115,1166.2,12,2022,4,3,1,2
ORD-03178,2022-12-05,Headphones,West,Retail,2,1700.15,0.29,30,4.6,3073.16,1.18,2414.21,0.212,511.81,12,2022,4,0,4,2
ORD-03179,2022-12-05,Mouse,North,SMB,4,673.65,0.11,65,6.2,1531.74,1.18,2398.19,0.25,599.55,12,2022,4,4,2,3
ORD-03180,2022-12-06,Tablet,Central,Retail,12,904.3,0.14,53,0.7,2058.46,0.93,9332.38,0.38,3546.3,12,2022,4,6,0,2
ORD-03181,2022-12-06,Headphones,West,Enterprise,11,967.31,0.2,46,8.2,2118.64,1.05,8512.33,0.359,3055.93,12,2022,4,0,4,0
ORD-03182,2022-12-06,Monitor,North,Retail,4,593.52,0.19,55,9.4,637.71,0.84,1923.0,0.169,324.99,12,2022,4,3,2,2
ORD-03183,2022-12-07,Monitor,South,SMB,11,790.59,0.28,26,1.9,4115.52,0.83,6261.47,0.395,2473.28,12,2022,4,3,3,3
ORD-03184,2022-12-08,Webcam,West,SMB,9,1217.1,0.26,50,7.6,4786.16,1.0,8105.89,0.162,1313.15,12,2022,4,7,4,3
ORD-03185,2022-12-08,Headphones,Central,Enterprise,10,1181.37,0.24,39,3.1,1391.36,0.82,8978.41,0.283,2540.89,12,2022,4,0,0,0
ORD-03186,2022-12-09,Mouse,North,Online,6,1291.05,0.29,34,6.8,1542.61,1.15,5499.87,0.331,1820.46,12,2022,4,4,2,1
ORD-03187,2022-12-09,Keyboard,West,Enterprise,15,736.04,0.07,40,3.1,3496.45,1.17,10267.76,0.448,4599.96,12,2022,4,1,4,0
ORD-03188,2022-12-10,Tablet,South,Enterprise,10,665.87,0.19,53,8.6,494.88,0.83,5393.55,0.353,1903.92,12,2022,4,6,3,0
ORD-03189,2022-12-10,Webcam,West,SMB,6,1242.65,0.27,23,3.5,4545.88,0.82,5442.81,0.482,2623.43,12,2022,4,7,4,3
ORD-03190,2022-12-10,Laptop,North,Retail,1,309.08,0.19,65,8.5,690.89,0.89,250.35,0.498,124.67,12,2022,4,2,2,2
ORD-03191,2022-12-10,Phone,West,Retail,4,543.41,0.29,56,7.7,3687.11,1.17,1543.28,0.304,469.16,12,2022,4,5,4,2
ORD-03192,2022-12-10,Keyboard,Central,Online,14,132.15,0.03,46,2.0,1528.42,1.11,1794.6,0.121,217.15,12,2022,4,1,0,1
ORD-03193,2022-12-10,Webcam,East,Online,8,191.59,0.13,44,1.6,1684.0,1.07,1333.47,0.111,148.02,12,2022,4,7,1,1
ORD-03194,2022-12-10,Tablet,North,Online,11,524.6,0.29,22,7.8,790.14,1.11,4097.13,0.442,1810.93,12,2022,4,6,2,1
ORD-03195,2022-12-10,Headphones,North,Online,15,88.08,0.11,26,3.9,3267.06,0.88,1175.87,0.3,352.76,12,2022,4,0,2,1
ORD-03196,2022-12-11,Monitor,North,Enterprise,19,528.55,0.22,41,9.5,3995.47,0.9,7833.11,0.247,1934.78,12,2022,4,3,2,0
ORD-03197,2022-12-11,Headphones,North,Enterprise,8,1327.2,0.01,36,9.4,4756.18,0.93,10511.42,0.214,2249.44,12,2022,4,0,2,0
ORD-03198,2022-12-11,Webcam,West,Retail,13,169.16,0.21,50,6.9,1724.59,1.04,1737.27,0.213,370.04,12,2022,4,7,4,2
ORD-03199,2022-12-11,Tablet,Central,Enterprise,18,901.64,0.28,47,5.0,3143.79,1.04,11685.25,0.129,1507.4,12,2022,4,6,0,0
ORD-03200,2022-12-11,Headphones,South,Retail,17,1830.56,0.11,57,1.9,2133.47,0.88,27696.37,0.221,6120.9,12,2022,4,0,3,2
ORD-03201,2022-12-11,Headphones,Central,Retail,6,1593.01,0.01,69,8.8,2833.43,0.97,9462.48,0.358,3387.57,12,2022,4,0,0,2
ORD-03202,2022-12-11,Phone,North,Retail,15,645.6,0.01,21,0.8,898.37,1.08,9587.16,0.254,2435.14,12,2022,4,5,2,2
ORD-03203,2022-12-12,Mouse,West,Retail,13,1853.37,0.27,49,3.7,2950.59,0.92,17588.48,0.479,8424.88,12,2022,4,4,4,2
ORD-03204,2022-12-12,Webcam,West,SMB,18,692.81,0.22,66,3.2,4260.5,0.83,9727.05,0.367,3569.83,12,2022,4,7,4,3
ORD-03205,2022-12-12,Phone,North,Retail,11,191.41,0.03,18,9.6,4331.9,0.88,2042.34,0.446,910.88,12,2022,4,5,2,2
ORD-03206,2022-12-13,Webcam,West,Enterprise,13,1988.41,0.02,51,1.2,2468.61,0.87,25332.34,0.146,3698.52,12,2022,4,7,4,0
ORD-03207,2022-12-13,Laptop,North,Enterprise,1,1746.54,0.24,38,8.9,1255.16,1.05,1327.37,0.28,371.66,12,2022,4,2,2,0
ORD-03208,2022-12-14,Laptop,Central,Enterprise,18,958.57,0.24,48,4.6,4199.73,0.83,13113.24,0.117,1534.25,12,2022,4,2,0,0
ORD-03209,2022-12-14,Phone,East,Enterprise,5,1349.43,0.04,31,0.5,4997.2,1.15,6477.26,0.458,2966.59,12,2022,4,5,1,0
ORD-03210,2022-12-15,Keyboard,West,SMB,6,1358.89,0.09,43,7.3,1948.08,0.83,7419.54,0.159,1179.71,12,2022,4,1,4,3
ORD-03211,2022-12-15,Keyboard,North,Online,1,429.24,0.23,39,1.0,4629.41,1.04,330.51,0.422,139.48,12,2022,4,1,2,1
ORD-03212,2022-12-15,Headphones,North,Online,7,440.09,0.16,51,2.4,4918.95,1.17,2587.73,0.47,1216.23,12,2022,4,0,2,1
ORD-03213,2022-12-15,Headphones,West,Retail,4,965.68,0.29,50,8.0,2038.51,0.82,2742.53,0.277,759.68,12,2022,4,0,4,2
ORD-03214,2022-12-15,Monitor,South,Retail,9,1827.57,0.14,30,1.5,3609.79,0.95,14145.39,0.256,3621.22,12,2022,4,3,3,2
ORD-03215,2022-12-15,Laptop,North,Enterprise,15,69.49,0.2,49,3.3,2947.35,0.93,833.88,0.34,283.52,12,2022,4,2,2,0
ORD-03216,2022-12-15,Webcam,West,Enterprise,6,1575.89,0.15,25,3.6,3638.75,0.94,8037.04,0.396,3182.67,12,2022,4,7,4,0
ORD-03217,2022-12-15,Monitor,North,Online,17,162.18,0.28,39,5.9,855.35,1.04,1985.08,0.358,710.66,12,2022,4,3,2,1
ORD-03218,2022-12-15,Laptop,South,Online,18,982.53,0.12,58,7.9,1896.93,0.9,15563.28,0.1,1556.33,12,2022,4,2,3,1
ORD-03219,2022-12-15,Phone,East,Enterprise,4,1293.85,0.07,37,2.3,407.71,0.81,4813.12,0.414,1992.63,12,2022,4,5,1,0
ORD-03220,2022-12-16,Keyboard,South,Retail,9,1389.18,0.1,38,2.1,3104.76,1.18,11252.36,0.159,1789.13,12,2022,4,1,3,2
ORD-03221,2022-12-16,Headphones,Central,SMB,14,164.03,0.26,51,2.2,4640.81,1.1,1699.35,0.28,475.82,12,2022,4,0,0,3
ORD-03222,2022-12-16,Keyboard,West,SMB,3,866.28,0.15,66,3.8,2845.39,0.85,2209.01,0.213,470.52,12,2022,4,1,4,3
ORD-03223,2022-12-16,Phone,South,Online,1,1188.48,0.11,47,5.4,444.62,0.98,1057.75,0.471,498.2,12,2022,4,5,3,1
ORD-03224,2022-12-17,Monitor,East,Online,11,178.79,0.16,23,0.1,4658.85,0.83,1652.02,0.301,497.26,12,2022,4,3,1,1
ORD-03225,2022-12-17,Monitor,North,Online,1,313.43,0.04,52,7.8,751.53,0.81,300.89,0.309,92.98,12,2022,4,3,2,1
ORD-03226,2022-12-17,Tablet,West,SMB,12,1344.12,0.0,44,9.3,4426.41,0.82,16129.44,0.13,2096.83,12,2022,4,6,4,3
ORD-03227,2022-12-17,Headphones,South,SMB,9,1067.19,0.08,37,8.4,3599.71,1.1,8836.33,0.459,4055.88,12,2022,4,0,3,3
ORD-03228,2022-12-17,Headphones,East,Enterprise,5,365.57,0.18,66,0.4,3218.2,0.98,1498.84,0.196,293.77,12,2022,4,0,1,0
ORD-03229,2022-12-18,Webcam,South,Retail,15,1093.72,0.21,55,5.2,2975.55,1.14,12960.58,0.266,3447.51,12,2022,4,7,3,2
ORD-03230,2022-12-18,Headphones,Central,Online,18,1829.75,0.25,57,8.1,742.63,0.92,24701.62,0.494,12202.6,12,2022,4,0,0,1
ORD-03231,2022-12-18,Laptop,West,Enterprise,9,80.4,0.28,31,3.4,2554.13,1.11,520.99,0.146,76.06,12,2022,4,2,4,0
ORD-03232,2022-12-19,Monitor,North,SMB,13,1303.14,0.12,27,9.0,1063.8,0.83,14907.92,0.387,5769.37,12,2022,4,3,2,3
ORD-03233,2022-12-19,Phone,East,Enterprise,13,193.62,0.22,69,8.9,2901.74,1.05,1963.31,0.204,400.52,12,2022,4,5,1,0
ORD-03234,2022-12-19,Monitor,South,SMB,13,62.58,0.02,59,1.4,2291.98,0.94,797.27,0.268,213.67,12,2022,4,3,3,3
ORD-03235,2022-12-19,Keyboard,West,Retail,10,343.78,0.02,32,4.9,3430.41,0.91,3369.04,0.267,899.53,12,2022,4,1,4,2
ORD-03236,2022-12-19,Laptop,South,SMB,10,874.67,0.04,57,0.3,4914.24,1.13,8396.83,0.473,3971.7,12,2022,4,2,3,3
ORD-03237,2022-12-20,Headphones,West,Enterprise,7,1614.57,0.13,60,2.8,1868.98,0.82,9832.73,0.104,1022.6,12,2022,4,0,4,0
ORD-03238,2022-12-20,Webcam,Central,Retail,5,599.48,0.06,65,8.1,3121.9,1.18,2817.56,0.247,695.94,12,2022,4,7,0,2
ORD-03239,2022-12-21,Webcam,South,SMB,7,1270.06,0.09,20,9.8,4335.59,1.11,8090.28,0.441,3567.81,12,2022,4,7,3,3
ORD-03240,2022-12-21,Webcam,Central,Online,10,851.76,0.19,32,9.1,555.34,0.94,6899.26,0.464,3201.26,12,2022,4,7,0,1
ORD-03241,2022-12-21,Mouse,East,SMB,10,506.95,0.11,62,0.4,4021.21,1.2,4511.86,0.225,1015.17,12,2022,4,4,1,3
ORD-03242,2022-12-21,Tablet,Central,Retail,13,1052.78,0.17,48,9.3,1273.18,0.88,11359.5,0.197,2237.82,12,2022,4,6,0,2
ORD-03243,2022-12-21,Laptop,West,Enterprise,15,1605.06,0.12,28,8.2,2747.35,0.96,21186.79,0.285,6038.24,12,2022,4,2,4,0
ORD-03244,2022-12-21,Keyboard,East,Retail,6,1673.36,0.05,63,8.7,4958.36,1.15,9538.15,0.398,3796.18,12,2022,4,1,1,2
ORD-03245,2022-12-21,Headphones,South,Enterprise,12,1700.71,0.02,56,9.1,4921.86,1.2,20000.35,0.162,3240.06,12,2022,4,0,3,0
ORD-03246,2022-12-21,Keyboard,South,SMB,19,710.19,0.07,36,4.9,1647.41,0.9,12549.06,0.414,5195.31,12,2022,4,1,3,3
ORD-03247,2022-12-22,Keyboard,West,SMB,11,1597.24,0.02,32,2.1,745.64,1.1,17218.25,0.305,5251.57,12,2022,4,1,4,3
ORD-03248,2022-12-22,Headphones,North,Retail,6,463.75,0.19,55,0.2,4697.11,0.92,2253.83,0.156,351.6,12,2022,4,0,2,2
ORD-03249,2022-12-22,Keyboard,North,Online,1,1489.93,0.24,37,0.2,4478.29,1.11,1132.35,0.369,417.84,12,2022,4,1,2,1
ORD-03250,2022-12-22,Webcam,South,SMB,2,1899.35,0.1,39,6.4,3118.56,0.85,3418.83,0.351,1200.01,12,2022,4,7,3,3
ORD-03251,2022-12-22,Phone,West,Online,15,76.8,0.12,24,3.4,258.81,0.93,1013.76,0.349,353.8,12,2022,4,5,4,1
ORD-03252,2022-12-23,Tablet,North,Online,4,908.71,0.24,31,5.0,3781.27,0.83,2762.48,0.402,1110.52,12,2022,4,6,2,1
ORD-03253,2022-12-23,Mouse,Central,Retail,5,1313.15,0.07,21,1.3,888.19,1.0,6106.15,0.172,1050.26,12,2022,4,4,0,2
ORD-03254,2022-12-23,Keyboard,South,SMB,15,1418.46,0.04,26,9.8,4720.8,1.08,20425.82,0.379,7741.39,12,2022,4,1,3,3
ORD-03255,2022-12-24,Keyboard,Central,Online,11,393.37,0.15,56,1.3,2232.12,0.95,3678.01,0.455,1673.49,12,2022,4,1,0,1
ORD-03256,2022-12-24,Monitor,West,SMB,10,1945.76,0.19,42,4.4,3114.07,1.05,15760.66,0.312,4917.33,12,2022,4,3,4,3
ORD-03257,2022-12-25,Tablet,Central,Enterprise,17,1249.77,0.18,64,4.4,1477.29,1.03,17421.79,0.294,5122.01,12,2022,4,6,0,0
ORD-03258,2022-12-25,Laptop,North,Online,2,370.46,0.21,52,0.1,2427.87,0.92,585.33,0.419,245.25,12,2022,4,2,2,1
ORD-03259,2022-12-26,Tablet,North,Retail,10,90.02,0.02,54,6.7,3797.71,0.99,882.2,0.158,139.39,12,2022,4,6,2,2
ORD-03260,2022-12-26,Tablet,East,Retail,3,1577.37,0.13,66,5.4,2510.88,0.83,4116.94,0.236,971.6,12,2022,4,6,1,2
ORD-03261,2022-12-26,Headphones,South,Online,19,205.42,0.07,44,5.0,4251.27,0.98,3629.77,0.442,1604.36,12,2022,4,0,3,1
ORD-03262,2022-12-26,Headphones,West,SMB,5,325.05,0.23,45,8.2,3593.83,0.98,1251.44,0.3,375.43,12,2022,4,0,4,3
ORD-03263,2022-12-26,Headphones,South,Enterprise,3,1170.92,0.26,41,2.4,479.06,0.81,2599.44,0.436,1133.36,12,2022,4,0,3,0
ORD-03264,2022-12-27,Mouse,Central,Enterprise,8,1226.84,0.08,50,8.6,3073.49,1.01,9029.54,0.201,1814.94,12,2022,4,4,0,0
ORD-03265,2022-12-27,Webcam,West,Retail,5,1389.43,0.03,50,8.6,3101.74,1.1,6738.74,0.256,1725.12,12,2022,4,7,4,2
ORD-03266,2022-12-27,Tablet,West,Retail,12,817.35,0.08,33,8.3,1966.4,0.98,9023.54,0.429,3871.1,12,2022,4,6,4,2
ORD-03267,2022-12-27,Mouse,North,SMB,14,1559.1,0.03,40,3.4,1681.35,1.06,21172.58,0.165,3493.48,12,2022,4,4,2,3
ORD-03268,2022-12-27,Keyboard,Central,Retail,7,1950.0,0.1,63,1.6,408.15,1.01,12285.0,0.458,5626.53,12,2022,4,1,0,2
ORD-03269,2022-12-27,Headphones,North,SMB,11,578.64,0.16,28,4.8,2286.17,1.11,5346.63,0.224,1197.65,12,2022,4,0,2,3
ORD-03270,2022-12-27,Keyboard,North,Online,8,1420.91,0.29,63,2.6,1749.32,1.01,8070.77,0.489,3946.61,12,2022,4,1,2,1
ORD-03271,2022-12-27,Headphones,East,Enterprise,5,1860.51,0.12,57,0.5,4760.21,0.93,8186.24,0.431,3528.27,12,2022,4,0,1,0
ORD-03272,2022-12-27,Phone,North,Online,8,1388.26,0.07,36,2.8,3403.45,1.13,10328.65,0.282,2912.68,12,2022,4,5,2,1
ORD-03273,2022-12-27,Mouse,South,Retail,12,1378.16,0.05,51,4.7,2354.3,0.83,15711.02,0.397,6237.27,12,2022,4,4,3,2
ORD-03274,2022-12-27,Mouse,West,Enterprise,15,486.36,0.05,40,1.1,3797.6,0.92,6930.63,0.322,2231.66,12,2022,4,4,4,0
ORD-03275,2022-12-27,Webcam,North,Enterprise,19,1093.5,0.06,27,9.4,3915.97,1.04,19529.91,0.441,8612.69,12,2022,4,7,2,0
ORD-03276,2022-12-28,Laptop,South,Online,16,1146.92,0.23,54,6.6,2454.23,1.14,14130.05,0.307,4337.93,12,2022,4,2,3,1
ORD-03277,2022-12-28,Monitor,Central,SMB,14,1415.25,0.02,64,1.4,471.21,0.83,19417.23,0.495,9611.53,12,2022,4,3,0,3
ORD-03278,2022-12-28,Tablet,West,Enterprise,7,1993.8,0.3,18,8.1,3924.7,0.84,9769.62,0.153,1494.75,12,2022,4,6,4,0
ORD-03279,2022-12-28,Laptop,Central,SMB,8,115.61,0.16,19,9.3,542.39,0.91,776.9,0.371,288.23,12,2022,4,2,0,3
ORD-03280,2022-12-28,Mouse,South,Online,7,177.2,0.16,68,2.6,4252.78,0.94,1041.94,0.198,206.3,12,2022,4,4,3,1
ORD-03281,2022-12-28,Laptop,Central,Online,18,202.0,0.11,39,1.4,1737.37,1.14,3236.04,0.176,569.54,12,2022,4,2,0,1
ORD-03282,2022-12-28,Phone,Central,SMB,6,1498.81,0.21,34,3.2,3227.38,1.18,7104.36,0.263,1868.45,12,2022,4,5,0,3
ORD-03283,2022-12-28,Monitor,Central,Online,19,315.89,0.14,64,8.3,3727.98,0.81,5161.64,0.247,1274.93,12,2022,4,3,0,1
ORD-03284,2022-12-29,Webcam,North,Enterprise,4,1263.78,0.1,41,1.8,272.44,0.81,4549.61,0.119,541.4,12,2022,4,7,2,0
ORD-03285,2022-12-29,Mouse,North,Online,3,683.1,0.08,67,7.8,1984.61,1.15,1885.36,0.271,510.93,12,2022,4,4,2,1
ORD-03286,2022-12-29,Mouse,North,Online,17,941.77,0.28,38,7.2,3060.3,0.85,11527.26,0.481,5544.61,12,2022,4,4,2,1
ORD-03287,2022-12-30,Tablet,West,Enterprise,19,470.54,0.09,57,6.5,4255.91,0.94,8135.64,0.287,2334.93,12,2022,4,6,4,0
ORD-03288,2022-12-30,Webcam,South,SMB,15,1738.91,0.13,46,4.3,3617.07,0.91,22692.78,0.221,5015.1,12,2022,4,7,3,3
ORD-03289,2022-12-30,Webcam,North,Online,6,1192.99,0.11,31,3.7,4491.09,0.91,6370.57,0.48,3057.87,12,2022,4,7,2,1
ORD-03290,2022-12-30,Headphones,Central,SMB,12,1891.9,0.03,25,0.9,505.34,0.93,22021.72,0.302,6650.56,12,2022,4,0,0,3
ORD-03291,2022-12-30,Monitor,Central,Enterprise,19,1170.46,0.06,47,3.6,451.93,0.93,20904.42,0.215,4494.45,12,2022,4,3,0,0
ORD-03292,2022-12-31,Phone,Central,SMB,6,291.62,0.06,39,6.0,3596.27,1.05,1644.74,0.413,679.28,12,2022,4,5,0,3
ORD-03293,2022-12-31,Keyboard,Central,SMB,11,383.2,0.21,40,9.0,2052.79,1.05,3330.01,0.189,629.37,12,2022,4,1,0,3
ORD-03294,2022-12-31,Laptop,East,Retail,10,1978.69,0.12,57,8.3,2459.99,1.01,17412.47,0.199,3465.08,12,2022,4,2,1,2
ORD-03295,2022-12-31,Webcam,West,Retail,16,1464.85,0.23,68,0.3,3061.15,1.14,18046.95,0.23,4150.8,12,2022,4,7,4,2
ORD-03296,2023-01-01,Tablet,South,Online,18,146.09,0.21,30,1.4,4931.11,1.14,2077.4,0.258,535.97,1,2023,1,6,3,1
ORD-03297,2023-01-01,Mouse,South,Retail,14,1422.37,0.06,45,8.5,429.11,0.89,18718.39,0.333,6233.22,1,2023,1,4,3,2
ORD-03298,2023-01-01,Keyboard,North,Retail,4,853.74,0.17,47,9.4,633.58,1.02,2834.42,0.306,867.33,1,2023,1,1,2,2
ORD-03299,2023-01-02,Phone,East,Retail,12,649.06,0.22,22,0.6,4163.63,1.11,6075.2,0.397,2411.85,1,2023,1,5,1,2
ORD-03300,2023-01-02,Monitor,South,SMB,8,350.42,0.19,27,7.0,200.57,1.15,2270.72,0.387,878.77,1,2023,1,3,3,3
ORD-03301,2023-01-02,Webcam,West,SMB,7,1687.81,0.18,56,3.7,2307.23,0.9,9688.03,0.118,1143.19,1,2023,1,7,4,3
ORD-03302,2023-01-02,Laptop,Central,Retail,9,174.49,0.22,26,3.6,3893.18,1.0,1224.92,0.154,188.64,1,2023,1,2,0,2
ORD-03303,2023-01-02,Webcam,North,Enterprise,17,615.18,0.02,31,6.4,1056.82,1.01,10248.9,0.186,1906.3,1,2023,1,7,2,0
ORD-03304,2023-01-02,Tablet,West,Retail,10,647.45,0.22,55,8.1,1016.35,1.08,5050.11,0.339,1711.99,1,2023,1,6,4,2
ORD-03305,2023-01-02,Webcam,South,Enterprise,3,363.77,0.08,27,2.7,1620.24,0.93,1004.01,0.458,459.84,1,2023,1,7,3,0
ORD-03306,2023-01-02,Webcam,East,SMB,8,1040.96,0.17,50,7.1,835.05,0.92,6911.97,0.23,1589.75,1,2023,1,7,1,3
ORD-03307,2023-01-03,Webcam,North,Enterprise,14,72.82,0.07,28,6.4,3424.91,1.08,948.12,0.485,459.84,1,2023,1,7,2,0
ORD-03308,2023-01-03,Mouse,South,SMB,7,636.9,0.25,57,5.2,1080.67,0.96,3343.73,0.169,565.09,1,2023,1,4,3,3
ORD-03309,2023-01-03,Mouse,North,Enterprise,16,1870.58,0.14,23,6.0,1211.6,0.8,25739.18,0.47,12097.41,1,2023,1,4,2,0
ORD-03310,2023-01-03,Keyboard,South,SMB,18,655.53,0.19,34,0.2,2917.18,1.18,9557.63,0.42,4014.2,1,2023,1,1,3,3
ORD-03311,2023-01-03,Keyboard,Central,SMB,11,752.9,0.24,53,0.0,4839.97,0.86,6294.24,0.256,1611.33,1,2023,1,1,0,3
ORD-03312,2023-01-04,Laptop,East,Retail,6,972.67,0.27,23,5.5,4578.02,0.86,4260.29,0.183,779.63,1,2023,1,2,1,2
ORD-03313,2023-01-04,Monitor,Central,Online,14,1145.3,0.22,64,5.2,4336.03,1.13,12506.68,0.257,3214.22,1,2023,1,3,0,1
ORD-03314,2023-01-05,Phone,South,Online,13,1626.98,0.04,27,0.7,2701.53,0.93,20304.71,0.185,3756.37,1,2023,1,5,3,1
ORD-03315,2023-01-05,Headphones,West,SMB,4,421.13,0.26,66,4.9,1558.98,0.93,1246.54,0.324,403.88,1,2023,1,0,4,3
ORD-03316,2023-01-05,Monitor,Central,Retail,11,1749.91,0.19,59,7.6,3558.26,1.05,15591.7,0.33,5145.26,1,2023,1,3,0,2
ORD-03317,2023-01-05,Monitor,West,Online,18,1527.22,0.18,22,5.4,2008.93,0.82,22541.77,0.407,9174.5,1,2023,1,3,4,1
ORD-03318,2023-01-06,Monitor,South,Online,1,1459.17,0.28,36,5.2,3911.75,0.89,1050.6,0.311,326.74,1,2023,1,3,3,1
ORD-03319,2023-01-06,Headphones,East,Retail,12,219.27,0.07,24,7.2,179.34,0.82,2447.05,0.238,582.4,1,2023,1,0,1,2
ORD-03320,2023-01-06,Laptop,West,Retail,18,92.2,0.07,41,1.7,2694.75,0.92,1543.43,0.465,717.69,1,2023,1,2,4,2
ORD-03321,2023-01-06,Headphones,South,Online,7,1208.32,0.15,68,4.6,1753.02,1.15,7189.5,0.131,941.82,1,2023,1,0,3,1
ORD-03322,2023-01-06,Laptop,West,Online,12,1733.11,0.23,59,1.5,1320.34,1.16,16013.94,0.424,6789.91,1,2023,1,2,4,1
ORD-03323,2023-01-07,Headphones,Central,Enterprise,1,1189.66,0.13,36,5.2,3343.0,0.92,1035.0,0.264,273.24,1,2023,1,0,0,0
ORD-03324,2023-01-07,Phone,South,Enterprise,4,465.81,0.19,28,5.9,3326.03,0.88,1509.22,0.172,259.59,1,2023,1,5,3,0
ORD-03325,2023-01-08,Webcam,Central,SMB,18,226.51,0.14,20,1.2,281.63,0.85,3506.37,0.148,518.94,1,2023,1,7,0,3
ORD-03326,2023-01-08,Monitor,North,Online,15,1414.21,0.18,47,0.8,4743.72,0.96,17394.78,0.188,3270.22,1,2023,1,3,2,1
ORD-03327,2023-01-08,Webcam,South,Retail,3,1457.45,0.25,60,1.7,1873.08,1.13,3279.26,0.149,488.61,1,2023,1,7,3,2
ORD-03328,2023-01-08,Laptop,West,Retail,7,386.44,0.05,55,5.9,4595.3,1.14,2569.83,0.284,729.83,1,2023,1,2,4,2
ORD-03329,2023-01-08,Headphones,North,Online,6,104.97,0.21,23,1.9,2960.23,0.82,497.56,0.24,119.41,1,2023,1,0,2,1
ORD-03330,2023-01-09,Phone,Central,SMB,15,846.15,0.24,64,2.8,3297.69,0.88,9646.11,0.243,2344.0,1,2023,1,5,0,3
ORD-03331,2023-01-09,Headphones,Central,Retail,15,1186.3,0.13,52,7.0,4806.53,0.88,15481.22,0.163,2523.44,1,2023,1,0,0,2
ORD-03332,2023-01-09,Webcam,West,Online,6,1426.7,0.1,39,2.5,4128.77,1.13,7704.18,0.364,2804.32,1,2023,1,7,4,1
ORD-03333,2023-01-09,Mouse,North,Online,8,1629.39,0.0,28,4.0,786.17,0.98,13035.12,0.343,4471.05,1,2023,1,4,2,1
ORD-03334,2023-01-09,Phone,East,SMB,8,1240.55,0.24,25,9.3,125.58,0.95,7542.54,0.493,3718.47,1,2023,1,5,1,3
ORD-03335,2023-01-10,Monitor,West,Online,1,266.22,0.1,44,8.2,1612.08,1.18,239.6,0.167,40.01,1,2023,1,3,4,1
ORD-03336,2023-01-10,Tablet,Central,Retail,13,1381.03,0.11,46,2.6,2493.83,1.17,15978.52,0.434,6934.68,1,2023,1,6,0,2
ORD-03337,2023-01-10,Monitor,South,Enterprise,13,1969.14,0.1,25,6.0,3687.53,0.98,23038.94,0.114,2626.44,1,2023,1,3,3,0
ORD-03338,2023-01-10,Tablet,North,SMB,11,1815.89,0.15,40,6.7,3339.14,0.85,16978.57,0.129,2190.24,1,2023,1,6,2,3
ORD-03339,2023-01-11,Phone,East,Online,4,1749.75,0.21,46,9.0,1633.0,0.87,5529.21,0.359,1984.99,1,2023,1,5,1,1
ORD-03340,2023-01-11,Mouse,South,SMB,7,639.23,0.23,33,5.5,2755.78,0.84,3445.45,0.263,906.15,1,2023,1,4,3,3
ORD-03341,2023-01-12,Webcam,North,Online,12,1514.04,0.12,52,5.6,3289.57,1.07,15988.26,0.192,3069.75,1,2023,1,7,2,1
ORD-03342,2023-01-12,Mouse,West,Enterprise,13,1709.65,0.2,25,8.9,2617.38,1.02,17780.36,0.101,1795.82,1,2023,1,4,4,0
ORD-03343,2023-01-12,Laptop,West,SMB,12,1372.74,0.22,25,0.5,3475.97,1.02,12848.85,0.365,4689.83,1,2023,1,2,4,3
ORD-03344,2023-01-12,Mouse,North,Online,16,538.6,0.09,62,6.3,2477.57,0.84,7842.02,0.276,2164.4,1,2023,1,4,2,1
ORD-03345,2023-01-12,Keyboard,East,Enterprise,6,1909.98,0.03,50,4.2,2695.46,1.12,11116.08,0.168,1867.5,1,2023,1,1,1,0
ORD-03346,2023-01-13,Phone,North,Retail,14,929.1,0.27,59,9.1,4709.8,1.01,9495.4,0.489,4643.25,1,2023,1,5,2,2
ORD-03347,2023-01-13,Webcam,South,Online,19,303.12,0.2,22,9.6,2006.87,0.84,4607.42,0.24,1105.78,1,2023,1,7,3,1
ORD-03348,2023-01-14,Webcam,South,Enterprise,16,264.07,0.19,54,1.7,3802.97,1.1,3422.35,0.221,756.34,1,2023,1,7,3,0
ORD-03349,2023-01-14,Laptop,West,Enterprise,4,1312.66,0.02,34,2.8,1739.92,1.19,5145.63,0.304,1564.27,1,2023,1,2,4,0
ORD-03350,2023-01-14,Webcam,North,SMB,5,903.53,0.25,39,2.7,1726.09,0.98,3388.24,0.211,714.92,1,2023,1,7,2,3
ORD-03351,2023-01-14,Mouse,West,Online,9,234.24,0.17,31,1.0,4640.69,0.85,1749.77,0.209,365.7,1,2023,1,4,4,1
ORD-03352,2023-01-14,Phone,East,Retail,3,1493.71,0.25,55,4.8,3523.49,0.84,3360.85,0.487,1636.73,1,2023,1,5,1,2
ORD-03353,2023-01-15,Monitor,South,Online,10,1608.68,0.29,49,5.1,4651.9,0.81,11421.63,0.204,2330.01,1,2023,1,3,3,1
ORD-03354,2023-01-15,Mouse,Central,Enterprise,17,1464.56,0.29,31,5.7,4973.45,1.11,17677.24,0.342,6045.62,1,2023,1,4,0,0
ORD-03355,2023-01-16,Headphones,Central,Retail,19,444.41,0.26,61,6.6,101.0,1.08,6248.4,0.115,718.57,1,2023,1,0,0,2
ORD-03356,2023-01-16,Tablet,North,Enterprise,10,1395.06,0.0,37,0.6,4917.44,1.03,13950.6,0.162,2260.0,1,2023,1,6,2,0
ORD-03357,2023-01-16,Phone,North,SMB,12,70.91,0.27,39,6.2,594.27,1.11,621.17,0.109,67.71,1,2023,1,5,2,3
ORD-03358,2023-01-17,Webcam,Central,Online,7,644.97,0.02,47,9.1,445.02,1.2,4424.49,0.314,1389.29,1,2023,1,7,0,1
ORD-03359,2023-01-17,Laptop,North,Enterprise,18,827.7,0.26,50,4.5,3862.27,0.96,11024.96,0.297,3274.41,1,2023,1,2,2,0
ORD-03360,2023-01-18,Monitor,South,Enterprise,19,1678.73,0.08,22,1.1,1815.9,1.08,29344.2,0.232,6807.85,1,2023,1,3,3,0
ORD-03361,2023-01-18,Keyboard,East,Online,15,811.27,0.18,35,0.9,4597.28,0.95,9978.62,0.38,3791.88,1,2023,1,1,1,1
ORD-03362,2023-01-18,Monitor,East,Retail,7,71.98,0.01,63,2.8,2768.08,0.94,498.82,0.35,174.59,1,2023,1,3,1,2
ORD-03363,2023-01-18,Mouse,West,Enterprise,12,737.08,0.23,24,7.5,1991.95,1.14,6810.62,0.34,2315.61,1,2023,1,4,4,0
ORD-03364,2023-01-18,Tablet,South,Online,7,1022.9,0.03,46,2.6,459.84,1.03,6945.49,0.235,1632.19,1,2023,1,6,3,1
ORD-03365,2023-01-19,Monitor,North,SMB,10,1900.56,0.12,64,8.1,2376.72,0.85,16724.93,0.231,3863.46,1,2023,1,3,2,3
ORD-03366,2023-01-19,Keyboard,North,SMB,10,1885.02,0.25,26,8.2,1461.7,0.96,14137.65,0.449,6347.8,1,2023,1,1,2,3
ORD-03367,2023-01-19,Headphones,West,Online,5,402.7,0.21,64,4.6,475.4,1.12,1590.66,0.318,505.83,1,2023,1,0,4,1
ORD-03368,2023-01-19,Laptop,West,Enterprise,18,411.04,0.0,65,3.0,3384.9,1.18,7398.72,0.209,1546.33,1,2023,1,2,4,0
ORD-03369,2023-01-20,Phone,North,Online,9,368.59,0.12,58,6.0,4888.95,1.05,2919.23,0.317,925.4,1,2023,1,5,2,1
ORD-03370,2023-01-20,Tablet,North,Online,16,1588.4,0.01,24,8.1,1956.68,0.96,25160.26,0.207,5208.17,1,2023,1,6,2,1
ORD-03371,2023-01-20,Keyboard,South,Enterprise,7,61.74,0.2,24,0.6,1556.6,0.9,345.74,0.174,60.16,1,2023,1,1,3,0
ORD-03372,2023-01-20,Webcam,West,Retail,10,298.0,0.29,66,9.5,540.8,0.97,2115.8,0.213,450.67,1,2023,1,7,4,2
ORD-03373,2023-01-21,Mouse,South,Retail,5,1099.02,0.2,60,6.5,1193.41,1.03,4396.08,0.352,1547.42,1,2023,1,4,3,2
ORD-03374,2023-01-21,Mouse,North,SMB,7,532.75,0.07,23,4.0,1496.36,0.8,3468.2,0.306,1061.27,1,2023,1,4,2,3
ORD-03375,2023-01-21,Mouse,Central,Retail,5,230.1,0.11,63,5.1,1786.46,0.91,1023.94,0.166,169.97,1,2023,1,4,0,2
ORD-03376,2023-01-21,Webcam,Central,Online,15,751.76,0.29,64,3.9,3206.44,1.07,8006.24,0.463,3706.89,1,2023,1,7,0,1
ORD-03377,2023-01-21,Webcam,North,Enterprise,19,584.7,0.07,57,4.1,662.88,1.07,10331.65,0.299,3089.16,1,2023,1,7,2,0
ORD-03378,2023-01-21,Tablet,West,SMB,10,1046.65,0.17,44,6.0,386.28,1.06,8687.2,0.417,3622.56,1,2023,1,6,4,3
ORD-03379,2023-01-22,Monitor,Central,Retail,8,1959.51,0.12,21,0.6,4659.85,1.18,13794.95,0.232,3200.43,1,2023,1,3,0,2
ORD-03380,2023-01-22,Tablet,West,Online,9,292.39,0.23,18,1.8,4016.02,1.03,2026.26,0.483,978.68,1,2023,1,6,4,1
ORD-03381,2023-01-22,Mouse,Central,SMB,11,776.82,0.26,23,2.3,1463.29,0.91,6323.31,0.401,2535.65,1,2023,1,4,0,3
ORD-03382,2023-01-22,Headphones,West,Enterprise,2,1867.37,0.1,48,4.1,3230.08,1.12,3361.27,0.282,947.88,1,2023,1,0,4,0
ORD-03383,2023-01-22,Keyboard,Central,Retail,3,1759.9,0.2,18,3.7,3003.21,0.96,4223.76,0.461,1947.15,1,2023,1,1,0,2
ORD-03384,2023-01-23,Phone,West,Online,13,818.83,0.16,22,7.2,3740.75,0.9,8941.62,0.387,3460.41,1,2023,1,5,4,1
ORD-03385,2023-01-23,Phone,South,Enterprise,11,1412.96,0.08,36,2.6,4310.54,1.02,14299.16,0.272,3889.37,1,2023,1,5,3,0
ORD-03386,2023-01-23,Tablet,West,Online,10,221.32,0.08,22,0.6,1852.99,0.92,2036.14,0.49,997.71,1,2023,1,6,4,1
ORD-03387,2023-01-23,Mouse,South,Online,15,1439.46,0.16,22,0.6,3338.08,0.96,18137.2,0.219,3972.05,1,2023,1,4,3,1
ORD-03388,2023-01-23,Webcam,South,Online,6,1947.07,0.05,66,0.1,4030.0,1.08,11098.3,0.203,2252.95,1,2023,1,7,3,1
ORD-03389,2023-01-24,Laptop,North,Enterprise,1,1098.1,0.24,48,0.4,3526.54,1.2,834.56,0.458,382.23,1,2023,1,2,2,0
ORD-03390,2023-01-24,Headphones,South,SMB,14,1022.06,0.02,61,8.6,4618.46,1.06,14022.66,0.383,5370.68,1,2023,1,0,3,3
ORD-03391,2023-01-24,Tablet,East,Online,18,415.27,0.03,24,7.0,2523.97,0.91,7250.61,0.238,1725.65,1,2023,1,6,1,1
ORD-03392,2023-01-24,Mouse,South,SMB,11,1285.89,0.1,32,10.0,4032.94,0.84,12730.31,0.193,2456.95,1,2023,1,4,3,3
ORD-03393,2023-01-24,Monitor,West,SMB,8,1201.35,0.04,68,0.2,4557.73,0.94,9226.37,0.171,1577.71,1,2023,1,3,4,3
ORD-03394,2023-01-24,Phone,South,Retail,3,1321.27,0.14,30,8.5,2829.56,0.81,3408.88,0.225,767.0,1,2023,1,5,3,2
ORD-03395,2023-01-25,Phone,West,Retail,14,100.86,0.12,29,7.0,184.74,0.99,1242.6,0.15,186.39,1,2023,1,5,4,2
ORD-03396,2023-01-25,Headphones,West,SMB,2,1120.01,0.22,36,6.4,4108.24,1.06,1747.22,0.158,276.06,1,2023,1,0,4,3
ORD-03397,2023-01-25,Phone,East,Retail,16,1210.12,0.29,30,3.6,4245.57,1.0,13746.96,0.411,5650.0,1,2023,1,5,1,2
ORD-03398,2023-01-26,Laptop,South,Retail,6,454.68,0.23,44,3.8,2059.27,1.15,2100.62,0.126,264.68,1,2023,1,2,3,2
ORD-03399,2023-01-26,Mouse,South,SMB,1,456.25,0.05,55,8.5,1222.48,1.0,433.44,0.276,119.63,1,2023,1,4,3,3
ORD-03400,2023-01-26,Mouse,Central,Enterprise,14,588.63,0.28,50,7.1,4892.93,0.98,5933.39,0.262,1554.55,1,2023,1,4,0,0
ORD-03401,2023-01-27,Headphones,Central,Retail,10,1437.86,0.12,23,6.7,2802.96,0.92,12653.17,0.484,6124.13,1,2023,1,0,0,2
ORD-03402,2023-01-27,Mouse,North,Retail,6,1232.22,0.14,30,0.3,2629.28,1.14,6358.26,0.286,1818.46,1,2023,1,4,2,2
ORD-03403,2023-01-27,Webcam,West,Enterprise,9,1699.24,0.13,30,1.8,4735.76,1.16,13305.05,0.164,2182.03,1,2023,1,7,4,0
ORD-03404,2023-01-28,Headphones,East,Enterprise,7,626.53,0.08,30,9.6,2099.68,1.19,4034.85,0.135,544.7,1,2023,1,0,1,0
ORD-03405,2023-01-28,Mouse,Central,Enterprise,2,1828.53,0.27,37,4.5,4255.87,1.19,2669.65,0.393,1049.17,1,2023,1,4,0,0
ORD-03406,2023-01-28,Laptop,South,SMB,11,1500.23,0.1,53,7.8,3533.19,1.19,14852.28,0.159,2361.51,1,2023,1,2,3,3
ORD-03407,2023-01-28,Keyboard,North,Enterprise,14,820.27,0.17,54,3.9,4841.81,1.08,9531.54,0.475,4527.48,1,2023,1,1,2,0
ORD-03408,2023-01-28,Tablet,East,SMB,5,235.76,0.07,62,7.6,2200.39,1.03,1096.28,0.324,355.19,1,2023,1,6,1,3
ORD-03409,2023-01-28,Tablet,South,Online,9,551.12,0.24,26,1.2,4547.37,0.87,3769.66,0.261,983.88,1,2023,1,6,3,1
ORD-03410,2023-01-28,Mouse,South,Online,7,1915.7,0.23,34,0.4,2887.52,1.11,10325.62,0.374,3861.78,1,2023,1,4,3,1
ORD-03411,2023-01-29,Monitor,West,Enterprise,14,655.21,0.09,52,4.7,2431.79,1.09,8347.38,0.18,1502.53,1,2023,1,3,4,0
ORD-03412,2023-01-29,Phone,West,Enterprise,16,693.31,0.2,69,5.9,1597.75,1.14,8874.37,0.253,2245.22,1,2023,1,5,4,0
ORD-03413,2023-01-29,Laptop,Central,Online,16,419.7,0.21,35,3.2,2808.22,0.98,5305.01,0.113,599.47,1,2023,1,2,0,1
ORD-03414,2023-01-29,Monitor,Central,SMB,7,1623.36,0.17,42,7.2,2905.5,1.16,9431.72,0.451,4253.71,1,2023,1,3,0,3
ORD-03415,2023-01-29,Webcam,South,SMB,10,587.51,0.18,32,5.0,4502.12,1.09,4817.58,0.27,1300.75,1,2023,1,7,3,3
ORD-03416,2023-01-29,Monitor,South,Enterprise,6,694.0,0.17,40,9.3,3549.9,0.87,3456.12,0.404,1396.27,1,2023,1,3,3,0
ORD-03417,2023-01-29,Mouse,Central,Enterprise,17,857.98,0.02,18,0.8,4149.72,0.88,14293.95,0.467,6675.27,1,2023,1,4,0,0
ORD-03418,2023-01-29,Laptop,Central,Enterprise,1,895.77,0.2,58,0.7,3868.74,1.13,716.62,0.361,258.7,1,2023,1,2,0,0
ORD-03419,2023-01-30,Tablet,South,Online,2,852.11,0.14,55,9.1,1455.57,0.97,1465.63,0.25,366.41,1,2023,1,6,3,1
ORD-03420,2023-01-31,Phone,East,Retail,14,1032.3,0.13,35,6.7,1108.41,0.9,12573.41,0.348,4375.55,1,2023,1,5,1,2
ORD-03421,2023-01-31,Tablet,South,Enterprise,4,1638.3,0.26,18,6.7,1366.56,0.97,4849.37,0.244,1183.25,1,2023,1,6,3,0
ORD-03422,2023-01-31,Monitor,East,SMB,9,1647.61,0.01,56,0.3,818.24,0.86,14680.21,0.327,4800.43,1,2023,1,3,1,3
ORD-03423,2023-01-31,Webcam,East,Retail,6,1606.71,0.08,27,9.4,1991.21,1.16,8869.04,0.273,2421.25,1,2023,1,7,1,2
ORD-03424,2023-01-31,Phone,South,SMB,17,247.19,0.04,48,7.7,3304.11,0.83,4034.14,0.16,645.46,1,2023,1,5,3,3
ORD-03425,2023-01-31,Keyboard,North,Retail,11,1609.37,0.01,55,7.6,2731.19,0.94,17526.04,0.412,7220.73,1,2023,1,1,2,2
ORD-03426,2023-01-31,Monitor,Central,Online,4,284.49,0.08,24,9.1,3428.15,1.02,1046.92,0.299,313.03,1,2023,1,3,0,1
ORD-03427,2023-01-31,Tablet,West,Retail,9,293.21,0.3,55,5.8,1844.88,1.15,1847.22,0.176,325.11,1,2023,1,6,4,2
ORD-03428,2023-02-01,Tablet,South,SMB,16,1898.33,0.08,25,3.9,1105.86,1.11,27943.42,0.457,12770.14,2,2023,1,6,3,3
ORD-03429,2023-02-01,Mouse,East,Retail,3,1647.83,0.2,51,4.8,1093.51,0.81,3954.79,0.441,1744.06,2,2023,1,4,1,2
ORD-03430,2023-02-01,Tablet,South,Online,4,1127.2,0.04,26,7.8,3044.23,1.13,4328.45,0.324,1402.42,2,2023,1,6,3,1
ORD-03431,2023-02-01,Laptop,Central,SMB,3,1756.19,0.18,42,7.7,905.04,1.06,4320.23,0.488,2108.27,2,2023,1,2,0,3
ORD-03432,2023-02-02,Monitor,East,Enterprise,13,1979.26,0.3,44,6.1,2046.12,0.85,18011.27,0.471,8483.31,2,2023,1,3,1,0
ORD-03433,2023-02-02,Headphones,West,Retail,19,1240.75,0.09,58,2.2,1142.88,1.05,21452.57,0.459,9846.73,2,2023,1,0,4,2
ORD-03434,2023-02-02,Headphones,West,SMB,1,1245.15,0.25,24,8.2,3347.53,1.13,933.86,0.153,142.88,2,2023,1,0,4,3
ORD-03435,2023-02-02,Webcam,West,Retail,6,1521.13,0.3,49,6.5,3115.56,1.04,6388.75,0.218,1392.75,2,2023,1,7,4,2
ORD-03436,2023-02-02,Phone,North,Online,3,502.67,0.18,26,2.2,1967.51,1.2,1236.57,0.264,326.45,2,2023,1,5,2,1
ORD-03437,2023-02-02,Tablet,East,SMB,3,375.89,0.09,34,4.8,730.72,1.0,1026.18,0.433,444.34,2,2023,1,6,1,3
ORD-03438,2023-02-02,Mouse,East,Enterprise,16,1531.18,0.2,52,10.0,1137.9,1.07,19599.1,0.448,8780.4,2,2023,1,4,1,0
ORD-03439,2023-02-02,Mouse,North,Enterprise,10,722.56,0.25,65,3.3,2413.82,0.83,5419.2,0.401,2173.1,2,2023,1,4,2,0
ORD-03440,2023-02-02,Tablet,East,Retail,17,313.39,0.05,33,1.2,4863.2,1.13,5061.25,0.289,1462.7,2,2023,1,6,1,2
ORD-03441,2023-02-03,Laptop,North,Online,7,664.01,0.14,19,0.2,1426.8,1.05,3997.34,0.165,659.56,2,2023,1,2,2,1
ORD-03442,2023-02-03,Mouse,South,Online,13,749.34,0.1,60,1.8,1036.83,1.02,8767.28,0.114,999.47,2,2023,1,4,3,1
ORD-03443,2023-02-03,Headphones,Central,Retail,11,1932.19,0.09,48,1.9,1181.35,1.08,19341.22,0.38,7349.66,2,2023,1,0,0,2
ORD-03444,2023-02-03,Phone,West,SMB,10,1411.02,0.26,33,8.6,3569.88,1.02,10441.55,0.498,5199.89,2,2023,1,5,4,3
ORD-03445,2023-02-03,Monitor,North,SMB,7,1085.17,0.13,64,1.6,4581.95,1.11,6608.69,0.238,1572.87,2,2023,1,3,2,3
ORD-03446,2023-02-04,Keyboard,North,Retail,6,1939.3,0.1,50,8.6,468.34,1.03,10472.22,0.327,3424.42,2,2023,1,1,2,2
ORD-03447,2023-02-05,Laptop,North,SMB,1,1811.12,0.18,38,0.9,3771.51,1.01,1485.12,0.424,629.69,2,2023,1,2,2,3
ORD-03448,2023-02-05,Webcam,South,SMB,17,1048.4,0.07,34,9.1,2523.57,0.85,16575.2,0.175,2900.66,2,2023,1,7,3,3
ORD-03449,2023-02-06,Webcam,North,SMB,12,1816.08,0.07,52,2.6,4143.43,0.99,20267.45,0.432,8755.54,2,2023,1,7,2,3
ORD-03450,2023-02-06,Mouse,Central,Retail,4,838.39,0.16,68,6.1,2165.38,1.02,2816.99,0.35,985.95,2,2023,1,4,0,2
ORD-03451,2023-02-06,Monitor,Central,Enterprise,3,499.32,0.12,69,1.6,125.56,1.05,1318.2,0.328,432.37,2,2023,1,3,0,0
ORD-03452,2023-02-06,Keyboard,West,Online,6,503.72,0.09,24,3.9,3445.7,0.98,2750.31,0.405,1113.88,2,2023,1,1,4,1
ORD-03453,2023-02-06,Webcam,South,Enterprise,16,1341.52,0.02,46,0.9,4059.06,0.86,21035.03,0.196,4122.87,2,2023,1,7,3,0
ORD-03454,2023-02-07,Tablet,Central,SMB,13,1027.09,0.16,28,5.8,4519.9,0.86,11215.82,0.346,3880.67,2,2023,1,6,0,3
ORD-03455,2023-02-07,Tablet,East,Retail,9,1334.95,0.24,47,3.5,2888.35,1.09,9131.06,0.196,1789.69,2,2023,1,6,1,2
ORD-03456,2023-02-07,Phone,East,Online,11,1387.85,0.26,35,8.5,698.04,1.06,11297.1,0.172,1943.1,2,2023,1,5,1,1
ORD-03457,2023-02-08,Keyboard,East,SMB,13,93.53,0.07,63,1.8,1912.19,0.9,1130.78,0.349,394.64,2,2023,1,1,1,3
ORD-03458,2023-02-08,Tablet,North,Online,19,155.38,0.18,33,2.8,3942.83,0.98,2420.82,0.208,503.53,2,2023,1,6,2,1
ORD-03459,2023-02-08,Webcam,North,Online,3,1088.72,0.26,23,1.8,2522.62,0.92,2416.96,0.386,932.95,2,2023,1,7,2,1
ORD-03460,2023-02-09,Tablet,East,Enterprise,12,422.52,0.12,19,5.6,3526.3,0.87,4461.81,0.306,1365.31,2,2023,1,6,1,0
ORD-03461,2023-02-09,Headphones,West,SMB,19,1283.44,0.28,60,1.1,122.98,0.93,17557.46,0.378,6636.72,2,2023,1,0,4,3
ORD-03462,2023-02-09,Mouse,West,Online,8,1126.76,0.27,60,1.9,457.71,0.91,6580.28,0.457,3007.19,2,2023,1,4,4,1
ORD-03463,2023-02-09,Webcam,North,Enterprise,14,1192.23,0.06,27,6.8,3437.7,0.83,15689.75,0.155,2431.91,2,2023,1,7,2,0
ORD-03464,2023-02-09,Webcam,East,Retail,9,639.79,0.08,21,0.7,1521.99,1.0,5297.46,0.127,672.78,2,2023,1,7,1,2
ORD-03465,2023-02-09,Webcam,West,Online,17,1297.69,0.05,66,7.4,2002.11,0.98,20957.69,0.26,5449.0,2,2023,1,7,4,1
ORD-03466,2023-02-09,Phone,North,SMB,6,1667.51,0.06,27,1.0,3246.45,1.09,9404.76,0.387,3639.64,2,2023,1,5,2,3
ORD-03467,2023-02-09,Monitor,East,Retail,4,1996.24,0.27,26,5.9,648.87,1.05,5829.02,0.454,2646.38,2,2023,1,3,1,2
ORD-03468,2023-02-10,Webcam,South,Online,4,1684.97,0.28,62,10.0,4180.27,0.94,4852.71,0.114,553.21,2,2023,1,7,3,1
ORD-03469,2023-02-10,Tablet,East,Online,19,1137.12,0.02,60,1.7,807.73,1.0,21173.17,0.417,8829.21,2,2023,1,6,1,1
ORD-03470,2023-02-10,Headphones,East,SMB,12,427.19,0.18,59,2.6,3693.08,1.01,4203.55,0.13,546.46,2,2023,1,0,1,3
ORD-03471,2023-02-10,Webcam,Central,Online,2,1378.82,0.17,41,9.0,1534.48,1.17,2288.84,0.332,759.89,2,2023,1,7,0,1
ORD-03472,2023-02-10,Laptop,Central,SMB,17,1878.42,0.12,22,6.3,1373.86,1.19,28101.16,0.238,6688.08,2,2023,1,2,0,3
ORD-03473,2023-02-11,Laptop,South,SMB,15,463.14,0.19,52,4.9,4124.2,1.13,5627.15,0.107,602.11,2,2023,1,2,3,3
ORD-03474,2023-02-11,Monitor,South,SMB,10,549.19,0.28,21,5.6,2805.79,1.02,3954.17,0.139,549.63,2,2023,1,3,3,3
ORD-03475,2023-02-11,Keyboard,East,SMB,3,340.57,0.05,52,3.0,1106.94,1.17,970.62,0.241,233.92,2,2023,1,1,1,3
ORD-03476,2023-02-11,Phone,West,Online,4,1486.61,0.04,59,8.6,112.48,0.87,5708.58,0.482,2751.54,2,2023,1,5,4,1
ORD-03477,2023-02-11,Headphones,South,Retail,1,842.79,0.01,30,7.5,4867.87,1.08,834.36,0.162,135.17,2,2023,1,0,3,2
ORD-03478,2023-02-12,Mouse,East,Retail,1,172.26,0.11,54,6.4,2213.79,0.98,153.31,0.209,32.04,2,2023,1,4,1,2
ORD-03479,2023-02-13,Headphones,North,Enterprise,18,1756.15,0.1,49,9.3,2047.37,0.86,28449.63,0.498,14167.92,2,2023,1,0,2,0
ORD-03480,2023-02-13,Laptop,Central,SMB,4,1137.46,0.13,62,5.8,346.54,0.83,3958.36,0.292,1155.84,2,2023,1,2,0,3
ORD-03481,2023-02-13,Laptop,West,Online,15,695.63,0.15,18,5.1,4482.58,0.99,8869.28,0.205,1818.2,2,2023,1,2,4,1
ORD-03482,2023-02-13,Monitor,East,Online,10,720.77,0.23,28,9.8,788.88,0.9,5549.93,0.346,1920.28,2,2023,1,3,1,1
ORD-03483,2023-02-14,Keyboard,North,Enterprise,17,615.99,0.12,43,2.1,1743.73,0.9,9215.21,0.274,2524.97,2,2023,1,1,2,0
ORD-03484,2023-02-14,Keyboard,Central,Retail,12,938.19,0.1,20,1.4,2163.41,0.93,10132.45,0.443,4488.68,2,2023,1,1,0,2
ORD-03485,2023-02-15,Monitor,North,Online,12,707.23,0.25,66,1.6,4069.52,1.09,6365.07,0.103,655.6,2,2023,1,3,2,1
ORD-03486,2023-02-15,Webcam,East,Enterprise,16,1118.5,0.25,68,9.9,1861.39,0.87,13422.0,0.499,6697.58,2,2023,1,7,1,0
ORD-03487,2023-02-15,Headphones,South,Retail,5,1558.36,0.07,30,6.5,2704.17,1.09,7246.37,0.127,920.29,2,2023,1,0,3,2
ORD-03488,2023-02-15,Laptop,Central,Online,16,1365.2,0.09,49,3.1,2200.78,1.11,19877.31,0.315,6261.35,2,2023,1,2,0,1
ORD-03489,2023-02-15,Headphones,North,SMB,17,624.19,0.25,65,2.5,1628.04,1.04,7958.42,0.379,3016.24,2,2023,1,0,2,3
ORD-03490,2023-02-15,Headphones,South,Enterprise,15,1081.04,0.02,67,0.6,4736.89,0.9,15891.29,0.32,5085.21,2,2023,1,0,3,0
ORD-03491,2023-02-15,Phone,West,Online,13,1688.25,0.1,40,1.3,4004.7,0.82,19752.53,0.22,4345.56,2,2023,1,5,4,1
ORD-03492,2023-02-16,Laptop,East,Enterprise,8,183.0,0.13,69,9.1,954.33,0.96,1273.68,0.442,562.97,2,2023,1,2,1,0
ORD-03493,2023-02-16,Keyboard,East,Enterprise,2,202.68,0.06,40,7.5,2818.06,1.14,381.04,0.272,103.64,2,2023,1,1,1,0
ORD-03494,2023-02-16,Mouse,Central,Enterprise,8,1134.53,0.05,68,9.4,4003.14,0.84,8622.43,0.22,1896.93,2,2023,1,4,0,0
ORD-03495,2023-02-17,Headphones,North,SMB,10,1296.27,0.13,47,4.2,2940.97,1.1,11277.55,0.407,4589.96,2,2023,1,0,2,3
ORD-03496,2023-02-17,Laptop,West,Retail,7,462.26,0.23,23,6.0,2519.52,0.99,2491.58,0.158,393.67,2,2023,1,2,4,2
ORD-03497,2023-02-17,Headphones,Central,Retail,10,1503.18,0.25,24,4.8,453.09,1.16,11273.85,0.182,2051.84,2,2023,1,0,0,2
ORD-03498,2023-02-17,Phone,Central,Online,4,1310.21,0.29,64,8.8,619.73,0.94,3721.0,0.201,747.92,2,2023,1,5,0,1
ORD-03499,2023-02-17,Webcam,North,SMB,11,1850.41,0.02,47,9.9,1301.67,1.08,19947.42,0.274,5465.59,2,2023,1,7,2,3
ORD-03500,2023-02-17,Tablet,West,Retail,9,379.46,0.07,54,9.3,2615.64,1.1,3176.08,0.108,343.02,2,2023,1,6,4,2
ORD-03501,2023-02-18,Laptop,North,Online,4,1515.18,0.23,65,6.0,4937.75,0.88,4666.75,0.497,2319.37,2,2023,1,2,2,1
ORD-03502,2023-02-18,Monitor,East,Online,3,213.1,0.16,49,0.6,4031.1,0.86,537.01,0.34,182.58,2,2023,1,3,1,1
ORD-03503,2023-02-18,Tablet,South,Enterprise,11,1152.32,0.1,23,6.2,639.25,0.84,11407.97,0.488,5567.09,2,2023,1,6,3,0
ORD-03504,2023-02-18,Headphones,East,SMB,3,1126.2,0.06,52,1.0,3614.57,1.08,3175.88,0.423,1343.4,2,2023,1,0,1,3
ORD-03505,2023-02-18,Monitor,East,Retail,18,807.35,0.08,49,1.4,4071.31,1.02,13369.72,0.154,2058.94,2,2023,1,3,1,2
ORD-03506,2023-02-18,Monitor,Central,SMB,19,1696.91,0.13,29,1.9,2129.89,0.83,28049.92,0.184,5161.19,2,2023,1,3,0,3
ORD-03507,2023-02-19,Monitor,East,SMB,14,58.52,0.05,21,3.6,1717.72,0.92,778.32,0.114,88.73,2,2023,1,3,1,3
ORD-03508,2023-02-19,Laptop,West,Retail,11,1064.35,0.29,49,5.9,2964.61,0.86,8312.57,0.434,3607.66,2,2023,1,2,4,2
ORD-03509,2023-02-19,Keyboard,East,Retail,2,473.45,0.03,52,3.3,2643.85,0.84,918.49,0.337,309.53,2,2023,1,1,1,2
ORD-03510,2023-02-19,Headphones,West,SMB,2,1499.82,0.3,65,4.5,1399.55,0.92,2099.75,0.186,390.55,2,2023,1,0,4,3
ORD-03511,2023-02-19,Tablet,North,Online,2,133.98,0.25,33,0.5,2047.15,0.84,200.97,0.488,98.07,2,2023,1,6,2,1
ORD-03512,2023-02-19,Phone,Central,SMB,10,1671.53,0.13,68,6.2,2767.74,0.9,14542.31,0.395,5744.21,2,2023,1,5,0,3
ORD-03513,2023-02-20,Keyboard,West,Retail,15,1684.28,0.22,32,6.6,2941.63,1.02,19706.08,0.382,7527.72,2,2023,1,1,4,2
ORD-03514,2023-02-20,Headphones,East,SMB,12,1674.09,0.2,58,1.0,2705.57,1.02,16071.26,0.207,3326.75,2,2023,1,0,1,3
ORD-03515,2023-02-20,Webcam,Central,Retail,11,347.51,0.06,69,7.9,4245.93,0.87,3593.25,0.225,808.48,2,2023,1,7,0,2
ORD-03516,2023-02-20,Webcam,Central,Online,17,1279.29,0.1,19,6.5,255.55,0.88,19573.14,0.367,7183.34,2,2023,1,7,0,1
ORD-03517,2023-02-20,Laptop,West,SMB,18,78.02,0.15,23,4.9,1731.62,1.14,1193.71,0.337,402.28,2,2023,1,2,4,3
ORD-03518,2023-02-20,Monitor,West,Online,14,1703.53,0.19,31,5.5,3774.18,0.87,19318.03,0.359,6935.17,2,2023,1,3,4,1
ORD-03519,2023-02-20,Phone,South,SMB,17,1459.8,0.16,58,5.0,3293.73,0.82,20845.94,0.452,9422.36,2,2023,1,5,3,3
ORD-03520,2023-02-20,Headphones,South,SMB,15,1085.75,0.14,46,0.5,4599.51,0.9,14006.18,0.164,2297.01,2,2023,1,0,3,3
ORD-03521,2023-02-20,Tablet,Central,Retail,12,1474.65,0.13,59,7.4,2981.3,1.03,15395.35,0.147,2263.12,2,2023,1,6,0,2
ORD-03522,2023-02-21,Headphones,South,Enterprise,16,233.93,0.15,43,5.1,3226.94,0.8,3181.45,0.326,1037.15,2,2023,1,0,3,0
ORD-03523,2023-02-21,Keyboard,East,Retail,6,1080.88,0.13,35,1.7,3554.24,1.19,5642.19,0.3,1692.66,2,2023,1,1,1,2
ORD-03524,2023-02-22,Webcam,North,SMB,2,617.99,0.16,64,6.8,1012.38,0.89,1038.22,0.261,270.98,2,2023,1,7,2,3
ORD-03525,2023-02-22,Mouse,Central,Enterprise,2,1946.61,0.27,21,7.0,3790.9,0.9,2842.05,0.462,1313.03,2,2023,1,4,0,0
ORD-03526,2023-02-22,Keyboard,North,Enterprise,16,1721.38,0.19,54,2.1,1569.46,1.1,22309.08,0.323,7205.83,2,2023,1,1,2,0
ORD-03527,2023-02-23,Headphones,South,Online,2,1479.89,0.22,55,8.0,2180.06,0.9,2308.63,0.327,754.92,2,2023,1,0,3,1
ORD-03528,2023-02-23,Phone,West,SMB,8,1870.81,0.18,42,4.6,168.63,0.96,12272.51,0.247,3031.31,2,2023,1,5,4,3
ORD-03529,2023-02-23,Headphones,Central,Retail,7,726.34,0.19,64,1.8,4233.47,1.02,4118.35,0.238,980.17,2,2023,1,0,0,2
ORD-03530,2023-02-23,Headphones,South,Enterprise,1,1806.72,0.17,69,6.6,4772.12,0.81,1499.58,0.495,742.29,2,2023,1,0,3,0
ORD-03531,2023-02-23,Laptop,East,Enterprise,4,684.21,0.01,46,6.0,394.94,1.13,2709.47,0.349,945.61,2,2023,1,2,1,0
ORD-03532,2023-02-24,Tablet,Central,Retail,11,1478.95,0.3,51,1.7,3212.48,1.0,11387.92,0.43,4896.81,2,2023,1,6,0,2
ORD-03533,2023-02-24,Phone,Central,Retail,7,1486.01,0.01,33,8.7,4807.82,0.93,10298.05,0.279,2873.16,2,2023,1,5,0,2
ORD-03534,2023-02-24,Headphones,West,Enterprise,18,85.78,0.12,54,8.5,3073.81,0.96,1358.76,0.177,240.5,2,2023,1,0,4,0
ORD-03535,2023-02-24,Monitor,Central,Retail,4,754.07,0.03,47,8.4,4009.96,0.82,2925.79,0.23,672.93,2,2023,1,3,0,2
ORD-03536,2023-02-24,Tablet,West,Online,17,87.89,0.03,40,4.0,678.83,1.09,1449.31,0.238,344.94,2,2023,1,6,4,1
ORD-03537,2023-02-24,Keyboard,South,Enterprise,11,1994.33,0.24,53,8.2,1299.76,1.02,16672.6,0.326,5435.27,2,2023,1,1,3,0
ORD-03538,2023-02-24,Phone,East,Online,11,288.28,0.13,45,8.4,1794.1,1.17,2758.84,0.162,446.93,2,2023,1,5,1,1
ORD-03539,2023-02-25,Keyboard,East,SMB,11,1108.48,0.24,18,10.0,4907.72,0.99,9266.89,0.255,2363.06,2,2023,1,1,1,3
ORD-03540,2023-02-26,Webcam,Central,Online,15,1591.58,0.08,25,9.6,3930.71,1.13,21963.8,0.14,3074.93,2,2023,1,7,0,1
ORD-03541,2023-02-26,Headphones,Central,Retail,14,442.46,0.08,59,3.8,4439.75,0.88,5698.88,0.299,1703.97,2,2023,1,0,0,2
ORD-03542,2023-02-26,Keyboard,South,Enterprise,17,995.85,0.08,32,2.0,2486.67,0.82,15575.09,0.479,7460.47,2,2023,1,1,3,0
ORD-03543,2023-02-27,Keyboard,West,Online,2,1234.49,0.18,51,2.9,3612.35,1.18,2024.56,0.236,477.8,2,2023,1,1,4,1
ORD-03544,2023-02-27,Laptop,East,Retail,18,362.4,0.24,36,4.9,3684.67,0.9,4957.63,0.12,594.92,2,2023,1,2,1,2
ORD-03545,2023-02-27,Keyboard,West,Retail,16,1568.18,0.14,61,8.1,2887.72,1.13,21578.16,0.344,7422.89,2,2023,1,1,4,2
ORD-03546,2023-02-28,Monitor,South,Online,12,633.71,0.11,47,7.2,4402.05,0.9,6768.02,0.354,2395.88,2,2023,1,3,3,1
ORD-03547,2023-02-28,Monitor,East,Enterprise,10,461.49,0.29,27,7.9,875.43,0.86,3276.58,0.292,956.76,2,2023,1,3,1,0
ORD-03548,2023-02-28,Tablet,East,Online,16,1138.66,0.04,61,3.8,381.85,1.09,17489.82,0.259,4529.86,2,2023,1,6,1,1
ORD-03549,2023-03-01,Headphones,North,SMB,3,850.11,0.15,44,2.5,1589.88,1.11,2167.78,0.457,990.68,3,2023,1,0,2,3
ORD-03550,2023-03-01,Mouse,South,Online,8,1844.56,0.12,37,0.2,532.53,1.14,12985.7,0.475,6168.21,3,2023,1,4,3,1
ORD-03551,2023-03-01,Webcam,South,Online,2,1766.12,0.03,42,6.3,395.55,1.15,3426.27,0.369,1264.29,3,2023,1,7,3,1
ORD-03552,2023-03-01,Keyboard,North,Enterprise,1,992.53,0.08,26,8.0,2153.54,0.99,913.13,0.3,273.94,3,2023,1,1,2,0
ORD-03553,2023-03-01,Keyboard,West,Online,14,750.56,0.01,57,8.9,1082.48,0.96,10402.76,0.127,1321.15,3,2023,1,1,4,1
ORD-03554,2023-03-02,Phone,North,Retail,4,684.76,0.26,51,4.8,3971.72,1.1,2026.89,0.22,445.92,3,2023,1,5,2,2
ORD-03555,2023-03-02,Laptop,South,Enterprise,4,571.75,0.18,38,9.3,2940.94,1.03,1875.34,0.214,401.32,3,2023,1,2,3,0
ORD-03556,2023-03-02,Mouse,West,Retail,9,1111.87,0.24,41,2.0,1866.9,1.19,7605.19,0.123,935.44,3,2023,1,4,4,2
ORD-03557,2023-03-02,Tablet,East,Enterprise,3,1619.71,0.16,24,5.1,1504.07,0.95,4081.67,0.437,1783.69,3,2023,1,6,1,0
ORD-03558,2023-03-02,Webcam,North,SMB,5,655.98,0.18,21,2.1,2859.38,0.82,2689.52,0.447,1202.22,3,2023,1,7,2,3
ORD-03559,2023-03-03,Mouse,West,SMB,1,420.68,0.21,68,1.9,2226.61,1.04,332.34,0.465,154.54,3,2023,1,4,4,3
ORD-03560,2023-03-03,Keyboard,West,SMB,19,977.19,0.27,25,9.5,373.1,0.94,13553.63,0.397,5380.79,3,2023,1,1,4,3
ORD-03561,2023-03-03,Phone,West,Online,1,184.62,0.03,30,8.2,3359.43,0.94,179.08,0.384,68.77,3,2023,1,5,4,1
ORD-03562,2023-03-03,Headphones,North,SMB,10,1417.49,0.1,38,0.1,2548.81,1.03,12757.41,0.291,3712.41,3,2023,1,0,2,3
ORD-03563,2023-03-03,Laptop,East,Enterprise,12,1060.8,0.21,52,2.7,1456.81,1.17,10056.38,0.443,4454.98,3,2023,1,2,1,0
ORD-03564,2023-03-04,Headphones,West,SMB,10,1017.93,0.29,22,2.1,1523.03,0.91,7227.3,0.304,2197.1,3,2023,1,0,4,3
ORD-03565,2023-03-04,Tablet,North,Enterprise,2,635.87,0.29,69,1.5,2318.64,0.95,902.94,0.112,101.13,3,2023,1,6,2,0
ORD-03566,2023-03-04,Mouse,South,Retail,16,1814.11,0.19,25,7.0,4155.2,1.16,23510.87,0.334,7852.63,3,2023,1,4,3,2
ORD-03567,2023-03-04,Tablet,North,Online,8,226.45,0.06,19,5.7,2172.95,1.16,1702.9,0.256,435.94,3,2023,1,6,2,1
ORD-03568,2023-03-05,Keyboard,North,Retail,14,1746.16,0.04,41,4.5,4213.95,0.89,23468.39,0.309,7251.73,3,2023,1,1,2,2
ORD-03569,2023-03-05,Tablet,North,Retail,15,784.58,0.28,59,1.9,2181.83,1.08,8473.46,0.276,2338.67,3,2023,1,6,2,2
ORD-03570,2023-03-05,Headphones,West,SMB,16,1767.22,0.13,33,2.8,4166.57,0.97,24599.7,0.299,7355.31,3,2023,1,0,4,3
ORD-03571,2023-03-05,Phone,North,SMB,11,1471.08,0.06,21,3.6,4664.5,1.17,15210.97,0.143,2175.17,3,2023,1,5,2,3
ORD-03572,2023-03-05,Tablet,South,SMB,12,253.13,0.28,47,7.9,200.81,1.09,2187.04,0.106,231.83,3,2023,1,6,3,3
ORD-03573,2023-03-05,Monitor,West,Retail,2,1671.5,0.03,63,9.9,405.03,1.0,3242.71,0.236,765.28,3,2023,1,3,4,2
ORD-03574,2023-03-05,Phone,South,Online,4,1380.24,0.22,47,1.8,756.69,1.13,4306.35,0.202,869.88,3,2023,1,5,3,1
ORD-03575,2023-03-05,Mouse,Central,Online,3,112.99,0.19,52,3.4,698.39,1.2,274.57,0.2,54.91,3,2023,1,4,0,1
ORD-03576,2023-03-06,Laptop,North,Retail,9,310.72,0.03,59,2.8,2326.94,0.98,2712.59,0.475,1288.48,3,2023,1,2,2,2
ORD-03577,2023-03-06,Laptop,West,Online,18,1289.47,0.1,30,0.4,3843.77,0.95,20889.41,0.428,8940.67,3,2023,1,2,4,1
ORD-03578,2023-03-06,Keyboard,West,Retail,19,1342.07,0.04,54,2.2,4810.51,1.04,24479.36,0.105,2570.33,3,2023,1,1,4,2
ORD-03579,2023-03-06,Keyboard,North,Retail,7,1505.97,0.18,66,9.0,2147.13,1.07,8644.27,0.103,890.36,3,2023,1,1,2,2
ORD-03580,2023-03-07,Monitor,East,Online,4,1454.48,0.14,66,8.4,3473.56,1.08,5003.41,0.411,2056.4,3,2023,1,3,1,1
ORD-03581,2023-03-07,Mouse,East,Enterprise,6,1336.06,0.0,28,1.7,3213.98,0.99,8016.36,0.494,3960.08,3,2023,1,4,1,0
ORD-03582,2023-03-07,Headphones,South,Enterprise,19,1544.17,0.29,36,3.7,2026.6,0.93,20830.85,0.286,5957.62,3,2023,1,0,3,0
ORD-03583,2023-03-07,Laptop,North,SMB,1,1171.42,0.1,35,3.1,3633.51,1.13,1054.28,0.273,287.82,3,2023,1,2,2,3
ORD-03584,2023-03-07,Laptop,North,Online,16,558.54,0.08,34,1.5,3000.56,1.18,8221.71,0.21,1726.56,3,2023,1,2,2,1
ORD-03585,2023-03-08,Laptop,Central,SMB,11,1829.13,0.07,28,6.2,3823.7,1.15,18712.0,0.367,6867.3,3,2023,1,2,0,3
ORD-03586,2023-03-08,Headphones,East,Retail,4,85.52,0.05,32,5.6,1048.88,1.07,324.98,0.289,93.92,3,2023,1,0,1,2
ORD-03587,2023-03-08,Laptop,East,Enterprise,18,764.8,0.3,25,4.3,1865.33,0.94,9636.48,0.167,1609.29,3,2023,1,2,1,0
ORD-03588,2023-03-08,Tablet,North,Online,5,1471.3,0.09,61,8.6,3388.99,1.05,6694.42,0.293,1961.47,3,2023,1,6,2,1
ORD-03589,2023-03-08,Mouse,South,Online,6,882.95,0.12,46,6.2,711.54,0.84,4661.98,0.251,1170.16,3,2023,1,4,3,1
ORD-03590,2023-03-08,Phone,North,Online,2,98.43,0.26,34,2.6,3874.95,1.01,145.68,0.456,66.43,3,2023,1,5,2,1
ORD-03591,2023-03-09,Phone,South,Enterprise,12,178.66,0.19,43,3.7,753.85,1.11,1736.58,0.409,710.26,3,2023,1,5,3,0
ORD-03592,2023-03-09,Monitor,East,SMB,9,1314.84,0.11,22,1.5,1689.83,0.9,10531.87,0.38,4002.11,3,2023,1,3,1,3
ORD-03593,2023-03-09,Tablet,Central,Enterprise,12,1931.49,0.27,21,5.9,1263.89,1.0,16919.85,0.231,3908.49,3,2023,1,6,0,0
ORD-03594,2023-03-09,Laptop,West,SMB,13,1126.13,0.22,41,5.9,398.83,0.83,11418.96,0.156,1781.36,3,2023,1,2,4,3
ORD-03595,2023-03-09,Laptop,East,Retail,17,1038.18,0.07,28,8.7,1426.22,1.14,16413.63,0.446,7320.48,3,2023,1,2,1,2
ORD-03596,2023-03-09,Keyboard,South,Retail,5,670.73,0.19,47,8.6,4566.4,0.94,2716.46,0.237,643.8,3,2023,1,1,3,2
ORD-03597,2023-03-10,Keyboard,North,SMB,13,550.55,0.28,57,8.4,231.95,1.03,5153.15,0.337,1736.61,3,2023,1,1,2,3
ORD-03598,2023-03-10,Monitor,East,Retail,13,90.92,0.15,65,5.5,182.46,0.95,1004.67,0.336,337.57,3,2023,1,3,1,2
ORD-03599,2023-03-11,Laptop,Central,Retail,10,582.26,0.22,65,6.5,3550.91,1.04,4541.63,0.471,2139.11,3,2023,1,2,0,2
ORD-03600,2023-03-11,Monitor,South,Online,15,925.77,0.29,52,7.8,1897.66,1.1,9859.45,0.169,1666.25,3,2023,1,3,3,1
ORD-03601,2023-03-11,Tablet,North,Online,15,436.0,0.21,61,0.9,1225.73,0.93,5166.6,0.409,2113.14,3,2023,1,6,2,1
ORD-03602,2023-03-11,Phone,West,Enterprise,18,220.33,0.03,62,3.0,2593.47,1.01,3846.96,0.285,1096.38,3,2023,1,5,4,0
ORD-03603,2023-03-11,Laptop,South,Enterprise,18,1449.57,0.07,50,1.7,1406.71,1.12,24265.8,0.17,4125.19,3,2023,1,2,3,0
ORD-03604,2023-03-12,Mouse,North,Enterprise,2,1794.51,0.18,53,5.1,2020.89,1.08,2943.0,0.434,1277.26,3,2023,1,4,2,0
ORD-03605,2023-03-12,Headphones,West,Online,11,1876.71,0.08,38,8.4,3605.15,0.82,18992.31,0.428,8128.71,3,2023,1,0,4,1
ORD-03606,2023-03-12,Tablet,North,Enterprise,13,1255.1,0.29,55,2.3,672.84,1.03,11584.57,0.116,1343.81,3,2023,1,6,2,0
ORD-03607,2023-03-12,Laptop,West,Enterprise,11,152.91,0.12,22,7.3,4802.32,0.95,1480.17,0.384,568.39,3,2023,1,2,4,0
ORD-03608,2023-03-13,Headphones,West,Online,4,1494.68,0.14,22,4.1,308.39,1.08,5141.7,0.161,827.81,3,2023,1,0,4,1
ORD-03609,2023-03-13,Mouse,West,SMB,15,264.69,0.21,38,9.0,4052.03,0.81,3136.58,0.344,1078.98,3,2023,1,4,4,3
ORD-03610,2023-03-13,Keyboard,North,Online,11,1356.01,0.16,42,6.3,3650.5,0.93,12529.53,0.358,4485.57,3,2023,1,1,2,1
ORD-03611,2023-03-13,Monitor,West,SMB,18,1569.76,0.11,27,9.8,1482.24,0.83,25147.56,0.366,9204.01,3,2023,1,3,4,3
ORD-03612,2023-03-13,Keyboard,South,Online,16,1465.44,0.02,36,2.5,679.78,1.17,22978.1,0.148,3400.76,3,2023,1,1,3,1
ORD-03613,2023-03-13,Phone,Central,Enterprise,10,1906.17,0.18,49,9.2,4276.64,1.15,15630.59,0.339,5298.77,3,2023,1,5,0,0
ORD-03614,2023-03-13,Keyboard,Central,Retail,12,1489.39,0.26,35,3.6,3430.1,1.19,13225.78,0.14,1851.61,3,2023,1,1,0,2
ORD-03615,2023-03-13,Laptop,West,Retail,13,1401.76,0.21,51,6.2,1525.32,1.06,14396.08,0.398,5729.64,3,2023,1,2,4,2
ORD-03616,2023-03-14,Mouse,Central,SMB,9,560.4,0.11,65,1.7,182.95,1.12,4488.8,0.125,561.1,3,2023,1,4,0,3
ORD-03617,2023-03-14,Keyboard,Central,SMB,13,1853.3,0.04,32,7.6,4698.6,1.04,23129.18,0.403,9321.06,3,2023,1,1,0,3
ORD-03618,2023-03-14,Laptop,West,SMB,6,400.11,0.24,41,9.8,2080.84,1.0,1824.5,0.453,826.5,3,2023,1,2,4,3
ORD-03619,2023-03-15,Phone,West,Retail,6,1814.55,0.28,22,7.9,963.71,1.13,7838.86,0.219,1716.71,3,2023,1,5,4,2
ORD-03620,2023-03-15,Headphones,South,SMB,11,659.69,0.12,49,6.2,4567.99,1.11,6385.8,0.411,2624.56,3,2023,1,0,3,3
ORD-03621,2023-03-15,Mouse,East,Online,19,303.82,0.22,26,4.5,1859.2,1.09,4502.61,0.267,1202.2,3,2023,1,4,1,1
ORD-03622,2023-03-15,Keyboard,North,Online,11,1662.03,0.12,22,3.5,2369.93,1.16,16088.45,0.419,6741.06,3,2023,1,1,2,1
ORD-03623,2023-03-16,Monitor,West,Retail,10,54.87,0.15,22,4.2,3523.23,1.17,466.39,0.375,174.9,3,2023,1,3,4,2
ORD-03624,2023-03-16,Monitor,West,Online,15,1672.57,0.25,58,3.3,4115.15,0.98,18816.41,0.216,4064.34,3,2023,1,3,4,1
ORD-03625,2023-03-16,Mouse,Central,SMB,13,561.51,0.03,58,8.3,590.87,0.91,7080.64,0.177,1253.27,3,2023,1,4,0,3
ORD-03626,2023-03-16,Monitor,South,Retail,8,1775.21,0.16,51,8.9,4503.5,1.0,11929.41,0.466,5559.11,3,2023,1,3,3,2
ORD-03627,2023-03-16,Keyboard,Central,SMB,5,1398.38,0.06,24,9.5,4669.44,0.84,6572.39,0.436,2865.56,3,2023,1,1,0,3
ORD-03628,2023-03-16,Keyboard,West,Online,2,1349.06,0.1,43,4.2,1370.42,1.18,2428.31,0.364,883.9,3,2023,1,1,4,1
ORD-03629,2023-03-16,Mouse,West,SMB,16,762.37,0.19,18,5.5,2537.2,1.19,9880.32,0.24,2371.28,3,2023,1,4,4,3
ORD-03630,2023-03-17,Keyboard,Central,Retail,13,165.84,0.01,69,5.8,4303.59,1.06,2134.36,0.304,648.85,3,2023,1,1,0,2
ORD-03631,2023-03-17,Headphones,West,SMB,19,1668.64,0.18,51,6.5,2488.01,1.1,25997.41,0.323,8397.16,3,2023,1,0,4,3
ORD-03632,2023-03-17,Laptop,East,Online,9,383.26,0.09,43,0.0,2461.68,0.93,3138.9,0.134,420.61,3,2023,1,2,1,1
ORD-03633,2023-03-17,Phone,North,Enterprise,15,775.9,0.2,49,8.4,3130.76,1.15,9310.8,0.489,4552.98,3,2023,1,5,2,0
ORD-03634,2023-03-17,Headphones,North,Retail,6,1220.69,0.04,29,2.7,3860.45,1.16,7031.17,0.137,963.27,3,2023,1,0,2,2
ORD-03635,2023-03-18,Headphones,North,SMB,8,990.39,0.22,23,4.7,3361.53,0.83,6180.03,0.389,2404.03,3,2023,1,0,2,3
ORD-03636,2023-03-18,Monitor,East,Retail,14,437.39,0.19,37,8.4,3170.18,0.85,4960.0,0.297,1473.12,3,2023,1,3,1,2
ORD-03637,2023-03-18,Laptop,West,SMB,5,324.2,0.29,36,10.0,1921.19,0.9,1150.91,0.404,464.97,3,2023,1,2,4,3
ORD-03638,2023-03-18,Mouse,Central,Enterprise,17,290.33,0.27,33,7.9,3187.36,1.08,3603.0,0.204,735.01,3,2023,1,4,0,0
ORD-03639,2023-03-19,Webcam,South,Online,7,1732.87,0.08,21,0.2,606.04,0.87,11159.68,0.258,2879.2,3,2023,1,7,3,1
ORD-03640,2023-03-19,Monitor,West,SMB,9,111.54,0.01,49,3.7,2106.83,0.89,993.82,0.31,308.08,3,2023,1,3,4,3
ORD-03641,2023-03-20,Laptop,East,SMB,16,1955.18,0.2,35,2.5,1022.92,0.95,25026.3,0.148,3703.89,3,2023,1,2,1,3
ORD-03642,2023-03-20,Keyboard,East,Enterprise,18,437.13,0.18,22,9.6,2734.08,1.04,6452.04,0.441,2845.35,3,2023,1,1,1,0
ORD-03643,2023-03-20,Mouse,North,Retail,13,265.13,0.01,67,2.6,1384.02,1.19,3412.22,0.497,1695.87,3,2023,1,4,2,2
ORD-03644,2023-03-21,Webcam,West,Online,18,1175.09,0.04,23,9.4,2579.08,1.11,20305.56,0.267,5421.58,3,2023,1,7,4,1
ORD-03645,2023-03-21,Mouse,North,SMB,10,205.97,0.18,31,9.4,3908.89,1.02,1688.95,0.251,423.93,3,2023,1,4,2,3
ORD-03646,2023-03-21,Webcam,South,SMB,1,1224.78,0.27,69,8.4,2226.56,0.82,894.09,0.338,302.2,3,2023,1,7,3,3
ORD-03647,2023-03-22,Webcam,North,Online,18,1708.72,0.27,66,1.0,1171.77,1.01,22452.58,0.375,8419.72,3,2023,1,7,2,1
ORD-03648,2023-03-23,Monitor,South,Enterprise,19,143.4,0.05,35,0.0,1192.61,0.88,2588.37,0.447,1157.0,3,2023,1,3,3,0
ORD-03649,2023-03-24,Keyboard,East,Retail,2,1609.74,0.12,27,7.9,4540.65,0.92,2833.14,0.249,705.45,3,2023,1,1,1,2
ORD-03650,2023-03-24,Monitor,North,Online,4,819.23,0.01,40,8.4,3926.43,0.9,3244.15,0.406,1317.12,3,2023,1,3,2,1
ORD-03651,2023-03-25,Webcam,North,Retail,11,361.01,0.14,68,9.6,279.21,0.94,3415.15,0.196,669.37,3,2023,1,7,2,2
ORD-03652,2023-03-25,Webcam,Central,Enterprise,3,393.39,0.23,35,2.2,4719.34,0.82,908.73,0.372,338.05,3,2023,1,7,0,0
ORD-03653,2023-03-25,Tablet,East,Enterprise,9,1841.59,0.24,21,7.3,651.57,1.03,12596.48,0.287,3615.19,3,2023,1,6,1,0
ORD-03654,2023-03-25,Laptop,Central,Online,10,265.68,0.15,69,5.2,3299.42,0.82,2258.28,0.365,824.27,3,2023,1,2,0,1
ORD-03655,2023-03-25,Tablet,South,SMB,2,1740.23,0.03,49,3.3,2802.37,1.06,3376.05,0.252,850.76,3,2023,1,6,3,3
ORD-03656,2023-03-25,Laptop,South,Enterprise,7,1111.28,0.11,64,6.1,328.7,1.09,6923.27,0.218,1509.27,3,2023,1,2,3,0
ORD-03657,2023-03-26,Phone,East,Enterprise,15,126.16,0.28,23,5.5,1546.35,0.99,1362.53,0.294,400.58,3,2023,1,5,1,0
ORD-03658,2023-03-26,Headphones,South,Online,19,955.73,0.07,43,2.9,3901.68,1.11,16887.75,0.458,7734.59,3,2023,1,0,3,1
ORD-03659,2023-03-26,Mouse,East,Online,10,1644.03,0.1,23,2.7,1603.71,1.19,14796.27,0.37,5474.62,3,2023,1,4,1,1
ORD-03660,2023-03-26,Monitor,South,Online,14,1466.1,0.22,52,4.9,2453.63,0.94,16009.81,0.345,5523.38,3,2023,1,3,3,1
ORD-03661,2023-03-27,Phone,West,Enterprise,4,1003.13,0.22,58,4.7,3519.96,1.05,3129.77,0.388,1214.35,3,2023,1,5,4,0
ORD-03662,2023-03-27,Phone,North,Retail,11,1727.1,0.27,60,3.0,450.71,0.93,13868.61,0.392,5436.5,3,2023,1,5,2,2
ORD-03663,2023-03-27,Mouse,West,Enterprise,3,284.71,0.12,22,2.6,4179.77,0.98,751.63,0.218,163.86,3,2023,1,4,4,0
ORD-03664,2023-03-27,Mouse,East,Online,17,1824.39,0.15,31,9.5,303.75,0.81,26362.44,0.193,5087.95,3,2023,1,4,1,1
ORD-03665,2023-03-27,Laptop,East,SMB,7,1700.56,0.14,19,8.6,1385.7,0.83,10237.37,0.304,3112.16,3,2023,1,2,1,3
ORD-03666,2023-03-27,Tablet,West,SMB,11,1431.14,0.28,68,8.2,3839.03,1.12,11334.63,0.159,1802.21,3,2023,1,6,4,3
ORD-03667,2023-03-27,Keyboard,North,Online,18,1644.88,0.23,57,2.1,4568.19,0.86,22798.04,0.29,6611.43,3,2023,1,1,2,1
ORD-03668,2023-03-28,Laptop,North,SMB,14,1110.44,0.25,30,1.9,3825.68,1.08,11659.62,0.377,4395.68,3,2023,1,2,2,3
ORD-03669,2023-03-28,Keyboard,Central,Enterprise,14,1366.57,0.04,68,8.1,1212.3,1.08,18366.7,0.103,1891.77,3,2023,1,1,0,0
ORD-03670,2023-03-28,Phone,South,Retail,6,1143.17,0.24,22,1.8,4930.05,1.2,5212.86,0.144,750.65,3,2023,1,5,3,2
ORD-03671,2023-03-28,Keyboard,Central,Enterprise,9,743.09,0.13,64,5.0,2125.34,1.08,5818.39,0.485,2821.92,3,2023,1,1,0,0
ORD-03672,2023-03-28,Tablet,North,Online,3,1159.28,0.01,53,2.2,1944.61,0.85,3443.06,0.471,1621.68,3,2023,1,6,2,1
ORD-03673,2023-03-28,Laptop,West,Enterprise,17,552.06,0.02,53,3.8,4339.65,1.05,9197.32,0.267,2455.68,3,2023,1,2,4,0
ORD-03674,2023-03-28,Webcam,South,SMB,12,908.54,0.2,67,8.5,424.42,1.01,8721.98,0.336,2930.59,3,2023,1,7,3,3
ORD-03675,2023-03-29,Mouse,West,Enterprise,4,597.51,0.11,36,8.9,2824.8,1.17,2127.14,0.162,344.6,3,2023,1,4,4,0
ORD-03676,2023-03-29,Webcam,Central,Retail,16,289.63,0.26,37,10.0,4831.57,1.08,3429.22,0.232,795.58,3,2023,1,7,0,2
ORD-03677,2023-03-30,Tablet,East,SMB,10,677.63,0.22,39,9.4,590.64,1.01,5285.51,0.417,2204.06,3,2023,1,6,1,3
ORD-03678,2023-03-30,Headphones,West,Retail,7,1711.38,0.01,48,6.7,2750.16,1.05,11859.86,0.442,5242.06,3,2023,1,0,4,2
ORD-03679,2023-03-30,Tablet,Central,Retail,10,793.11,0.21,58,4.3,749.04,0.98,6265.57,0.262,1641.58,3,2023,1,6,0,2
ORD-03680,2023-03-30,Headphones,Central,Retail,7,1508.61,0.06,64,0.6,4460.89,1.0,9926.65,0.224,2223.57,3,2023,1,0,0,2
ORD-03681,2023-03-30,Laptop,Central,Enterprise,18,391.64,0.13,61,6.1,2979.97,1.09,6133.08,0.373,2287.64,3,2023,1,2,0,0
ORD-03682,2023-03-31,Mouse,East,Enterprise,9,877.62,0.19,21,2.1,1249.56,0.83,6397.85,0.387,2475.97,3,2023,1,4,1,0
ORD-03683,2023-03-31,Tablet,East,Enterprise,18,273.97,0.26,20,8.5,1604.51,1.05,3649.28,0.494,1802.74,3,2023,1,6,1,0
ORD-03684,2023-03-31,Webcam,East,Enterprise,17,320.31,0.14,54,5.5,2631.49,0.84,4682.93,0.379,1774.83,3,2023,1,7,1,0
ORD-03685,2023-03-31,Headphones,South,SMB,11,1254.0,0.24,42,7.3,3654.21,1.14,10483.44,0.196,2054.75,3,2023,1,0,3,3
ORD-03686,2023-03-31,Mouse,East,Enterprise,1,1234.59,0.23,66,6.7,2488.72,1.18,950.63,0.124,117.88,3,2023,1,4,1,0
ORD-03687,2023-03-31,Monitor,East,SMB,17,466.08,0.12,54,3.5,1027.4,1.11,6972.56,0.203,1415.43,3,2023,1,3,1,3
ORD-03688,2023-04-01,Monitor,East,Retail,4,975.13,0.15,21,7.6,3569.84,1.09,3315.44,0.191,633.25,4,2023,2,3,1,2
ORD-03689,2023-04-01,Monitor,West,SMB,4,1733.45,0.21,56,8.4,679.98,1.18,5477.7,0.137,750.44,4,2023,2,3,4,3
ORD-03690,2023-04-01,Keyboard,East,Online,14,389.69,0.01,24,7.4,4066.1,0.89,5401.1,0.278,1501.51,4,2023,2,1,1,1
ORD-03691,2023-04-01,Tablet,South,Enterprise,9,87.46,0.27,24,7.8,2038.44,0.89,574.61,0.215,123.54,4,2023,2,6,3,0
ORD-03692,2023-04-01,Laptop,Central,Online,13,1321.39,0.23,66,3.6,3298.28,0.99,13227.11,0.47,6216.74,4,2023,2,2,0,1
ORD-03693,2023-04-01,Webcam,West,SMB,16,154.32,0.07,42,9.4,1789.03,0.8,2296.28,0.262,601.63,4,2023,2,7,4,3
ORD-03694,2023-04-02,Laptop,North,Enterprise,1,1960.88,0.29,32,4.2,3378.46,1.19,1392.22,0.451,627.89,4,2023,2,2,2,0
ORD-03695,2023-04-02,Keyboard,East,Online,3,1238.76,0.05,24,9.0,4457.02,0.81,3530.47,0.223,787.29,4,2023,2,1,1,1
ORD-03696,2023-04-02,Laptop,Central,Enterprise,19,967.27,0.27,64,8.6,3536.88,1.04,13416.03,0.433,5809.14,4,2023,2,2,0,0
ORD-03697,2023-04-02,Headphones,Central,SMB,8,888.49,0.1,69,1.2,3389.9,0.94,6397.13,0.282,1803.99,4,2023,2,0,0,3
ORD-03698,2023-04-02,Monitor,West,Online,18,1167.49,0.23,21,9.7,3811.31,0.84,16181.41,0.113,1828.5,4,2023,2,3,4,1
ORD-03699,2023-04-02,Webcam,North,SMB,6,226.72,0.14,51,10.0,2551.04,0.81,1169.88,0.295,345.11,4,2023,2,7,2,3
ORD-03700,2023-04-02,Tablet,South,Online,6,1863.54,0.22,62,6.1,1179.43,0.9,8721.37,0.191,1665.78,4,2023,2,6,3,1
ORD-03701,2023-04-02,Laptop,Central,Retail,5,1270.0,0.05,61,7.8,4096.06,0.84,6032.5,0.223,1345.25,4,2023,2,2,0,2
ORD-03702,2023-04-03,Laptop,Central,Retail,12,408.76,0.08,59,9.3,3277.56,1.18,4512.71,0.374,1687.75,4,2023,2,2,0,2
ORD-03703,2023-04-03,Phone,Central,Retail,9,1147.03,0.03,36,0.2,1637.72,0.9,10013.57,0.312,3124.23,4,2023,2,5,0,2
ORD-03704,2023-04-03,Phone,Central,Retail,9,309.85,0.26,64,9.3,1451.76,0.84,2063.6,0.455,938.94,4,2023,2,5,0,2
ORD-03705,2023-04-03,Phone,West,Retail,17,84.23,0.09,66,6.3,2549.65,1.11,1303.04,0.474,617.64,4,2023,2,5,4,2
ORD-03706,2023-04-03,Tablet,North,SMB,19,1279.51,0.21,55,8.3,1115.8,0.97,19205.45,0.376,7221.25,4,2023,2,6,2,3
ORD-03707,2023-04-04,Monitor,Central,Retail,17,1314.54,0.25,44,5.4,4403.37,1.14,16760.39,0.445,7458.37,4,2023,2,3,0,2
ORD-03708,2023-04-04,Mouse,South,SMB,16,1188.21,0.27,22,5.3,3964.01,1.14,13878.29,0.178,2470.34,4,2023,2,4,3,3
ORD-03709,2023-04-04,Monitor,South,Retail,12,407.79,0.03,30,9.0,1610.74,1.2,4746.68,0.132,626.56,4,2023,2,3,3,2
ORD-03710,2023-04-05,Webcam,East,Enterprise,3,1226.69,0.27,63,5.1,342.08,1.12,2686.45,0.233,625.94,4,2023,2,7,1,0
ORD-03711,2023-04-05,Monitor,Central,Retail,14,160.2,0.06,31,4.7,354.15,0.89,2108.23,0.23,484.89,4,2023,2,3,0,2
ORD-03712,2023-04-05,Tablet,Central,Enterprise,17,1238.01,0.22,47,6.1,1555.89,1.03,16416.01,0.366,6008.26,4,2023,2,6,0,0
ORD-03713,2023-04-05,Headphones,Central,SMB,16,1130.33,0.22,64,5.2,822.79,1.01,14106.52,0.436,6150.44,4,2023,2,0,0,3
ORD-03714,2023-04-05,Headphones,Central,Retail,12,1327.75,0.0,65,4.5,4379.33,1.0,15933.0,0.219,3489.33,4,2023,2,0,0,2
ORD-03715,2023-04-05,Tablet,Central,Online,2,1796.18,0.07,27,1.8,2161.84,0.92,3340.89,0.27,902.04,4,2023,2,6,0,1
ORD-03716,2023-04-05,Phone,South,SMB,8,1708.2,0.15,49,4.0,1805.33,0.88,11615.76,0.142,1649.44,4,2023,2,5,3,3
ORD-03717,2023-04-06,Laptop,North,Retail,12,1962.28,0.13,18,2.8,1167.71,1.09,20486.2,0.265,5428.84,4,2023,2,2,2,2
ORD-03718,2023-04-06,Keyboard,North,SMB,16,1953.67,0.28,41,4.0,4221.89,0.84,22506.28,0.186,4186.17,4,2023,2,1,2,3
ORD-03719,2023-04-06,Keyboard,East,Online,8,1556.02,0.11,46,5.9,3983.09,0.82,11078.86,0.253,2802.95,4,2023,2,1,1,1
ORD-03720,2023-04-06,Mouse,South,Retail,16,1915.02,0.28,60,6.1,1983.2,0.95,22061.03,0.207,4566.63,4,2023,2,4,3,2
ORD-03721,2023-04-07,Laptop,Central,Online,10,1741.2,0.14,24,2.4,929.85,1.1,14974.32,0.423,6334.14,4,2023,2,2,0,1
ORD-03722,2023-04-07,Mouse,North,Retail,15,1468.79,0.29,48,0.8,4764.74,1.15,15642.61,0.102,1595.55,4,2023,2,4,2,2
ORD-03723,2023-04-07,Phone,West,Enterprise,4,197.0,0.22,34,7.4,1647.71,1.02,614.64,0.235,144.44,4,2023,2,5,4,0
ORD-03724,2023-04-07,Mouse,West,SMB,15,145.65,0.25,47,5.3,3878.35,1.14,1638.56,0.488,799.62,4,2023,2,4,4,3
ORD-03725,2023-04-07,Laptop,West,Online,4,1683.32,0.03,42,4.4,2368.94,0.81,6531.28,0.372,2429.64,4,2023,2,2,4,1
ORD-03726,2023-04-08,Webcam,Central,SMB,11,1004.83,0.18,45,1.3,3930.07,0.98,9063.57,0.409,3707.0,4,2023,2,7,0,3
ORD-03727,2023-04-08,Laptop,Central,Online,6,1638.48,0.04,53,4.1,2459.89,0.85,9437.64,0.444,4190.31,4,2023,2,2,0,1
ORD-03728,2023-04-08,Keyboard,East,SMB,4,660.19,0.09,24,8.2,4635.24,1.03,2403.09,0.245,588.76,4,2023,2,1,1,3
ORD-03729,2023-04-08,Headphones,East,SMB,9,825.42,0.19,52,5.8,4022.07,1.17,6017.31,0.126,758.18,4,2023,2,0,1,3
ORD-03730,2023-04-08,Phone,East,SMB,9,1415.36,0.22,37,0.9,1375.42,0.8,9935.83,0.264,2623.06,4,2023,2,5,1,3
ORD-03731,2023-04-08,Webcam,West,Enterprise,3,1834.89,0.01,31,3.3,2208.85,1.07,5449.62,0.361,1967.31,4,2023,2,7,4,0
ORD-03732,2023-04-09,Tablet,Central,Retail,5,221.13,0.16,67,9.8,592.89,1.12,928.75,0.248,230.33,4,2023,2,6,0,2
ORD-03733,2023-04-09,Webcam,West,Enterprise,15,1729.88,0.17,67,5.4,4527.01,1.1,21537.01,0.279,6008.83,4,2023,2,7,4,0
ORD-03734,2023-04-10,Webcam,East,SMB,9,1596.37,0.02,47,2.9,439.55,0.81,14079.98,0.43,6054.39,4,2023,2,7,1,3
ORD-03735,2023-04-10,Mouse,Central,Online,2,665.3,0.15,18,9.1,189.38,0.87,1131.01,0.114,128.94,4,2023,2,4,0,1
ORD-03736,2023-04-10,Keyboard,South,SMB,3,742.67,0.21,55,3.4,2532.52,0.84,1760.13,0.234,411.87,4,2023,2,1,3,3
ORD-03737,2023-04-11,Mouse,North,Retail,12,140.6,0.02,58,7.3,3055.33,0.83,1653.46,0.295,487.77,4,2023,2,4,2,2
ORD-03738,2023-04-11,Mouse,North,Enterprise,16,80.69,0.23,42,1.5,1193.75,1.09,994.1,0.22,218.7,4,2023,2,4,2,0
ORD-03739,2023-04-11,Tablet,East,Retail,5,980.16,0.17,51,1.6,2895.69,0.97,4067.66,0.278,1130.81,4,2023,2,6,1,2
ORD-03740,2023-04-11,Phone,West,Online,10,236.3,0.25,25,5.6,4488.25,1.09,1772.25,0.261,462.56,4,2023,2,5,4,1
ORD-03741,2023-04-11,Laptop,South,Retail,15,428.3,0.07,37,2.4,3167.96,0.94,5974.78,0.47,2808.15,4,2023,2,2,3,2
ORD-03742,2023-04-11,Monitor,Central,Enterprise,14,1701.2,0.25,47,0.5,2333.13,0.85,17862.6,0.297,5305.19,4,2023,2,3,0,0
ORD-03743,2023-04-11,Mouse,West,Online,14,1163.51,0.03,21,9.3,807.7,1.09,15800.47,0.291,4597.94,4,2023,2,4,4,1
ORD-03744,2023-04-12,Monitor,East,Retail,13,1285.58,0.12,38,0.6,927.81,1.05,14707.04,0.202,2970.82,4,2023,2,3,1,2
ORD-03745,2023-04-12,Phone,West,Enterprise,16,415.58,0.06,44,7.2,2473.34,0.85,6250.32,0.119,743.79,4,2023,2,5,4,0
ORD-03746,2023-04-12,Monitor,East,Enterprise,8,1665.89,0.26,27,3.3,2369.29,1.17,9862.07,0.22,2169.66,4,2023,2,3,1,0
ORD-03747,2023-04-13,Mouse,North,SMB,8,1742.56,0.21,40,9.3,2659.7,0.92,11012.98,0.111,1222.44,4,2023,2,4,2,3
ORD-03748,2023-04-13,Tablet,North,Retail,17,1070.49,0.01,50,9.9,2588.66,1.06,18016.35,0.431,7765.05,4,2023,2,6,2,2
ORD-03749,2023-04-13,Monitor,West,Online,17,1829.49,0.0,28,3.4,1772.27,0.81,31101.33,0.182,5660.44,4,2023,2,3,4,1
ORD-03750,2023-04-13,Phone,South,SMB,3,1697.42,0.09,58,5.9,3509.73,0.98,4633.96,0.464,2150.16,4,2023,2,5,3,3
ORD-03751,2023-04-13,Phone,Central,Retail,1,1476.08,0.04,36,7.7,1139.83,1.19,1417.04,0.454,643.34,4,2023,2,5,0,2
ORD-03752,2023-04-13,Headphones,East,Retail,17,1481.45,0.19,28,1.2,4276.41,1.15,20399.57,0.366,7466.24,4,2023,2,0,1,2
ORD-03753,2023-04-13,Headphones,Central,Online,16,255.52,0.2,21,7.1,1052.54,0.89,3270.66,0.445,1455.44,4,2023,2,0,0,1
ORD-03754,2023-04-14,Tablet,North,SMB,17,578.13,0.28,40,9.1,2137.85,1.15,7076.31,0.451,3191.42,4,2023,2,6,2,3
ORD-03755,2023-04-14,Monitor,South,SMB,2,180.35,0.29,22,1.8,1132.64,0.92,256.1,0.411,105.26,4,2023,2,3,3,3
ORD-03756,2023-04-14,Monitor,South,Online,14,66.93,0.2,66,8.4,3130.42,1.14,749.62,0.303,227.13,4,2023,2,3,3,1
ORD-03757,2023-04-15,Headphones,Central,SMB,7,358.7,0.0,67,1.2,2440.42,1.09,2510.9,0.48,1205.23,4,2023,2,0,0,3
ORD-03758,2023-04-15,Laptop,North,Enterprise,19,1766.95,0.11,22,5.7,1934.14,0.94,29879.12,0.427,12758.38,4,2023,2,2,2,0
ORD-03759,2023-04-16,Keyboard,Central,Online,1,517.75,0.15,35,3.4,2428.15,1.16,440.09,0.151,66.45,4,2023,2,1,0,1
ORD-03760,2023-04-16,Phone,West,Retail,17,1941.8,0.15,34,4.7,2164.08,0.99,28059.01,0.268,7519.81,4,2023,2,5,4,2
ORD-03761,2023-04-16,Laptop,South,Online,10,1214.72,0.18,20,3.0,4290.31,0.93,9960.7,0.316,3147.58,4,2023,2,2,3,1
ORD-03762,2023-04-16,Phone,South,Enterprise,6,512.65,0.29,60,2.6,708.91,0.91,2183.89,0.312,681.37,4,2023,2,5,3,0
ORD-03763,2023-04-16,Webcam,West,Online,7,1019.41,0.27,66,7.4,3986.59,1.18,5209.19,0.252,1312.72,4,2023,2,7,4,1
ORD-03764,2023-04-17,Webcam,North,Retail,6,477.23,0.03,25,2.2,3311.11,1.1,2777.48,0.313,869.35,4,2023,2,7,2,2
ORD-03765,2023-04-17,Laptop,South,Retail,5,1968.75,0.08,57,4.1,1806.77,0.94,9056.25,0.137,1240.71,4,2023,2,2,3,2
ORD-03766,2023-04-17,Webcam,East,Online,2,1702.17,0.25,40,2.7,4603.6,0.9,2553.26,0.362,924.28,4,2023,2,7,1,1
ORD-03767,2023-04-17,Headphones,East,Online,18,101.17,0.25,40,2.4,967.03,0.88,1365.8,0.299,408.37,4,2023,2,0,1,1
ORD-03768,2023-04-17,Headphones,North,Enterprise,17,1898.16,0.08,19,6.3,1620.41,0.9,29687.22,0.415,12320.2,4,2023,2,0,2,0
ORD-03769,2023-04-17,Keyboard,West,Enterprise,7,1456.08,0.22,56,0.5,1936.72,0.84,7950.2,0.377,2997.23,4,2023,2,1,4,0
ORD-03770,2023-04-17,Laptop,Central,Retail,19,210.64,0.2,38,7.9,3274.2,0.99,3201.73,0.145,464.25,4,2023,2,2,0,2
ORD-03771,2023-04-18,Phone,North,SMB,7,1357.74,0.14,69,5.5,4737.42,0.82,8173.59,0.24,1961.66,4,2023,2,5,2,3
ORD-03772,2023-04-18,Monitor,Central,SMB,7,1311.51,0.06,41,8.3,3007.89,0.8,8629.74,0.394,3400.12,4,2023,2,3,0,3
ORD-03773,2023-04-18,Phone,North,SMB,16,476.64,0.27,55,2.1,4295.9,1.05,5567.16,0.235,1308.28,4,2023,2,5,2,3
ORD-03774,2023-04-18,Mouse,East,SMB,12,1528.97,0.2,37,7.1,4534.37,0.84,14678.11,0.327,4799.74,4,2023,2,4,1,3
ORD-03775,2023-04-18,Headphones,West,Retail,15,219.78,0.05,67,4.2,2385.67,1.14,3131.86,0.485,1518.95,4,2023,2,0,4,2
ORD-03776,2023-04-18,Tablet,East,SMB,15,1004.42,0.21,56,0.8,2414.93,0.84,11902.38,0.132,1571.11,4,2023,2,6,1,3
ORD-03777,2023-04-19,Tablet,West,SMB,11,69.35,0.22,67,7.5,1324.99,1.02,595.02,0.176,104.72,4,2023,2,6,4,3
ORD-03778,2023-04-19,Headphones,Central,Online,2,1939.04,0.27,44,7.6,3047.77,1.07,2831.0,0.292,826.65,4,2023,2,0,0,1
ORD-03779,2023-04-20,Mouse,North,SMB,3,1515.55,0.07,61,2.7,688.14,0.89,4228.38,0.395,1670.21,4,2023,2,4,2,3
ORD-03780,2023-04-20,Tablet,South,Online,19,359.76,0.3,56,9.2,3208.21,1.16,4784.81,0.232,1110.08,4,2023,2,6,3,1
ORD-03781,2023-04-20,Webcam,South,Retail,15,716.26,0.05,24,7.6,4475.2,0.99,10206.7,0.147,1500.38,4,2023,2,7,3,2
ORD-03782,2023-04-20,Headphones,West,Online,16,363.1,0.18,50,3.1,3827.85,0.93,4763.87,0.226,1076.63,4,2023,2,0,4,1
ORD-03783,2023-04-21,Tablet,West,Enterprise,1,1544.9,0.2,46,2.4,3281.02,1.16,1235.92,0.358,442.46,4,2023,2,6,4,0
ORD-03784,2023-04-21,Headphones,East,Online,15,164.85,0.13,27,4.4,4208.18,1.14,2151.29,0.417,897.09,4,2023,2,0,1,1
ORD-03785,2023-04-21,Keyboard,South,SMB,12,1688.79,0.14,27,2.9,3676.09,1.08,17428.31,0.491,8557.3,4,2023,2,1,3,3
ORD-03786,2023-04-21,Monitor,East,Online,7,1887.28,0.27,29,2.2,2695.34,0.92,9644.0,0.405,3905.82,4,2023,2,3,1,1
ORD-03787,2023-04-21,Monitor,Central,Online,7,1369.42,0.19,20,4.0,2653.22,0.96,7764.61,0.297,2306.09,4,2023,2,3,0,1
ORD-03788,2023-04-22,Phone,South,Retail,11,465.28,0.15,20,0.3,624.32,1.08,4350.37,0.217,944.03,4,2023,2,5,3,2
ORD-03789,2023-04-22,Mouse,Central,Retail,11,752.18,0.04,30,4.0,2228.63,0.87,7943.02,0.471,3741.16,4,2023,2,4,0,2
ORD-03790,2023-04-22,Headphones,North,SMB,17,980.62,0.0,62,2.2,2660.0,1.0,16670.54,0.314,5234.55,4,2023,2,0,2,3
ORD-03791,2023-04-22,Laptop,East,Enterprise,3,1229.02,0.04,48,2.6,2402.59,1.1,3539.58,0.376,1330.88,4,2023,2,2,1,0
ORD-03792,2023-04-23,Phone,West,Enterprise,16,1353.89,0.29,44,0.8,3902.47,1.06,15380.19,0.289,4444.87,4,2023,2,5,4,0
ORD-03793,2023-04-23,Phone,South,Online,5,1130.72,0.23,23,5.9,888.71,1.09,4353.27,0.197,857.59,4,2023,2,5,3,1
ORD-03794,2023-04-23,Headphones,East,Enterprise,2,735.06,0.29,44,4.7,3995.0,1.16,1043.79,0.319,332.97,4,2023,2,0,1,0
ORD-03795,2023-04-24,Headphones,West,Retail,7,1787.29,0.01,52,7.5,3734.15,1.19,12385.92,0.436,5400.26,4,2023,2,0,4,2
ORD-03796,2023-04-24,Phone,North,SMB,10,208.71,0.2,64,9.9,4514.03,0.98,1669.68,0.253,422.43,4,2023,2,5,2,3
ORD-03797,2023-04-24,Phone,South,SMB,5,959.2,0.01,26,1.2,1929.93,0.82,4748.04,0.367,1742.53,4,2023,2,5,3,3
ORD-03798,2023-04-24,Monitor,Central,Retail,15,1562.35,0.23,23,2.7,965.06,1.13,18045.14,0.117,2111.28,4,2023,2,3,0,2
ORD-03799,2023-04-24,Laptop,North,SMB,12,168.7,0.11,23,6.8,3817.28,0.85,1801.72,0.475,855.82,4,2023,2,2,2,3
ORD-03800,2023-04-24,Webcam,West,Online,10,1425.4,0.03,57,2.4,2983.31,0.89,13826.38,0.488,6747.27,4,2023,2,7,4,1
ORD-03801,2023-04-24,Phone,South,SMB,17,1648.44,0.17,43,0.3,3591.21,1.06,23259.49,0.255,5931.17,4,2023,2,5,3,3
ORD-03802,2023-04-25,Webcam,South,Enterprise,11,1338.62,0.08,60,1.1,4984.03,1.1,13546.83,0.299,4050.5,4,2023,2,7,3,0
ORD-03803,2023-04-25,Monitor,North,SMB,8,75.23,0.2,36,4.3,1053.24,1.08,481.47,0.164,78.96,4,2023,2,3,2,3
ORD-03804,2023-04-25,Phone,South,SMB,15,401.27,0.2,33,4.3,2114.15,0.98,4815.24,0.178,857.11,4,2023,2,5,3,3
ORD-03805,2023-04-25,Tablet,West,Retail,2,717.12,0.21,58,9.7,1044.21,1.17,1133.05,0.341,386.37,4,2023,2,6,4,2
ORD-03806,2023-04-25,Phone,North,Retail,17,505.7,0.3,40,4.7,4317.05,1.13,6017.83,0.351,2112.26,4,2023,2,5,2,2
ORD-03807,2023-04-25,Headphones,Central,Enterprise,6,1927.17,0.12,28,6.8,183.21,1.07,10175.46,0.237,2411.58,4,2023,2,0,0,0
ORD-03808,2023-04-26,Mouse,North,Retail,13,1320.61,0.14,33,4.9,762.59,0.98,14764.42,0.25,3691.1,4,2023,2,4,2,2
ORD-03809,2023-04-26,Mouse,North,Enterprise,8,629.09,0.24,46,2.7,1314.56,0.99,3824.87,0.302,1155.11,4,2023,2,4,2,0
ORD-03810,2023-04-26,Phone,Central,Online,11,1862.91,0.17,55,1.1,3879.48,0.87,17008.37,0.476,8095.98,4,2023,2,5,0,1
ORD-03811,2023-04-26,Keyboard,West,Enterprise,15,1494.16,0.01,66,8.6,3179.43,1.11,22188.28,0.16,3550.12,4,2023,2,1,4,0
ORD-03812,2023-04-27,Tablet,East,SMB,13,604.98,0.25,65,1.5,2004.2,1.15,5898.56,0.321,1893.44,4,2023,2,6,1,3
ORD-03813,2023-04-27,Laptop,East,Enterprise,18,788.82,0.02,37,1.0,877.63,1.13,13914.78,0.123,1711.52,4,2023,2,2,1,0
ORD-03814,2023-04-27,Phone,Central,Online,18,438.89,0.05,38,2.1,1675.88,1.02,7505.02,0.283,2123.92,4,2023,2,5,0,1
ORD-03815,2023-04-27,Webcam,West,SMB,17,1943.59,0.03,45,0.0,3742.76,1.14,32049.8,0.259,8300.9,4,2023,2,7,4,3
ORD-03816,2023-04-28,Laptop,South,Enterprise,13,1058.73,0.02,67,0.7,1971.56,1.12,13488.22,0.166,2239.04,4,2023,2,2,3,0
ORD-03817,2023-04-28,Tablet,Central,Retail,3,1797.31,0.01,50,6.4,2366.72,1.13,5338.01,0.166,886.11,4,2023,2,6,0,2
ORD-03818,2023-04-28,Phone,East,Retail,7,725.67,0.02,67,2.4,3082.27,1.19,4978.1,0.28,1393.87,4,2023,2,5,1,2
ORD-03819,2023-04-28,Keyboard,West,Retail,12,1728.64,0.13,57,3.4,4573.15,1.12,18047.0,0.151,2725.1,4,2023,2,1,4,2
ORD-03820,2023-04-28,Monitor,North,Enterprise,4,155.08,0.08,43,8.4,1325.52,0.91,570.69,0.218,124.41,4,2023,2,3,2,0
ORD-03821,2023-04-28,Keyboard,West,Enterprise,11,1965.08,0.04,27,7.7,2295.18,1.13,20751.24,0.128,2656.16,4,2023,2,1,4,0
ORD-03822,2023-04-29,Headphones,West,Online,14,1828.47,0.2,51,4.9,1620.57,0.95,20478.86,0.219,4484.87,4,2023,2,0,4,1
ORD-03823,2023-04-29,Keyboard,East,SMB,18,758.25,0.07,26,6.1,2384.32,1.01,12693.1,0.313,3972.94,4,2023,2,1,1,3
ORD-03824,2023-04-29,Webcam,East,SMB,7,1560.71,0.01,53,0.9,3512.66,1.12,10815.72,0.398,4304.66,4,2023,2,7,1,3
ORD-03825,2023-04-29,Monitor,South,SMB,5,1516.9,0.13,28,7.6,2462.11,0.93,6598.52,0.432,2850.56,4,2023,2,3,3,3
ORD-03826,2023-04-29,Headphones,South,SMB,16,1807.45,0.09,27,5.2,4189.23,0.81,26316.47,0.235,6184.37,4,2023,2,0,3,3
ORD-03827,2023-04-29,Monitor,Central,Enterprise,11,649.15,0.1,63,5.7,2810.96,1.09,6426.58,0.476,3059.05,4,2023,2,3,0,0
ORD-03828,2023-04-29,Mouse,North,Enterprise,3,957.76,0.13,24,6.7,1990.25,1.16,2499.75,0.196,489.95,4,2023,2,4,2,0
ORD-03829,2023-04-29,Monitor,South,Online,16,1736.75,0.2,68,5.0,3933.37,1.17,22230.4,0.132,2934.41,4,2023,2,3,3,1
ORD-03830,2023-04-30,Phone,East,SMB,11,1568.23,0.18,55,5.2,2213.49,1.12,14145.43,0.47,6648.35,4,2023,2,5,1,3
ORD-03831,2023-04-30,Laptop,West,Enterprise,10,817.26,0.28,33,5.0,2626.21,1.17,5884.27,0.316,1859.43,4,2023,2,2,4,0
ORD-03832,2023-04-30,Mouse,Central,Enterprise,2,1699.16,0.16,68,5.0,4973.88,1.13,2854.59,0.241,687.96,4,2023,2,4,0,0
ORD-03833,2023-04-30,Mouse,South,Enterprise,16,141.56,0.14,43,7.5,3953.52,0.81,1947.87,0.459,894.07,4,2023,2,4,3,0
ORD-03834,2023-04-30,Laptop,West,Enterprise,17,1574.99,0.06,49,4.3,4290.2,0.94,25168.34,0.41,10319.02,4,2023,2,2,4,0
ORD-03835,2023-05-01,Webcam,West,SMB,10,453.19,0.23,48,0.0,3004.97,0.93,3489.56,0.433,1510.98,5,2023,2,7,4,3
ORD-03836,2023-05-01,Mouse,South,SMB,18,607.94,0.04,68,6.1,1806.26,0.89,10505.2,0.217,2279.63,5,2023,2,4,3,3
ORD-03837,2023-05-01,Monitor,North,Enterprise,12,1011.77,0.15,49,9.5,4957.22,1.12,10320.05,0.449,4633.7,5,2023,2,3,2,0
ORD-03838,2023-05-01,Keyboard,North,Retail,8,926.98,0.13,62,2.6,1295.7,1.01,6451.78,0.36,2322.64,5,2023,2,1,2,2
ORD-03839,2023-05-02,Tablet,Central,Online,3,1065.11,0.2,29,8.2,4376.8,1.13,2556.26,0.395,1009.72,5,2023,2,6,0,1
ORD-03840,2023-05-02,Webcam,North,SMB,3,1112.31,0.28,44,4.6,4565.38,1.04,2402.59,0.225,540.58,5,2023,2,7,2,3
ORD-03841,2023-05-02,Monitor,Central,SMB,6,696.48,0.28,39,6.4,4106.02,1.04,3008.79,0.198,595.74,5,2023,2,3,0,3
ORD-03842,2023-05-02,Headphones,East,Retail,2,391.69,0.05,32,8.9,659.01,0.95,744.21,0.263,195.73,5,2023,2,0,1,2
ORD-03843,2023-05-02,Headphones,South,SMB,3,1548.54,0.08,25,7.7,4285.15,1.12,4273.97,0.33,1410.41,5,2023,2,0,3,3
ORD-03844,2023-05-03,Keyboard,West,Retail,17,829.95,0.24,21,8.8,3352.51,1.07,10722.95,0.366,3924.6,5,2023,2,1,4,2
ORD-03845,2023-05-03,Webcam,Central,Retail,9,1036.39,0.16,69,0.1,3436.04,0.94,7835.11,0.299,2342.7,5,2023,2,7,0,2
ORD-03846,2023-05-03,Webcam,North,Enterprise,4,1307.16,0.14,25,1.9,3954.0,1.2,4496.63,0.38,1708.72,5,2023,2,7,2,0
ORD-03847,2023-05-03,Keyboard,Central,SMB,2,1823.79,0.21,40,4.2,2503.63,0.99,2881.59,0.383,1103.65,5,2023,2,1,0,3
ORD-03848,2023-05-03,Webcam,Central,Online,9,1429.73,0.18,33,8.5,1409.07,0.93,10551.41,0.366,3861.82,5,2023,2,7,0,1
ORD-03849,2023-05-04,Mouse,North,Retail,14,138.65,0.29,65,8.4,2917.17,1.08,1378.18,0.2,275.64,5,2023,2,4,2,2
ORD-03850,2023-05-04,Phone,North,Online,11,1685.19,0.18,51,1.9,632.51,0.89,15200.41,0.279,4240.91,5,2023,2,5,2,1
ORD-03851,2023-05-04,Phone,South,Enterprise,2,1979.24,0.14,39,1.4,3406.55,1.13,3404.29,0.406,1382.14,5,2023,2,5,3,0
ORD-03852,2023-05-04,Webcam,West,SMB,2,971.35,0.16,66,8.3,2466.41,1.07,1631.87,0.455,742.5,5,2023,2,7,4,3
ORD-03853,2023-05-05,Mouse,South,Enterprise,5,1940.7,0.24,40,5.4,2561.42,1.15,7374.66,0.3,2212.4,5,2023,2,4,3,0
ORD-03854,2023-05-05,Mouse,South,Enterprise,7,1117.29,0.18,22,6.3,1010.53,0.93,6413.24,0.495,3174.55,5,2023,2,4,3,0
ORD-03855,2023-05-05,Laptop,North,Online,4,946.25,0.19,54,8.1,302.29,1.14,3065.85,0.17,521.19,5,2023,2,2,2,1
ORD-03856,2023-05-05,Laptop,North,Online,14,696.24,0.29,61,2.1,3095.22,1.0,6920.63,0.19,1314.92,5,2023,2,2,2,1
ORD-03857,2023-05-06,Tablet,West,Retail,2,1332.23,0.19,24,1.4,3328.27,0.82,2158.21,0.284,612.93,5,2023,2,6,4,2
ORD-03858,2023-05-06,Tablet,Central,SMB,12,498.15,0.11,54,8.6,2541.63,0.88,5320.24,0.303,1612.03,5,2023,2,6,0,3
ORD-03859,2023-05-06,Tablet,South,Enterprise,10,254.62,0.21,43,1.1,3852.08,0.89,2011.5,0.27,543.1,5,2023,2,6,3,0
ORD-03860,2023-05-06,Tablet,West,Retail,1,103.11,0.2,45,0.9,2862.21,1.11,82.49,0.272,22.44,5,2023,2,6,4,2
ORD-03861,2023-05-06,Keyboard,South,Retail,19,620.14,0.0,21,2.8,4256.16,0.88,11782.66,0.295,3475.88,5,2023,2,1,3,2
ORD-03862,2023-05-06,Keyboard,Central,Enterprise,16,821.75,0.14,66,3.2,1511.78,1.02,11307.28,0.228,2578.06,5,2023,2,1,0,0
ORD-03863,2023-05-07,Laptop,South,Enterprise,15,1126.55,0.22,49,2.4,1291.23,1.06,13180.64,0.152,2003.46,5,2023,2,2,3,0
ORD-03864,2023-05-07,Phone,East,Retail,14,620.86,0.15,55,7.4,1379.61,1.11,7388.23,0.482,3561.13,5,2023,2,5,1,2
ORD-03865,2023-05-07,Mouse,West,Enterprise,9,1968.92,0.23,63,9.7,249.54,1.11,13644.62,0.418,5703.45,5,2023,2,4,4,0
ORD-03866,2023-05-07,Headphones,North,Enterprise,15,618.9,0.14,26,2.0,4513.06,1.09,7983.81,0.426,3401.1,5,2023,2,0,2,0
ORD-03867,2023-05-08,Phone,South,Online,7,909.9,0.29,53,7.8,4996.01,0.89,4522.2,0.246,1112.46,5,2023,2,5,3,1
ORD-03868,2023-05-08,Monitor,West,SMB,4,251.39,0.09,43,0.4,4100.96,1.02,915.06,0.262,239.75,5,2023,2,3,4,3
ORD-03869,2023-05-08,Keyboard,West,Retail,18,558.22,0.03,28,1.2,2121.72,0.92,9746.52,0.474,4619.85,5,2023,2,1,4,2
ORD-03870,2023-05-08,Tablet,South,Enterprise,8,144.25,0.13,37,5.2,1834.27,1.11,1003.98,0.489,490.95,5,2023,2,6,3,0
ORD-03871,2023-05-08,Tablet,North,Retail,12,1141.04,0.16,65,10.0,3895.94,1.1,11501.68,0.477,5486.3,5,2023,2,6,2,2
ORD-03872,2023-05-09,Monitor,North,SMB,15,1514.58,0.1,65,9.5,2598.73,0.89,20446.83,0.357,7299.52,5,2023,2,3,2,3
ORD-03873,2023-05-09,Phone,South,Retail,15,431.63,0.07,65,1.1,4703.34,1.06,6021.24,0.197,1186.18,5,2023,2,5,3,2
ORD-03874,2023-05-09,Tablet,West,Retail,17,767.43,0.2,55,2.4,1469.94,0.82,10437.05,0.342,3569.47,5,2023,2,6,4,2
ORD-03875,2023-05-09,Phone,North,Retail,2,82.4,0.11,32,9.5,1686.71,1.11,146.67,0.336,49.28,5,2023,2,5,2,2
ORD-03876,2023-05-09,Mouse,South,Online,12,1687.07,0.19,52,1.5,4994.24,1.11,16398.32,0.463,7592.42,5,2023,2,4,3,1
ORD-03877,2023-05-10,Monitor,South,SMB,3,1570.93,0.23,26,7.4,4893.06,0.94,3628.85,0.225,816.49,5,2023,2,3,3,3
ORD-03878,2023-05-10,Headphones,South,SMB,7,173.35,0.23,50,0.0,4437.44,1.12,934.36,0.18,168.18,5,2023,2,0,3,3
ORD-03879,2023-05-10,Phone,West,Retail,6,761.49,0.11,28,6.3,2082.68,1.14,4066.36,0.206,837.67,5,2023,2,5,4,2
ORD-03880,2023-05-11,Mouse,North,Retail,14,1912.81,0.17,39,4.9,4204.3,0.88,22226.85,0.197,4378.69,5,2023,2,4,2,2
ORD-03881,2023-05-11,Webcam,West,SMB,5,814.45,0.13,23,4.7,1488.63,0.94,3542.86,0.359,1271.89,5,2023,2,7,4,3
ORD-03882,2023-05-11,Webcam,East,Enterprise,4,1076.11,0.26,54,8.3,1348.3,0.9,3185.29,0.425,1353.75,5,2023,2,7,1,0
ORD-03883,2023-05-12,Phone,North,Online,15,742.72,0.26,67,0.8,2777.54,0.95,8244.19,0.247,2036.31,5,2023,2,5,2,1
ORD-03884,2023-05-12,Webcam,West,SMB,7,1212.46,0.1,38,3.8,4315.29,0.98,7638.5,0.171,1306.18,5,2023,2,7,4,3
ORD-03885,2023-05-12,Phone,North,Retail,3,1957.41,0.03,29,4.5,577.62,1.0,5696.06,0.237,1349.97,5,2023,2,5,2,2
ORD-03886,2023-05-12,Tablet,East,Enterprise,13,1995.13,0.05,24,1.2,2870.0,0.81,24639.86,0.319,7860.12,5,2023,2,6,1,0
ORD-03887,2023-05-12,Laptop,Central,Enterprise,10,1560.69,0.11,19,0.9,3087.72,0.82,13890.14,0.366,5083.79,5,2023,2,2,0,0
ORD-03888,2023-05-12,Webcam,South,Enterprise,2,838.41,0.17,56,1.8,2941.01,1.06,1391.76,0.32,445.36,5,2023,2,7,3,0
ORD-03889,2023-05-13,Keyboard,West,Online,12,1014.14,0.2,58,2.4,1170.64,0.98,9735.74,0.203,1976.36,5,2023,2,1,4,1
ORD-03890,2023-05-13,Phone,East,Online,12,745.63,0.1,41,9.7,414.23,0.84,8052.8,0.467,3760.66,5,2023,2,5,1,1
ORD-03891,2023-05-13,Phone,East,SMB,19,1971.87,0.2,43,4.8,4485.46,0.95,29972.42,0.275,8242.42,5,2023,2,5,1,3
ORD-03892,2023-05-13,Phone,North,SMB,19,1430.13,0.28,42,5.1,2915.11,0.99,19564.18,0.284,5556.23,5,2023,2,5,2,3
ORD-03893,2023-05-14,Laptop,North,SMB,3,925.42,0.2,37,7.1,3862.73,1.05,2221.01,0.487,1081.63,5,2023,2,2,2,3
ORD-03894,2023-05-14,Mouse,South,SMB,6,73.62,0.05,57,6.8,1885.74,0.85,419.63,0.447,187.57,5,2023,2,4,3,3
ORD-03895,2023-05-14,Webcam,North,Retail,2,1064.94,0.17,58,5.0,308.26,1.2,1767.8,0.423,747.78,5,2023,2,7,2,2
ORD-03896,2023-05-14,Headphones,West,Online,13,1968.66,0.16,59,3.4,1371.87,0.99,21497.77,0.173,3719.11,5,2023,2,0,4,1
ORD-03897,2023-05-15,Headphones,West,Enterprise,9,1069.97,0.26,61,3.3,459.49,1.07,7126.0,0.435,3099.81,5,2023,2,0,4,0
ORD-03898,2023-05-15,Monitor,West,Retail,13,405.73,0.11,19,0.6,483.38,1.16,4694.3,0.282,1323.79,5,2023,2,3,4,2
ORD-03899,2023-05-15,Tablet,Central,SMB,14,93.08,0.13,59,9.0,1150.85,0.81,1133.71,0.184,208.6,5,2023,2,6,0,3
ORD-03900,2023-05-15,Laptop,West,SMB,19,741.67,0.18,52,7.7,3204.53,1.04,11555.22,0.496,5731.39,5,2023,2,2,4,3
ORD-03901,2023-05-15,Mouse,North,Retail,11,1840.54,0.16,50,6.2,4107.08,1.02,17006.59,0.169,2874.11,5,2023,2,4,2,2
ORD-03902,2023-05-16,Phone,North,Enterprise,14,1993.28,0.22,34,4.0,4124.65,0.82,21766.62,0.469,10208.54,5,2023,2,5,2,0
ORD-03903,2023-05-16,Mouse,West,Online,16,1893.47,0.01,39,5.8,4695.01,1.08,29992.56,0.1,2999.26,5,2023,2,4,4,1
ORD-03904,2023-05-16,Laptop,East,Online,10,1472.37,0.17,18,4.9,3316.27,0.89,12220.67,0.275,3360.68,5,2023,2,2,1,1
ORD-03905,2023-05-16,Laptop,East,Enterprise,16,1138.38,0.04,54,2.7,197.32,1.08,17485.52,0.112,1958.38,5,2023,2,2,1,0
ORD-03906,2023-05-17,Laptop,East,Online,2,1201.84,0.09,47,3.0,1949.27,0.95,2187.35,0.465,1017.12,5,2023,2,2,1,1
ORD-03907,2023-05-17,Monitor,South,SMB,16,1101.03,0.2,63,8.7,646.16,1.11,14093.18,0.15,2113.98,5,2023,2,3,3,3
ORD-03908,2023-05-17,Keyboard,Central,SMB,14,1428.75,0.05,23,6.3,3909.58,1.18,19002.38,0.369,7011.88,5,2023,2,1,0,3
ORD-03909,2023-05-17,Tablet,West,SMB,18,866.8,0.09,58,0.0,686.48,1.14,14198.18,0.352,4997.76,5,2023,2,6,4,3
ORD-03910,2023-05-17,Monitor,South,SMB,6,1354.95,0.21,31,3.3,619.02,0.99,6422.46,0.412,2646.05,5,2023,2,3,3,3
ORD-03911,2023-05-18,Monitor,East,Enterprise,7,287.14,0.2,53,3.4,238.22,0.89,1607.98,0.399,641.58,5,2023,2,3,1,0
ORD-03912,2023-05-18,Webcam,West,Online,13,568.11,0.03,50,7.1,4781.96,1.2,7163.87,0.113,809.52,5,2023,2,7,4,1
ORD-03913,2023-05-18,Keyboard,South,Online,2,1680.21,0.17,55,7.0,3949.98,1.06,2789.15,0.255,711.23,5,2023,2,1,3,1
ORD-03914,2023-05-18,Monitor,North,Retail,15,1812.31,0.04,56,4.6,1733.22,0.96,26097.26,0.229,5976.27,5,2023,2,3,2,2
ORD-03915,2023-05-19,Laptop,East,Enterprise,17,1101.07,0.08,23,9.5,1944.55,0.99,17220.73,0.489,8420.94,5,2023,2,2,1,0
ORD-03916,2023-05-19,Laptop,South,Online,13,111.69,0.14,43,8.7,391.2,0.85,1248.69,0.41,511.96,5,2023,2,2,3,1
ORD-03917,2023-05-19,Webcam,North,Online,7,1857.6,0.03,41,8.7,873.79,1.0,12613.1,0.383,4830.82,5,2023,2,7,2,1
ORD-03918,2023-05-19,Mouse,East,Retail,1,1419.03,0.3,50,3.5,1626.11,0.87,993.32,0.277,275.15,5,2023,2,4,1,2
ORD-03919,2023-05-20,Phone,Central,SMB,3,857.35,0.05,25,4.3,2000.55,0.95,2443.45,0.456,1114.21,5,2023,2,5,0,3
ORD-03920,2023-05-20,Monitor,East,Online,18,1216.84,0.23,61,4.2,3137.88,1.0,16865.4,0.107,1804.6,5,2023,2,3,1,1
ORD-03921,2023-05-20,Phone,Central,SMB,7,888.06,0.25,60,4.4,1816.63,1.18,4662.32,0.191,890.5,5,2023,2,5,0,3
ORD-03922,2023-05-20,Tablet,Central,Retail,17,957.41,0.3,51,8.9,4777.54,1.05,11393.18,0.378,4306.62,5,2023,2,6,0,2
ORD-03923,2023-05-21,Headphones,Central,Online,12,1779.28,0.13,51,2.5,1779.69,0.95,18575.68,0.303,5628.43,5,2023,2,0,0,1
ORD-03924,2023-05-21,Laptop,West,SMB,16,364.11,0.26,41,8.0,4713.82,0.85,4311.06,0.314,1353.67,5,2023,2,2,4,3
ORD-03925,2023-05-21,Mouse,West,Enterprise,10,252.15,0.29,19,5.1,3676.31,1.1,1790.26,0.267,478.0,5,2023,2,4,4,0
ORD-03926,2023-05-21,Tablet,Central,SMB,16,55.32,0.05,25,2.5,4509.5,0.99,840.86,0.167,140.42,5,2023,2,6,0,3
ORD-03927,2023-05-21,Webcam,North,SMB,18,662.3,0.14,42,5.3,3545.47,0.83,10252.4,0.166,1701.9,5,2023,2,7,2,3
ORD-03928,2023-05-21,Mouse,Central,SMB,15,337.46,0.02,47,2.0,2886.06,1.06,4960.66,0.218,1081.42,5,2023,2,4,0,3
ORD-03929,2023-05-21,Headphones,South,SMB,11,478.97,0.19,49,1.1,2594.51,0.94,4267.62,0.287,1224.81,5,2023,2,0,3,3
ORD-03930,2023-05-21,Headphones,Central,Enterprise,18,71.92,0.17,47,8.4,1527.56,0.96,1074.48,0.43,462.03,5,2023,2,0,0,0
ORD-03931,2023-05-22,Webcam,West,Retail,6,493.03,0.06,24,7.0,1561.05,1.14,2780.69,0.279,775.81,5,2023,2,7,4,2
ORD-03932,2023-05-22,Keyboard,West,SMB,1,698.79,0.24,65,2.0,1193.71,0.85,531.08,0.459,243.77,5,2023,2,1,4,3
ORD-03933,2023-05-22,Webcam,South,SMB,7,111.56,0.01,41,9.4,1989.15,0.94,773.11,0.148,114.42,5,2023,2,7,3,3
ORD-03934,2023-05-22,Laptop,South,Online,12,1235.41,0.24,26,0.2,722.17,0.95,11266.94,0.209,2354.79,5,2023,2,2,3,1
ORD-03935,2023-05-22,Tablet,East,Online,4,1159.16,0.01,33,3.3,1999.26,0.8,4590.27,0.128,587.55,5,2023,2,6,1,1
ORD-03936,2023-05-22,Keyboard,North,Enterprise,10,239.22,0.2,19,0.2,4185.34,1.14,1913.76,0.304,581.78,5,2023,2,1,2,0
ORD-03937,2023-05-23,Headphones,North,Enterprise,2,1210.27,0.02,52,1.4,4364.43,1.13,2372.13,0.136,322.61,5,2023,2,0,2,0
ORD-03938,2023-05-23,Tablet,North,Enterprise,9,1997.38,0.08,51,1.8,3249.87,1.06,16538.31,0.418,6913.01,5,2023,2,6,2,0
ORD-03939,2023-05-23,Mouse,West,Online,10,1891.71,0.22,39,8.1,1358.37,1.16,14755.34,0.116,1711.62,5,2023,2,4,4,1
ORD-03940,2023-05-23,Keyboard,North,SMB,11,55.21,0.08,36,9.9,1277.71,0.91,558.73,0.29,162.03,5,2023,2,1,2,3
ORD-03941,2023-05-23,Keyboard,East,Online,14,1600.99,0.15,66,8.7,1461.85,0.89,19051.78,0.268,5105.88,5,2023,2,1,1,1
ORD-03942,2023-05-23,Laptop,East,Retail,3,739.53,0.27,69,6.4,2550.19,0.83,1619.57,0.181,293.14,5,2023,2,2,1,2
ORD-03943,2023-05-24,Webcam,North,Enterprise,1,174.12,0.01,38,7.2,4884.58,1.04,172.38,0.335,57.75,5,2023,2,7,2,0
ORD-03944,2023-05-24,Phone,South,Enterprise,7,627.17,0.24,29,5.2,635.0,1.0,3336.54,0.254,847.48,5,2023,2,5,3,0
ORD-03945,2023-05-24,Mouse,East,Enterprise,4,677.39,0.02,28,4.2,2552.51,1.12,2655.37,0.179,475.31,5,2023,2,4,1,0
ORD-03946,2023-05-24,Mouse,South,Retail,7,1070.33,0.04,69,6.9,3443.0,0.99,7192.62,0.431,3100.02,5,2023,2,4,3,2
ORD-03947,2023-05-25,Webcam,West,SMB,16,1339.11,0.04,36,9.7,1303.74,0.88,20568.73,0.364,7487.02,5,2023,2,7,4,3
ORD-03948,2023-05-25,Keyboard,East,SMB,10,1510.66,0.3,23,0.3,4848.65,1.12,10574.62,0.105,1110.34,5,2023,2,1,1,3
ORD-03949,2023-05-25,Keyboard,South,SMB,15,529.51,0.05,59,3.1,1810.21,0.98,7545.52,0.301,2271.2,5,2023,2,1,3,3
ORD-03950,2023-05-26,Laptop,North,Enterprise,16,677.45,0.27,31,3.3,4668.54,1.18,7912.62,0.209,1653.74,5,2023,2,2,2,0
ORD-03951,2023-05-26,Phone,West,SMB,6,651.34,0.3,50,4.1,3027.04,1.01,2735.63,0.466,1274.8,5,2023,2,5,4,3
ORD-03952,2023-05-26,Mouse,Central,Online,4,757.34,0.12,64,6.3,119.99,0.85,2665.84,0.39,1039.68,5,2023,2,4,0,1
ORD-03953,2023-05-26,Headphones,Central,Enterprise,4,1999.33,0.19,55,5.1,1624.45,1.14,6477.83,0.345,2234.85,5,2023,2,0,0,0
ORD-03954,2023-05-26,Monitor,North,Retail,4,1566.99,0.23,30,0.2,205.59,1.15,4826.33,0.136,656.38,5,2023,2,3,2,2
ORD-03955,2023-05-27,Monitor,West,Retail,17,1951.23,0.12,43,4.1,1969.23,0.98,29190.4,0.472,13777.87,5,2023,2,3,4,2
ORD-03956,2023-05-27,Phone,West,SMB,13,1401.57,0.05,31,6.2,4669.42,0.81,17309.39,0.158,2734.88,5,2023,2,5,4,3
ORD-03957,2023-05-27,Tablet,West,Enterprise,2,842.23,0.13,62,5.0,3917.18,0.81,1465.48,0.28,410.33,5,2023,2,6,4,0
ORD-03958,2023-05-27,Laptop,West,Online,6,810.0,0.23,41,8.7,3138.65,0.94,3742.2,0.372,1392.1,5,2023,2,2,4,1
ORD-03959,2023-05-27,Phone,Central,Online,1,1002.73,0.23,65,4.0,2738.91,1.09,772.1,0.298,230.09,5,2023,2,5,0,1
ORD-03960,2023-05-27,Webcam,South,Enterprise,8,862.9,0.07,18,0.1,1925.65,0.93,6419.98,0.453,2908.25,5,2023,2,7,3,0
ORD-03961,2023-05-27,Webcam,West,SMB,18,1665.24,0.05,63,2.8,1136.54,0.8,28475.6,0.434,12358.41,5,2023,2,7,4,3
ORD-03962,2023-05-28,Monitor,South,Retail,4,956.75,0.28,62,1.4,406.37,1.14,2755.44,0.154,424.34,5,2023,2,3,3,2
ORD-03963,2023-05-28,Keyboard,West,Retail,5,626.45,0.01,47,2.5,1031.72,1.19,3100.93,0.347,1076.02,5,2023,2,1,4,2
ORD-03964,2023-05-28,Monitor,East,Online,5,1560.98,0.22,27,3.6,1822.45,0.94,6087.82,0.121,736.63,5,2023,2,3,1,1
ORD-03965,2023-05-29,Keyboard,East,Online,15,1716.12,0.01,27,6.8,2647.96,0.83,25484.38,0.388,9887.94,5,2023,2,1,1,1
ORD-03966,2023-05-29,Laptop,East,Online,10,869.84,0.25,45,3.2,1101.58,0.92,6523.8,0.394,2570.38,5,2023,2,2,1,1
ORD-03967,2023-05-29,Keyboard,West,Retail,8,1352.23,0.27,21,8.8,4874.21,1.12,7897.02,0.238,1879.49,5,2023,2,1,4,2
ORD-03968,2023-05-30,Phone,South,Online,7,164.67,0.09,31,3.0,476.57,1.02,1048.95,0.415,435.31,5,2023,2,5,3,1
ORD-03969,2023-05-31,Keyboard,Central,Retail,12,1082.46,0.02,29,1.4,564.48,0.95,12729.73,0.361,4595.43,5,2023,2,1,0,2
ORD-03970,2023-05-31,Tablet,North,Retail,11,137.71,0.14,55,1.7,3444.75,0.93,1302.74,0.302,393.43,5,2023,2,6,2,2
ORD-03971,2023-05-31,Webcam,Central,SMB,13,106.92,0.09,64,9.3,3799.8,0.85,1264.86,0.282,356.69,5,2023,2,7,0,3
ORD-03972,2023-05-31,Phone,West,SMB,15,1245.2,0.13,54,4.5,4865.01,0.94,16249.86,0.144,2339.98,5,2023,2,5,4,3
ORD-03973,2023-05-31,Webcam,East,SMB,17,641.5,0.2,27,4.0,2699.18,0.99,8724.4,0.312,2722.01,5,2023,2,7,1,3
ORD-03974,2023-05-31,Laptop,East,Online,18,1497.95,0.06,58,0.7,913.08,1.07,25345.31,0.162,4105.94,5,2023,2,2,1,1
ORD-03975,2023-05-31,Phone,South,Retail,8,1797.36,0.11,44,7.3,4695.85,0.9,12797.2,0.362,4632.59,5,2023,2,5,3,2
ORD-03976,2023-05-31,Tablet,West,Online,6,321.81,0.23,59,6.9,4903.15,1.16,1486.76,0.338,502.52,5,2023,2,6,4,1
ORD-03977,2023-05-31,Laptop,Central,Retail,11,1462.82,0.19,29,3.8,4625.22,0.99,13033.73,0.216,2815.29,5,2023,2,2,0,2
ORD-03978,2023-05-31,Monitor,West,SMB,9,1053.31,0.1,39,6.9,4371.12,0.96,8531.81,0.199,1697.83,5,2023,2,3,4,3
ORD-03979,2023-05-31,Tablet,West,SMB,5,268.63,0.2,21,3.7,480.11,1.04,1074.52,0.29,311.61,5,2023,2,6,4,3
ORD-03980,2023-05-31,Laptop,East,Online,7,1320.61,0.23,46,0.7,4288.88,0.87,7118.09,0.305,2171.02,5,2023,2,2,1,1
ORD-03981,2023-06-01,Headphones,Central,Retail,15,1238.46,0.18,53,7.4,4770.81,0.84,15233.06,0.419,6382.65,6,2023,2,0,0,2
ORD-03982,2023-06-02,Keyboard,North,Online,4,1055.5,0.07,62,9.7,2806.34,0.94,3926.46,0.222,871.67,6,2023,2,1,2,1
ORD-03983,2023-06-02,Phone,East,Enterprise,19,1856.62,0.0,31,6.5,3885.68,0.82,35275.78,0.261,9206.98,6,2023,2,5,1,0
ORD-03984,2023-06-02,Laptop,Central,Online,13,1066.11,0.24,29,2.8,3338.39,0.95,10533.17,0.237,2496.36,6,2023,2,2,0,1
ORD-03985,2023-06-02,Phone,South,SMB,1,1981.5,0.25,62,2.7,1511.48,1.07,1486.12,0.258,383.42,6,2023,2,5,3,3
ORD-03986,2023-06-02,Keyboard,East,Retail,1,1043.0,0.21,37,9.3,2978.85,1.12,823.97,0.327,269.44,6,2023,2,1,1,2
ORD-03987,2023-06-02,Laptop,South,Retail,14,275.91,0.02,62,3.0,4457.93,1.03,3785.49,0.323,1222.71,6,2023,2,2,3,2
ORD-03988,2023-06-02,Monitor,East,Online,9,967.42,0.18,40,7.7,2532.29,1.08,7139.56,0.245,1749.19,6,2023,2,3,1,1
ORD-03989,2023-06-02,Headphones,West,SMB,12,405.54,0.25,39,6.4,2991.71,1.13,3649.86,0.341,1244.6,6,2023,2,0,4,3
ORD-03990,2023-06-03,Headphones,Central,Enterprise,18,1214.41,0.12,51,5.9,2704.17,1.11,19236.25,0.346,6655.74,6,2023,2,0,0,0
ORD-03991,2023-06-03,Tablet,South,Online,9,1401.61,0.06,38,1.8,1483.78,0.93,11857.62,0.311,3687.72,6,2023,2,6,3,1
ORD-03992,2023-06-03,Laptop,East,Retail,8,963.45,0.18,68,0.3,3253.95,1.03,6320.23,0.281,1775.98,6,2023,2,2,1,2
ORD-03993,2023-06-03,Keyboard,South,SMB,14,240.52,0.25,26,4.9,2596.4,0.91,2525.46,0.131,330.84,6,2023,2,1,3,3
ORD-03994,2023-06-03,Laptop,East,Retail,9,963.85,0.01,27,9.9,1239.48,1.03,8587.9,0.317,2722.36,6,2023,2,2,1,2
ORD-03995,2023-06-03,Phone,East,Retail,2,208.84,0.18,66,2.0,4487.35,0.97,342.5,0.385,131.86,6,2023,2,5,1,2
ORD-03996,2023-06-03,Mouse,North,Retail,1,1380.15,0.19,27,5.4,4755.22,0.95,1117.92,0.186,207.93,6,2023,2,4,2,2
ORD-03997,2023-06-04,Webcam,North,Retail,13,1591.22,0.18,69,6.7,371.33,0.87,16962.41,0.411,6971.55,6,2023,2,7,2,2
ORD-03998,2023-06-04,Laptop,North,Enterprise,10,1926.64,0.2,62,4.8,3149.51,1.02,15413.12,0.335,5163.4,6,2023,2,2,2,0
ORD-03999,2023-06-04,Headphones,South,SMB,8,340.16,0.19,69,5.1,2133.72,1.09,2204.24,0.195,429.83,6,2023,2,0,3,3
ORD-04000,2023-06-05,Headphones,West,Online,7,1088.22,0.04,47,6.6,2677.18,1.03,7312.84,0.165,1206.62,6,2023,2,0,4,1
ORD-04001,2023-06-05,Webcam,East,SMB,12,1156.7,0.07,50,8.1,1931.77,0.83,12908.77,0.198,2555.94,6,2023,2,7,1,3
ORD-04002,2023-06-05,Headphones,Central,SMB,17,1848.83,0.19,19,3.3,2424.36,1.17,25458.39,0.404,10285.19,6,2023,2,0,0,3
ORD-04003,2023-06-05,Monitor,North,SMB,12,1273.19,0.01,66,9.0,1684.83,0.8,15125.5,0.2,3025.1,6,2023,2,3,2,3
ORD-04004,2023-06-05,Laptop,South,Online,16,333.74,0.19,49,4.8,676.26,1.15,4325.27,0.373,1613.33,6,2023,2,2,3,1
ORD-04005,2023-06-06,Tablet,South,SMB,10,900.89,0.2,62,6.6,1579.96,1.11,7207.12,0.318,2291.86,6,2023,2,6,3,3
ORD-04006,2023-06-06,Laptop,South,Online,12,1326.79,0.07,34,1.1,3384.63,0.84,14806.98,0.319,4723.43,6,2023,2,2,3,1
ORD-04007,2023-06-06,Mouse,Central,Online,11,1415.55,0.18,45,4.9,346.87,0.89,12768.26,0.441,5630.8,6,2023,2,4,0,1
ORD-04008,2023-06-06,Headphones,Central,Enterprise,14,1732.99,0.16,62,0.2,1975.39,0.94,20379.96,0.45,9170.98,6,2023,2,0,0,0
ORD-04009,2023-06-06,Phone,North,Retail,13,401.99,0.08,34,3.9,307.27,1.16,4807.8,0.315,1514.46,6,2023,2,5,2,2
ORD-04010,2023-06-06,Headphones,Central,Online,2,1905.51,0.14,68,0.5,1845.7,1.19,3277.48,0.126,412.96,6,2023,2,0,0,1
ORD-04011,2023-06-06,Laptop,North,Retail,7,165.32,0.27,31,9.0,529.3,0.83,844.79,0.164,138.55,6,2023,2,2,2,2
ORD-04012,2023-06-06,Monitor,Central,SMB,1,1968.34,0.13,69,6.7,1764.24,0.96,1712.46,0.479,820.27,6,2023,2,3,0,3
ORD-04013,2023-06-07,Keyboard,Central,Retail,3,1722.65,0.19,27,7.9,4206.63,0.86,4186.04,0.154,644.65,6,2023,2,1,0,2
ORD-04014,2023-06-07,Laptop,Central,Retail,12,1337.53,0.01,51,4.7,3105.7,0.91,15889.86,0.434,6896.2,6,2023,2,2,0,2
ORD-04015,2023-06-07,Laptop,North,Retail,5,1483.24,0.02,31,8.5,3443.24,1.19,7267.88,0.316,2296.65,6,2023,2,2,2,2
ORD-04016,2023-06-07,Tablet,East,SMB,12,191.75,0.02,34,8.7,2568.62,1.19,2254.98,0.146,329.23,6,2023,2,6,1,3
ORD-04017,2023-06-07,Monitor,North,SMB,3,130.89,0.23,54,3.6,4619.67,0.99,302.36,0.468,141.5,6,2023,2,3,2,3
ORD-04018,2023-06-08,Mouse,East,Online,5,248.44,0.11,39,3.8,2751.68,0.87,1105.56,0.471,520.72,6,2023,2,4,1,1
ORD-04019,2023-06-08,Keyboard,South,Online,1,220.35,0.07,35,5.1,611.04,1.02,204.93,0.346,70.91,6,2023,2,1,3,1
ORD-04020,2023-06-08,Headphones,South,Enterprise,16,1117.39,0.22,52,0.4,4672.2,0.93,13945.03,0.256,3569.93,6,2023,2,0,3,0
ORD-04021,2023-06-08,Phone,North,SMB,9,470.12,0.05,65,10.0,752.01,1.17,4019.53,0.343,1378.7,6,2023,2,5,2,3
ORD-04022,2023-06-08,Laptop,East,Enterprise,10,1727.4,0.07,68,3.6,4995.93,1.13,16064.82,0.351,5638.75,6,2023,2,2,1,0
ORD-04023,2023-06-08,Mouse,East,SMB,10,919.21,0.13,35,4.7,2233.38,0.92,7997.13,0.349,2791.0,6,2023,2,4,1,3
ORD-04024,2023-06-08,Keyboard,East,Retail,13,1406.25,0.1,69,7.5,460.08,0.81,16453.12,0.393,6466.08,6,2023,2,1,1,2
ORD-04025,2023-06-09,Phone,South,Enterprise,16,1323.1,0.18,47,3.0,4334.1,1.2,17359.07,0.127,2204.6,6,2023,2,5,3,0
ORD-04026,2023-06-09,Mouse,North,Enterprise,4,673.71,0.1,54,2.0,555.13,1.07,2425.36,0.141,341.98,6,2023,2,4,2,0
ORD-04027,2023-06-10,Monitor,West,Enterprise,14,524.18,0.12,57,1.3,954.72,0.97,6457.9,0.213,1375.53,6,2023,2,3,4,0
ORD-04028,2023-06-10,Monitor,East,SMB,17,717.79,0.26,23,5.3,2145.0,0.92,9029.8,0.24,2167.15,6,2023,2,3,1,3
ORD-04029,2023-06-10,Keyboard,East,Online,5,1603.48,0.27,32,0.1,3413.31,0.8,5852.7,0.355,2077.71,6,2023,2,1,1,1
ORD-04030,2023-06-10,Headphones,West,Enterprise,13,1193.24,0.25,52,7.1,693.59,0.86,11634.09,0.169,1966.16,6,2023,2,0,4,0
ORD-04031,2023-06-10,Webcam,North,Online,3,544.4,0.26,43,4.6,3150.86,0.8,1208.57,0.316,381.91,6,2023,2,7,2,1
ORD-04032,2023-06-10,Phone,East,SMB,5,1644.8,0.17,58,5.3,3923.89,1.04,6825.92,0.174,1187.71,6,2023,2,5,1,3
ORD-04033,2023-06-10,Monitor,North,Enterprise,16,156.78,0.19,44,2.6,705.13,1.07,2031.87,0.242,491.71,6,2023,2,3,2,0
ORD-04034,2023-06-10,Webcam,East,SMB,19,1413.41,0.17,47,1.8,3273.1,1.11,22289.48,0.474,10565.21,6,2023,2,7,1,3
ORD-04035,2023-06-10,Keyboard,Central,Online,19,906.25,0.24,28,7.0,4798.49,0.87,13086.25,0.458,5993.5,6,2023,2,1,0,1
ORD-04036,2023-06-11,Monitor,East,Online,17,1476.02,0.17,69,2.1,4840.24,0.84,20826.64,0.481,10017.61,6,2023,2,3,1,1
ORD-04037,2023-06-11,Monitor,Central,Enterprise,18,1858.55,0.03,41,7.8,892.15,1.06,32450.28,0.337,10935.74,6,2023,2,3,0,0
ORD-04038,2023-06-11,Mouse,North,Online,18,1512.57,0.24,31,2.0,3822.55,1.0,20691.96,0.301,6228.28,6,2023,2,4,2,1
ORD-04039,2023-06-11,Webcam,East,Retail,8,911.83,0.23,40,6.1,4248.5,1.15,5616.87,0.44,2471.42,6,2023,2,7,1,2
ORD-04040,2023-06-11,Mouse,South,Retail,18,344.4,0.25,26,6.4,4455.92,1.01,4649.4,0.132,613.72,6,2023,2,4,3,2
ORD-04041,2023-06-11,Monitor,South,Enterprise,9,1622.38,0.06,59,5.1,1686.04,0.98,13725.33,0.491,6739.14,6,2023,2,3,3,0
ORD-04042,2023-06-11,Webcam,West,SMB,19,948.38,0.08,64,10.0,1423.58,1.0,16577.68,0.285,4724.64,6,2023,2,7,4,3
ORD-04043,2023-06-12,Tablet,South,SMB,10,196.86,0.09,35,3.8,334.52,1.11,1791.43,0.37,662.83,6,2023,2,6,3,3
ORD-04044,2023-06-12,Webcam,Central,SMB,2,1452.16,0.15,68,8.8,2057.41,0.81,2468.67,0.391,965.25,6,2023,2,7,0,3
ORD-04045,2023-06-12,Mouse,South,Retail,17,619.11,0.04,56,1.7,707.39,1.17,10103.88,0.352,3556.57,6,2023,2,4,3,2
ORD-04046,2023-06-12,Phone,South,Online,13,145.33,0.12,36,3.4,3952.66,1.09,1662.58,0.457,759.8,6,2023,2,5,3,1
ORD-04047,2023-06-12,Keyboard,South,Retail,11,1810.36,0.05,22,1.5,800.54,1.15,18918.26,0.215,4067.43,6,2023,2,1,3,2
ORD-04048,2023-06-12,Keyboard,East,Online,16,992.05,0.08,35,6.0,4112.64,1.18,14602.98,0.313,4570.73,6,2023,2,1,1,1
ORD-04049,2023-06-13,Headphones,West,Retail,7,597.87,0.21,50,6.4,627.31,0.89,3306.22,0.272,899.29,6,2023,2,0,4,2
ORD-04050,2023-06-13,Phone,North,SMB,3,1446.95,0.26,61,4.5,2455.02,1.03,3212.23,0.382,1227.07,6,2023,2,5,2,3
ORD-04051,2023-06-13,Phone,West,SMB,16,1777.51,0.01,55,7.2,1984.71,0.99,28155.76,0.258,7264.19,6,2023,2,5,4,3
ORD-04052,2023-06-13,Phone,Central,SMB,19,50.6,0.17,30,8.7,3047.56,1.02,797.96,0.457,364.67,6,2023,2,5,0,3
ORD-04053,2023-06-14,Headphones,East,Enterprise,16,1391.31,0.01,66,7.8,2641.98,0.82,22038.35,0.296,6523.35,6,2023,2,0,1,0
ORD-04054,2023-06-14,Phone,East,Enterprise,2,1545.67,0.03,26,2.4,3033.27,1.17,2998.6,0.314,941.56,6,2023,2,5,1,0
ORD-04055,2023-06-14,Laptop,South,Online,14,459.36,0.21,43,3.2,104.72,1.18,5080.52,0.297,1508.91,6,2023,2,2,3,1
ORD-04056,2023-06-14,Headphones,South,Enterprise,10,1004.77,0.22,18,3.8,724.77,1.07,7837.21,0.349,2735.19,6,2023,2,0,3,0
ORD-04057,2023-06-14,Keyboard,Central,Retail,19,224.11,0.24,29,2.0,2633.89,0.9,3236.15,0.304,983.79,6,2023,2,1,0,2
ORD-04058,2023-06-14,Laptop,East,Retail,11,1506.16,0.14,41,3.6,1225.36,1.11,14248.27,0.475,6767.93,6,2023,2,2,1,2
ORD-04059,2023-06-14,Headphones,North,Online,18,1702.54,0.26,18,2.4,473.95,1.09,22677.83,0.152,3447.03,6,2023,2,0,2,1
ORD-04060,2023-06-15,Monitor,West,Online,11,260.96,0.05,21,10.0,1166.74,1.03,2727.03,0.105,286.34,6,2023,2,3,4,1
ORD-04061,2023-06-15,Monitor,East,SMB,9,1642.1,0.07,24,7.8,3921.31,0.87,13744.38,0.309,4247.01,6,2023,2,3,1,3
ORD-04062,2023-06-15,Keyboard,North,Enterprise,19,1554.56,0.04,69,8.6,2754.3,0.88,28355.17,0.406,11512.2,6,2023,2,1,2,0
ORD-04063,2023-06-16,Monitor,North,SMB,10,726.48,0.24,45,9.2,1031.38,1.04,5521.25,0.359,1982.13,6,2023,2,3,2,3
ORD-04064,2023-06-16,Phone,West,Enterprise,3,1396.06,0.07,54,6.7,178.29,0.85,3895.01,0.485,1889.08,6,2023,2,5,4,0
ORD-04065,2023-06-16,Headphones,North,Enterprise,3,50.09,0.05,69,1.8,1852.22,1.09,142.76,0.173,24.7,6,2023,2,0,2,0
ORD-04066,2023-06-16,Laptop,Central,Online,8,1867.01,0.19,22,7.6,1851.6,0.89,12098.22,0.378,4573.13,6,2023,2,2,0,1
ORD-04067,2023-06-17,Phone,North,SMB,6,1123.25,0.02,56,0.2,3702.11,1.16,6604.71,0.426,2813.61,6,2023,2,5,2,3
ORD-04068,2023-06-17,Monitor,Central,SMB,1,1259.66,0.01,49,1.1,4605.24,1.16,1247.06,0.465,579.88,6,2023,2,3,0,3
ORD-04069,2023-06-17,Mouse,North,Enterprise,6,1346.09,0.03,66,0.3,1922.87,0.92,7834.24,0.311,2436.45,6,2023,2,4,2,0
ORD-04070,2023-06-17,Webcam,South,Enterprise,2,1144.67,0.0,48,1.4,3471.85,0.83,2289.34,0.245,560.89,6,2023,2,7,3,0
ORD-04071,2023-06-18,Laptop,North,Online,19,1720.69,0.21,61,7.5,3211.04,1.04,25827.56,0.482,12448.88,6,2023,2,2,2,1
ORD-04072,2023-06-18,Phone,Central,Retail,7,1238.92,0.17,32,8.9,2168.19,0.98,7198.13,0.417,3001.62,6,2023,2,5,0,2
ORD-04073,2023-06-18,Headphones,North,SMB,11,1820.13,0.06,20,2.8,422.86,0.86,18820.14,0.288,5420.2,6,2023,2,0,2,3
ORD-04074,2023-06-18,Keyboard,North,SMB,11,1185.55,0.07,66,1.2,2419.98,1.01,12128.18,0.36,4366.14,6,2023,2,1,2,3
ORD-04075,2023-06-18,Phone,North,Online,4,383.69,0.24,63,2.7,1835.28,1.2,1166.42,0.211,246.11,6,2023,2,5,2,1
ORD-04076,2023-06-18,Mouse,Central,Online,16,1831.45,0.15,64,6.5,2795.95,0.83,24907.72,0.346,8618.07,6,2023,2,4,0,1
ORD-04077,2023-06-18,Monitor,North,SMB,5,1379.17,0.21,64,3.5,714.45,0.91,5447.72,0.316,1721.48,6,2023,2,3,2,3
ORD-04078,2023-06-18,Laptop,West,SMB,7,1413.52,0.14,32,9.6,3648.78,1.02,8509.39,0.116,987.09,6,2023,2,2,4,3
ORD-04079,2023-06-19,Keyboard,West,Enterprise,16,1971.69,0.07,68,1.3,3959.98,1.12,29338.75,0.446,13085.08,6,2023,2,1,4,0
ORD-04080,2023-06-19,Laptop,Central,Retail,15,196.63,0.29,60,9.9,2003.46,0.81,2094.11,0.296,619.86,6,2023,2,2,0,2
ORD-04081,2023-06-19,Keyboard,South,SMB,5,885.76,0.17,35,0.1,958.85,1.09,3675.9,0.292,1073.36,6,2023,2,1,3,3
ORD-04082,2023-06-19,Webcam,West,Online,1,516.24,0.04,38,4.5,3155.53,0.86,495.59,0.213,105.56,6,2023,2,7,4,1
ORD-04083,2023-06-19,Headphones,East,Enterprise,9,1279.33,0.12,27,2.5,4783.48,1.13,10132.29,0.179,1813.68,6,2023,2,0,1,0
ORD-04084,2023-06-19,Laptop,West,Enterprise,5,1623.28,0.1,38,5.7,3532.47,1.08,7304.76,0.217,1585.13,6,2023,2,2,4,0
ORD-04085,2023-06-20,Monitor,East,Online,6,1934.31,0.06,43,1.0,705.06,0.98,10909.51,0.36,3927.42,6,2023,2,3,1,1
ORD-04086,2023-06-20,Headphones,Central,Online,3,936.46,0.28,58,8.8,2046.38,1.13,2022.75,0.139,281.16,6,2023,2,0,0,1
ORD-04087,2023-06-21,Headphones,South,Enterprise,6,1583.13,0.26,20,1.4,4585.31,1.09,7029.1,0.233,1637.78,6,2023,2,0,3,0
ORD-04088,2023-06-21,Webcam,East,Online,8,1838.25,0.06,18,5.9,3208.67,1.1,13823.64,0.491,6787.41,6,2023,2,7,1,1
ORD-04089,2023-06-21,Keyboard,East,Enterprise,6,1382.48,0.11,38,0.3,821.05,0.92,7382.44,0.209,1542.93,6,2023,2,1,1,0
ORD-04090,2023-06-21,Tablet,West,Online,16,523.33,0.23,28,3.1,3650.5,1.05,6447.43,0.487,3139.9,6,2023,2,6,4,1
ORD-04091,2023-06-21,Laptop,East,Enterprise,16,1235.32,0.06,33,1.5,1832.24,0.86,18579.21,0.142,2638.25,6,2023,2,2,1,0
ORD-04092,2023-06-21,Laptop,Central,SMB,3,1941.41,0.18,52,9.8,2498.72,1.13,4775.87,0.418,1996.31,6,2023,2,2,0,3
ORD-04093,2023-06-21,Phone,Central,SMB,17,1975.73,0.21,38,0.1,2133.73,1.01,26534.05,0.276,7323.4,6,2023,2,5,0,3
ORD-04094,2023-06-22,Keyboard,Central,Online,6,1302.6,0.2,58,3.5,3655.91,1.13,6252.48,0.178,1112.94,6,2023,2,1,0,1
ORD-04095,2023-06-22,Mouse,West,Retail,6,1779.63,0.21,28,3.0,1167.74,0.88,8435.45,0.415,3500.71,6,2023,2,4,4,2
ORD-04096,2023-06-22,Tablet,South,SMB,19,440.68,0.21,48,6.6,2003.01,0.85,6614.61,0.103,681.3,6,2023,2,6,3,3
ORD-04097,2023-06-22,Monitor,West,Enterprise,15,529.85,0.29,66,0.6,3748.27,1.08,5642.9,0.239,1348.65,6,2023,2,3,4,0
ORD-04098,2023-06-22,Phone,Central,Retail,19,1908.13,0.1,18,8.1,3553.44,0.82,32629.02,0.342,11159.12,6,2023,2,5,0,2
ORD-04099,2023-06-22,Webcam,West,Enterprise,2,313.71,0.26,58,4.7,1088.55,0.9,464.29,0.192,89.14,6,2023,2,7,4,0
ORD-04100,2023-06-22,Tablet,Central,Enterprise,8,422.66,0.01,49,4.5,1818.25,1.16,3347.47,0.233,779.96,6,2023,2,6,0,0
ORD-04101,2023-06-23,Keyboard,North,SMB,7,870.07,0.09,20,2.3,170.38,0.85,5542.35,0.137,759.3,6,2023,2,1,2,3
ORD-04102,2023-06-23,Tablet,North,Online,8,1199.69,0.01,49,4.9,2697.85,0.95,9501.54,0.441,4190.18,6,2023,2,6,2,1
ORD-04103,2023-06-23,Webcam,East,Online,13,1227.44,0.2,59,3.6,1476.61,1.18,12765.38,0.269,3433.89,6,2023,2,7,1,1
ORD-04104,2023-06-23,Headphones,South,Enterprise,15,619.35,0.03,22,2.5,158.14,0.81,9011.54,0.158,1423.82,6,2023,2,0,3,0
ORD-04105,2023-06-23,Laptop,North,SMB,12,1845.2,0.25,60,1.7,2181.05,0.98,16606.8,0.18,2989.22,6,2023,2,2,2,3
ORD-04106,2023-06-24,Headphones,Central,Enterprise,15,1834.44,0.19,54,7.3,4641.66,1.11,22288.45,0.21,4680.57,6,2023,2,0,0,0
ORD-04107,2023-06-24,Laptop,West,Retail,14,814.53,0.01,29,1.4,4624.67,1.16,11289.39,0.192,2167.56,6,2023,2,2,4,2
ORD-04108,2023-06-24,Phone,West,Enterprise,7,896.87,0.21,31,1.7,1923.3,1.09,4959.69,0.301,1492.87,6,2023,2,5,4,0
ORD-04109,2023-06-24,Webcam,East,SMB,17,1419.87,0.26,61,5.8,2300.97,1.16,17861.96,0.462,8252.23,6,2023,2,7,1,3
ORD-04110,2023-06-24,Keyboard,West,Enterprise,5,1342.84,0.2,68,2.3,1289.14,0.81,5371.36,0.174,934.62,6,2023,2,1,4,0
ORD-04111,2023-06-25,Keyboard,North,SMB,10,795.48,0.01,26,4.6,434.71,0.84,7875.25,0.281,2212.95,6,2023,2,1,2,3
ORD-04112,2023-06-25,Tablet,West,Online,19,857.78,0.26,24,5.5,3500.24,1.1,12060.39,0.366,4414.1,6,2023,2,6,4,1
ORD-04113,2023-06-25,Phone,North,SMB,18,728.68,0.22,33,2.7,4020.26,1.1,10230.67,0.174,1780.14,6,2023,2,5,2,3
ORD-04114,2023-06-25,Keyboard,North,Retail,10,509.0,0.11,45,3.4,4412.51,1.04,4530.1,0.162,733.88,6,2023,2,1,2,2
ORD-04115,2023-06-25,Mouse,South,SMB,2,943.37,0.1,24,2.1,4682.91,1.09,1698.07,0.162,275.09,6,2023,2,4,3,3
ORD-04116,2023-06-25,Mouse,East,Retail,6,1388.55,0.14,31,4.6,4588.22,1.14,7164.92,0.453,3245.71,6,2023,2,4,1,2
ORD-04117,2023-06-26,Headphones,Central,Retail,3,1496.84,0.26,49,9.9,234.18,1.02,3322.98,0.385,1279.35,6,2023,2,0,0,2
ORD-04118,2023-06-26,Laptop,North,Enterprise,19,1568.8,0.08,25,3.6,4892.67,1.18,27422.62,0.235,6444.32,6,2023,2,2,2,0
ORD-04119,2023-06-26,Tablet,East,Retail,5,780.73,0.03,44,6.5,1959.56,1.08,3786.54,0.461,1745.59,6,2023,2,6,1,2
ORD-04120,2023-06-27,Monitor,Central,SMB,7,1541.04,0.26,67,6.4,4441.93,0.99,7982.59,0.481,3839.63,6,2023,2,3,0,3
ORD-04121,2023-06-28,Webcam,West,Online,7,62.71,0.01,20,7.9,2259.72,0.97,434.58,0.259,112.56,6,2023,2,7,4,1
ORD-04122,2023-06-28,Laptop,East,SMB,10,980.25,0.27,44,7.1,2168.73,1.1,7155.82,0.304,2175.37,6,2023,2,2,1,3
ORD-04123,2023-06-28,Phone,East,Online,1,1598.11,0.09,47,0.1,154.83,1.05,1454.28,0.243,353.39,6,2023,2,5,1,1
ORD-04124,2023-06-28,Keyboard,East,Retail,11,1278.59,0.15,51,3.1,356.96,1.13,11954.82,0.191,2283.37,6,2023,2,1,1,2
ORD-04125,2023-06-29,Laptop,West,Enterprise,7,974.42,0.04,43,8.7,3389.27,1.11,6548.1,0.412,2697.82,6,2023,2,2,4,0
ORD-04126,2023-06-29,Monitor,West,Retail,6,1307.05,0.27,54,5.4,4694.44,1.01,5724.88,0.36,2060.96,6,2023,2,3,4,2
ORD-04127,2023-06-29,Monitor,East,Retail,6,1818.54,0.22,57,1.0,1199.56,1.18,8510.77,0.247,2102.16,6,2023,2,3,1,2
ORD-04128,2023-06-30,Mouse,South,Online,13,1154.44,0.28,68,2.8,560.2,1.08,10805.56,0.106,1145.39,6,2023,2,4,3,1
ORD-04129,2023-06-30,Phone,North,SMB,16,1609.58,0.2,39,2.8,1147.9,0.88,20602.62,0.405,8344.06,6,2023,2,5,2,3
ORD-04130,2023-06-30,Laptop,West,Enterprise,13,1962.45,0.06,49,8.7,1140.37,1.05,23981.14,0.291,6978.51,6,2023,2,2,4,0
ORD-04131,2023-06-30,Tablet,South,Enterprise,2,1425.86,0.09,58,5.5,1536.36,0.88,2595.07,0.129,334.76,6,2023,2,6,3,0
ORD-04132,2023-06-30,Laptop,West,Enterprise,19,1167.99,0.15,19,6.1,564.24,1.02,18863.04,0.15,2829.46,6,2023,2,2,4,0
ORD-04133,2023-06-30,Mouse,East,Enterprise,19,123.1,0.18,64,3.7,1254.08,1.12,1917.9,0.351,673.18,6,2023,2,4,1,0
ORD-04134,2023-07-01,Headphones,South,SMB,19,780.23,0.28,25,0.6,4614.25,1.13,10673.55,0.319,3404.86,7,2023,3,0,3,3
ORD-04135,2023-07-01,Monitor,Central,Enterprise,18,1152.61,0.12,59,0.8,4462.07,1.06,18257.34,0.196,3578.44,7,2023,3,3,0,0
ORD-04136,2023-07-01,Phone,North,Online,6,1604.55,0.21,24,4.2,1649.89,1.11,7605.57,0.156,1186.47,7,2023,3,5,2,1
ORD-04137,2023-07-01,Phone,North,Online,2,904.3,0.29,36,1.8,4984.78,0.99,1284.11,0.454,582.99,7,2023,3,5,2,1
ORD-04138,2023-07-01,Tablet,West,Enterprise,19,1922.11,0.05,50,1.0,1561.93,1.02,34694.09,0.154,5342.89,7,2023,3,6,4,0
ORD-04139,2023-07-02,Phone,North,Enterprise,6,580.0,0.26,19,2.6,3636.97,1.15,2575.2,0.134,345.08,7,2023,3,5,2,0
ORD-04140,2023-07-02,Mouse,Central,SMB,15,1501.91,0.13,20,7.4,3255.64,1.0,19599.93,0.348,6820.78,7,2023,3,4,0,3
ORD-04141,2023-07-02,Mouse,South,SMB,6,867.11,0.22,45,0.7,416.32,0.94,4058.07,0.201,815.67,7,2023,3,4,3,3
ORD-04142,2023-07-02,Mouse,South,Enterprise,3,997.68,0.09,31,4.5,1777.25,1.12,2723.67,0.363,988.69,7,2023,3,4,3,0
ORD-04143,2023-07-02,Phone,East,SMB,11,1614.88,0.1,32,8.3,4762.35,0.82,15987.31,0.296,4732.24,7,2023,3,5,1,3
ORD-04144,2023-07-03,Phone,South,Retail,8,627.62,0.01,38,2.7,349.25,1.18,4970.75,0.184,914.62,7,2023,3,5,3,2
ORD-04145,2023-07-03,Mouse,West,Enterprise,18,238.78,0.29,31,3.0,956.93,0.94,3051.61,0.128,390.61,7,2023,3,4,4,0
ORD-04146,2023-07-03,Phone,Central,SMB,17,1064.5,0.24,57,8.8,4857.63,1.05,13753.34,0.128,1760.43,7,2023,3,5,0,3
ORD-04147,2023-07-03,Webcam,East,Online,19,1081.15,0.03,35,6.5,294.98,1.07,19925.59,0.334,6655.15,7,2023,3,7,1,1
ORD-04148,2023-07-03,Phone,West,Enterprise,19,1604.48,0.3,66,8.0,2288.38,0.85,21339.58,0.403,8599.85,7,2023,3,5,4,0
ORD-04149,2023-07-03,Webcam,West,Enterprise,17,1938.22,0.18,56,2.9,4599.92,1.13,27018.79,0.376,10159.07,7,2023,3,7,4,0
ORD-04150,2023-07-04,Monitor,West,Online,4,157.84,0.26,37,10.0,4724.03,1.03,467.21,0.337,157.45,7,2023,3,3,4,1
ORD-04151,2023-07-04,Laptop,North,Online,7,1203.79,0.02,18,1.4,4898.67,0.93,8258.0,0.184,1519.47,7,2023,3,2,2,1
ORD-04152,2023-07-04,Keyboard,West,SMB,5,1378.49,0.12,26,9.6,2458.47,1.14,6065.36,0.445,2699.09,7,2023,3,1,4,3
ORD-04153,2023-07-04,Webcam,North,Online,16,1972.31,0.2,26,9.0,523.75,1.05,25245.57,0.352,8886.44,7,2023,3,7,2,1
ORD-04154,2023-07-04,Webcam,South,Retail,6,1888.05,0.03,60,5.5,3886.25,1.11,10988.45,0.378,4153.63,7,2023,3,7,3,2
ORD-04155,2023-07-05,Phone,North,Enterprise,14,1439.28,0.15,68,5.9,3574.02,1.2,17127.43,0.19,3254.21,7,2023,3,5,2,0
ORD-04156,2023-07-05,Keyboard,West,Retail,2,1067.49,0.13,55,7.8,2940.11,0.85,1857.43,0.205,380.77,7,2023,3,1,4,2
ORD-04157,2023-07-05,Headphones,Central,SMB,18,364.97,0.06,56,3.1,4452.36,1.1,6175.29,0.463,2859.16,7,2023,3,0,0,3
ORD-04158,2023-07-05,Keyboard,Central,Online,18,799.14,0.09,46,5.3,4566.69,1.1,13089.91,0.29,3796.07,7,2023,3,1,0,1
ORD-04159,2023-07-06,Monitor,South,Enterprise,13,1190.99,0.29,32,9.0,3447.9,1.15,10992.84,0.322,3539.69,7,2023,3,3,3,0
ORD-04160,2023-07-06,Webcam,West,Online,18,1464.14,0.09,37,0.7,649.29,0.96,23982.61,0.144,3453.5,7,2023,3,7,4,1
ORD-04161,2023-07-06,Phone,North,Online,17,1289.03,0.06,55,9.1,568.07,1.15,20598.7,0.258,5314.46,7,2023,3,5,2,1
ORD-04162,2023-07-06,Mouse,Central,SMB,13,1442.54,0.16,58,7.3,2102.29,1.06,15752.54,0.455,7167.41,7,2023,3,4,0,3
ORD-04163,2023-07-06,Keyboard,East,SMB,12,886.85,0.2,47,7.7,1534.23,0.83,8513.76,0.46,3916.33,7,2023,3,1,1,3
ORD-04164,2023-07-06,Phone,West,SMB,3,1468.87,0.22,64,0.6,751.62,0.81,3437.16,0.392,1347.37,7,2023,3,5,4,3
ORD-04165,2023-07-06,Tablet,West,SMB,7,330.3,0.23,43,1.9,3094.84,0.99,1780.32,0.318,566.14,7,2023,3,6,4,3
ORD-04166,2023-07-07,Headphones,East,Enterprise,1,367.04,0.01,23,9.3,3449.3,1.11,363.37,0.472,171.51,7,2023,3,0,1,0
ORD-04167,2023-07-07,Mouse,Central,Retail,5,367.52,0.12,56,1.2,3520.04,0.95,1617.09,0.449,726.07,7,2023,3,4,0,2
ORD-04168,2023-07-07,Tablet,East,Retail,1,1787.19,0.23,34,6.3,958.86,1.14,1376.14,0.439,604.13,7,2023,3,6,1,2
ORD-04169,2023-07-07,Tablet,South,Enterprise,4,198.27,0.27,23,7.8,1598.63,1.0,578.95,0.453,262.26,7,2023,3,6,3,0
ORD-04170,2023-07-07,Keyboard,North,Online,1,1612.94,0.18,45,2.3,1075.36,0.81,1322.61,0.281,371.65,7,2023,3,1,2,1
ORD-04171,2023-07-07,Tablet,North,Enterprise,13,505.46,0.02,26,7.0,3046.54,1.19,6439.56,0.31,1996.26,7,2023,3,6,2,0
ORD-04172,2023-07-08,Monitor,Central,Retail,14,963.44,0.12,44,0.7,2878.7,1.0,11869.58,0.27,3204.79,7,2023,3,3,0,2
ORD-04173,2023-07-08,Monitor,East,Retail,15,1836.12,0.02,52,5.0,2566.24,1.06,26990.96,0.396,10688.42,7,2023,3,3,1,2
ORD-04174,2023-07-08,Keyboard,West,Enterprise,17,1192.58,0.22,63,3.3,1550.68,0.88,15813.61,0.337,5329.19,7,2023,3,1,4,0
ORD-04175,2023-07-08,Phone,West,SMB,12,459.73,0.02,23,6.5,1261.56,0.92,5406.42,0.128,692.02,7,2023,3,5,4,3
ORD-04176,2023-07-08,Laptop,West,Online,7,603.98,0.06,21,8.9,4463.0,0.99,3974.19,0.155,616.0,7,2023,3,2,4,1
ORD-04177,2023-07-08,Phone,South,Enterprise,19,1844.87,0.13,33,1.3,339.38,1.14,30495.7,0.177,5397.74,7,2023,3,5,3,0
ORD-04178,2023-07-08,Phone,South,Retail,3,882.93,0.14,40,4.5,3316.35,0.84,2277.96,0.368,838.29,7,2023,3,5,3,2
ORD-04179,2023-07-09,Phone,West,SMB,18,1194.62,0.12,65,4.2,195.93,1.11,18922.78,0.144,2724.88,7,2023,3,5,4,3
ORD-04180,2023-07-09,Phone,Central,Online,4,946.87,0.14,40,3.2,1049.81,1.03,3257.23,0.316,1029.28,7,2023,3,5,0,1
ORD-04181,2023-07-09,Mouse,South,Retail,3,787.95,0.21,46,4.8,1518.47,1.0,1867.44,0.436,814.2,7,2023,3,4,3,2
ORD-04182,2023-07-09,Laptop,South,Online,12,485.39,0.11,58,8.8,4443.78,1.15,5183.97,0.479,2483.12,7,2023,3,2,3,1
ORD-04183,2023-07-09,Mouse,North,SMB,12,1388.07,0.16,21,9.7,774.9,0.85,13991.75,0.271,3791.76,7,2023,3,4,2,3
ORD-04184,2023-07-10,Tablet,North,Retail,17,1450.57,0.09,57,0.0,4695.25,1.2,22440.32,0.313,7023.82,7,2023,3,6,2,2
ORD-04185,2023-07-10,Headphones,Central,SMB,6,586.03,0.11,57,7.4,4095.74,1.14,3129.4,0.433,1355.03,7,2023,3,0,0,3
ORD-04186,2023-07-10,Phone,South,Enterprise,15,1588.57,0.18,41,6.2,3427.33,0.93,19539.41,0.474,9261.68,7,2023,3,5,3,0
ORD-04187,2023-07-10,Headphones,South,Enterprise,2,1716.34,0.15,23,9.9,2117.56,0.98,2917.78,0.256,746.95,7,2023,3,0,3,0
ORD-04188,2023-07-10,Monitor,East,Online,8,1845.32,0.22,57,0.9,4535.76,0.81,11514.8,0.241,2775.07,7,2023,3,3,1,1
ORD-04189,2023-07-10,Keyboard,Central,SMB,14,364.36,0.17,23,8.1,2686.98,1.01,4233.86,0.28,1185.48,7,2023,3,1,0,3
ORD-04190,2023-07-10,Keyboard,Central,SMB,5,642.65,0.24,31,9.3,1918.92,1.02,2442.07,0.202,493.3,7,2023,3,1,0,3
ORD-04191,2023-07-10,Mouse,East,Online,3,1727.69,0.13,31,9.1,2969.56,1.17,4509.27,0.444,2002.12,7,2023,3,4,1,1
ORD-04192,2023-07-10,Mouse,East,Online,10,437.15,0.15,67,5.6,1238.11,0.96,3715.78,0.227,843.48,7,2023,3,4,1,1
ORD-04193,2023-07-11,Monitor,North,Online,7,56.76,0.2,62,3.3,1437.1,1.03,317.86,0.28,89.0,7,2023,3,3,2,1
ORD-04194,2023-07-11,Phone,Central,Enterprise,11,1748.11,0.07,64,6.4,4604.64,1.1,17883.17,0.228,4077.36,7,2023,3,5,0,0
ORD-04195,2023-07-11,Headphones,Central,Online,15,686.58,0.12,52,3.1,3990.24,1.04,9062.86,0.148,1341.3,7,2023,3,0,0,1
ORD-04196,2023-07-12,Webcam,East,Enterprise,2,858.27,0.19,23,4.1,2616.15,0.86,1390.4,0.343,476.91,7,2023,3,7,1,0
ORD-04197,2023-07-12,Headphones,West,Online,5,920.35,0.01,40,4.5,2141.18,0.87,4555.73,0.335,1526.17,7,2023,3,0,4,1
ORD-04198,2023-07-12,Laptop,West,SMB,11,1704.14,0.13,37,3.0,4057.09,0.86,16308.62,0.218,3555.28,7,2023,3,2,4,3
ORD-04199,2023-07-12,Tablet,North,SMB,8,708.89,0.18,34,3.4,2896.12,0.89,4650.32,0.113,525.49,7,2023,3,6,2,3
ORD-04200,2023-07-12,Keyboard,West,Online,13,1789.95,0.29,37,0.1,2133.67,0.93,16521.24,0.475,7847.59,7,2023,3,1,4,1
ORD-04201,2023-07-13,Tablet,West,Online,11,1253.03,0.26,65,3.0,2625.7,1.1,10199.66,0.242,2468.32,7,2023,3,6,4,1
ORD-04202,2023-07-13,Laptop,West,Enterprise,17,1078.21,0.08,23,4.7,1240.28,0.82,16863.2,0.316,5328.77,7,2023,3,2,4,0
ORD-04203,2023-07-13,Mouse,South,Retail,15,684.95,0.15,57,1.7,1089.65,1.13,8733.11,0.157,1371.1,7,2023,3,4,3,2
ORD-04204,2023-07-13,Headphones,North,Enterprise,1,525.24,0.02,45,8.1,4946.54,0.9,514.74,0.2,102.95,7,2023,3,0,2,0
ORD-04205,2023-07-13,Keyboard,East,SMB,19,1266.91,0.07,30,5.4,4851.0,1.05,22386.3,0.274,6133.85,7,2023,3,1,1,3
ORD-04206,2023-07-14,Tablet,West,Online,16,921.44,0.23,46,7.9,2162.05,1.02,11352.14,0.325,3689.45,7,2023,3,6,4,1
ORD-04207,2023-07-14,Webcam,South,SMB,19,1825.51,0.04,62,1.3,2624.78,0.86,33297.3,0.442,14717.41,7,2023,3,7,3,3
ORD-04208,2023-07-14,Mouse,West,Retail,13,1008.7,0.08,37,8.2,4153.25,0.91,12064.05,0.216,2605.83,7,2023,3,4,4,2
ORD-04209,2023-07-14,Laptop,South,Enterprise,4,1048.0,0.28,34,9.6,3656.59,0.92,3018.24,0.449,1355.19,7,2023,3,2,3,0
ORD-04210,2023-07-14,Webcam,North,SMB,11,862.61,0.25,52,3.5,587.79,1.05,7116.53,0.283,2013.98,7,2023,3,7,2,3
ORD-04211,2023-07-14,Tablet,West,Enterprise,18,1589.06,0.23,62,2.8,1935.59,1.12,22024.37,0.273,6012.65,7,2023,3,6,4,0
ORD-04212,2023-07-14,Webcam,South,Online,18,878.44,0.26,56,6.5,1325.74,1.2,11700.82,0.259,3030.51,7,2023,3,7,3,1
ORD-04213,2023-07-14,Headphones,Central,SMB,10,575.22,0.22,69,6.4,4963.89,0.84,4486.72,0.454,2036.97,7,2023,3,0,0,3
ORD-04214,2023-07-15,Phone,Central,Retail,17,1730.96,0.04,54,1.1,3768.64,1.18,28249.27,0.2,5649.85,7,2023,3,5,0,2
ORD-04215,2023-07-15,Webcam,South,Enterprise,13,1213.82,0.15,60,9.3,334.05,1.02,13412.71,0.443,5941.83,7,2023,3,7,3,0
ORD-04216,2023-07-15,Mouse,West,Enterprise,14,1203.44,0.13,40,4.8,4510.19,0.94,14657.9,0.136,1993.47,7,2023,3,4,4,0
ORD-04217,2023-07-15,Laptop,West,Retail,7,1241.1,0.09,35,7.6,4647.0,0.91,7905.81,0.482,3810.6,7,2023,3,2,4,2
ORD-04218,2023-07-15,Tablet,North,SMB,10,1451.74,0.25,53,3.6,1733.02,0.88,10888.05,0.301,3277.3,7,2023,3,6,2,3
ORD-04219,2023-07-15,Headphones,North,SMB,3,660.48,0.14,37,2.6,3245.69,1.02,1704.04,0.5,852.02,7,2023,3,0,2,3
ORD-04220,2023-07-16,Phone,East,Enterprise,2,116.0,0.02,24,1.1,3441.99,1.18,227.36,0.343,77.98,7,2023,3,5,1,0
ORD-04221,2023-07-16,Phone,North,Retail,19,1630.66,0.08,53,2.7,3674.78,0.87,28503.94,0.147,4190.08,7,2023,3,5,2,2
ORD-04222,2023-07-17,Laptop,West,Enterprise,7,301.36,0.07,59,9.9,3498.19,0.97,1961.85,0.124,243.27,7,2023,3,2,4,0
ORD-04223,2023-07-17,Monitor,East,Enterprise,5,1457.55,0.27,18,6.6,2842.62,0.88,5320.06,0.177,941.65,7,2023,3,3,1,0
ORD-04224,2023-07-17,Headphones,North,Online,3,210.51,0.19,66,8.0,4773.84,0.87,511.54,0.268,137.09,7,2023,3,0,2,1
ORD-04225,2023-07-17,Headphones,South,SMB,2,781.85,0.17,54,9.6,2610.63,1.15,1297.87,0.399,517.85,7,2023,3,0,3,3
ORD-04226,2023-07-18,Keyboard,Central,SMB,6,172.9,0.15,66,0.8,643.47,0.9,881.79,0.1,88.18,7,2023,3,1,0,3
ORD-04227,2023-07-18,Laptop,North,Online,14,1068.32,0.2,52,1.6,494.08,0.9,11965.18,0.203,2428.93,7,2023,3,2,2,1
ORD-04228,2023-07-18,Phone,North,SMB,7,1323.61,0.23,58,9.3,190.05,1.16,7134.26,0.335,2389.98,7,2023,3,5,2,3
ORD-04229,2023-07-18,Phone,South,SMB,2,384.29,0.17,20,5.6,2196.82,0.95,637.92,0.219,139.7,7,2023,3,5,3,3
ORD-04230,2023-07-18,Webcam,West,SMB,11,774.67,0.28,52,6.3,1438.86,0.8,6135.39,0.243,1490.9,7,2023,3,7,4,3
ORD-04231,2023-07-18,Laptop,South,Retail,3,1863.97,0.29,46,4.3,4486.57,1.09,3970.26,0.22,873.46,7,2023,3,2,3,2
ORD-04232,2023-07-19,Monitor,North,Online,9,912.66,0.3,26,8.1,4349.02,1.01,5749.76,0.481,2765.63,7,2023,3,3,2,1
ORD-04233,2023-07-19,Keyboard,West,Enterprise,8,1614.96,0.2,54,5.2,4205.43,1.11,10335.74,0.126,1302.3,7,2023,3,1,4,0
ORD-04234,2023-07-19,Tablet,East,Retail,11,1858.01,0.28,59,8.3,4349.66,1.03,14715.44,0.463,6813.25,7,2023,3,6,1,2
ORD-04235,2023-07-19,Laptop,North,Enterprise,18,1949.97,0.12,64,9.9,1558.27,0.94,30887.52,0.229,7073.24,7,2023,3,2,2,0
ORD-04236,2023-07-19,Keyboard,South,Online,1,1801.73,0.26,42,6.5,2187.98,0.83,1333.28,0.199,265.32,7,2023,3,1,3,1
ORD-04237,2023-07-19,Headphones,East,Online,15,668.94,0.27,29,5.3,1627.52,1.15,7324.89,0.453,3318.18,7,2023,3,0,1,1
ORD-04238,2023-07-19,Keyboard,Central,Online,4,1927.02,0.27,55,3.7,521.8,0.88,5626.9,0.215,1209.78,7,2023,3,1,0,1
ORD-04239,2023-07-20,Webcam,East,SMB,4,1634.17,0.25,24,1.9,4627.83,1.19,4902.51,0.495,2426.74,7,2023,3,7,1,3
ORD-04240,2023-07-20,Mouse,South,Retail,10,1682.49,0.12,24,6.6,3118.04,0.9,14805.91,0.319,4723.09,7,2023,3,4,3,2
ORD-04241,2023-07-20,Phone,East,Online,11,79.59,0.05,21,0.6,749.51,1.13,831.72,0.291,242.03,7,2023,3,5,1,1
ORD-04242,2023-07-20,Webcam,South,Enterprise,18,1910.77,0.1,62,9.6,1109.69,1.12,30954.47,0.491,15198.64,7,2023,3,7,3,0
ORD-04243,2023-07-21,Tablet,North,SMB,15,1567.28,0.23,64,6.5,2308.69,0.99,18102.08,0.191,3457.5,7,2023,3,6,2,3
ORD-04244,2023-07-21,Laptop,West,SMB,3,1547.54,0.07,48,9.6,354.28,0.96,4317.64,0.464,2003.38,7,2023,3,2,4,3
ORD-04245,2023-07-21,Webcam,Central,Retail,7,208.97,0.14,67,2.7,1432.76,1.08,1258.0,0.337,423.95,7,2023,3,7,0,2
ORD-04246,2023-07-21,Phone,West,Retail,7,503.51,0.17,67,9.5,3546.89,1.01,2925.39,0.402,1176.01,7,2023,3,5,4,2
ORD-04247,2023-07-21,Mouse,West,Retail,17,1926.41,0.18,56,6.1,4609.99,1.05,26854.16,0.333,8942.44,7,2023,3,4,4,2
ORD-04248,2023-07-22,Webcam,West,SMB,16,1026.32,0.28,27,8.1,4650.78,0.99,11823.21,0.347,4102.65,7,2023,3,7,4,3
ORD-04249,2023-07-23,Mouse,South,Online,16,825.82,0.2,65,1.8,2648.14,1.02,10570.5,0.162,1712.42,7,2023,3,4,3,1
ORD-04250,2023-07-23,Webcam,South,Enterprise,8,1687.88,0.24,40,5.0,1629.56,0.88,10262.31,0.161,1652.23,7,2023,3,7,3,0
ORD-04251,2023-07-23,Phone,Central,Online,3,220.31,0.17,43,5.7,4611.65,0.82,548.57,0.259,142.08,7,2023,3,5,0,1
ORD-04252,2023-07-23,Monitor,South,Enterprise,15,863.04,0.25,40,3.9,3954.51,0.94,9709.2,0.239,2320.5,7,2023,3,3,3,0
ORD-04253,2023-07-23,Keyboard,South,Online,1,782.62,0.08,46,2.5,2976.85,0.99,720.01,0.385,277.2,7,2023,3,1,3,1
ORD-04254,2023-07-23,Laptop,South,Retail,10,732.21,0.06,25,9.0,4189.31,1.16,6882.77,0.389,2677.4,7,2023,3,2,3,2
ORD-04255,2023-07-24,Laptop,South,Enterprise,2,650.0,0.28,36,0.9,2348.27,0.97,936.0,0.326,305.14,7,2023,3,2,3,0
ORD-04256,2023-07-24,Laptop,North,SMB,7,459.65,0.21,46,1.5,649.75,0.97,2541.86,0.261,663.43,7,2023,3,2,2,3
ORD-04257,2023-07-25,Phone,Central,Enterprise,14,387.18,0.2,60,3.2,4697.37,1.07,4336.42,0.371,1608.81,7,2023,3,5,0,0
ORD-04258,2023-07-25,Headphones,South,SMB,16,1298.79,0.14,23,9.2,2716.63,0.88,17871.35,0.375,6701.76,7,2023,3,0,3,3
ORD-04259,2023-07-25,Monitor,Central,Online,15,1842.82,0.11,46,5.6,3506.92,1.15,24601.65,0.424,10431.1,7,2023,3,3,0,1
ORD-04260,2023-07-25,Tablet,East,Retail,7,1042.26,0.17,41,3.7,2022.23,0.97,6055.53,0.425,2573.6,7,2023,3,6,1,2
ORD-04261,2023-07-25,Mouse,North,Enterprise,13,631.05,0.04,27,4.0,765.13,1.17,7875.5,0.128,1008.06,7,2023,3,4,2,0
ORD-04262,2023-07-25,Phone,South,SMB,10,360.36,0.14,68,8.4,1432.22,0.91,3099.1,0.25,774.78,7,2023,3,5,3,3
ORD-04263,2023-07-25,Headphones,North,Online,9,1668.78,0.14,31,0.3,314.0,0.99,12916.36,0.268,3461.58,7,2023,3,0,2,1
ORD-04264,2023-07-25,Tablet,North,Retail,9,1944.41,0.16,69,0.1,529.14,1.11,14699.74,0.439,6453.19,7,2023,3,6,2,2
ORD-04265,2023-07-25,Mouse,East,Retail,6,730.85,0.19,23,0.5,1104.1,1.02,3551.93,0.301,1069.13,7,2023,3,4,1,2
ORD-04266,2023-07-25,Mouse,Central,Retail,12,617.35,0.29,21,4.7,2848.95,1.06,5259.82,0.296,1556.91,7,2023,3,4,0,2
ORD-04267,2023-07-25,Monitor,North,Online,14,1222.91,0.2,69,5.8,4965.14,0.91,13696.59,0.322,4410.3,7,2023,3,3,2,1
ORD-04268,2023-07-25,Keyboard,West,Online,7,1561.89,0.27,32,6.2,4234.24,0.93,7981.26,0.151,1205.17,7,2023,3,1,4,1
ORD-04269,2023-07-26,Laptop,East,Online,8,938.04,0.17,54,7.3,520.75,1.0,6228.59,0.326,2030.52,7,2023,3,2,1,1
ORD-04270,2023-07-26,Webcam,West,Retail,8,1278.64,0.19,65,1.9,4227.48,0.88,8285.59,0.321,2659.67,7,2023,3,7,4,2
ORD-04271,2023-07-26,Tablet,East,Enterprise,8,1447.27,0.02,56,2.6,2727.93,0.85,11346.6,0.402,4561.33,7,2023,3,6,1,0
ORD-04272,2023-07-26,Phone,West,SMB,2,1923.15,0.04,45,2.4,3335.58,1.14,3692.45,0.354,1307.13,7,2023,3,5,4,3
ORD-04273,2023-07-26,Tablet,West,Online,14,371.82,0.17,19,1.5,735.85,1.11,4320.55,0.482,2082.51,7,2023,3,6,4,1
ORD-04274,2023-07-27,Keyboard,North,Enterprise,10,1994.9,0.12,30,2.4,2037.66,1.17,17555.12,0.132,2317.28,7,2023,3,1,2,0
ORD-04275,2023-07-27,Laptop,North,SMB,18,814.71,0.24,19,6.1,4432.2,1.03,11145.23,0.409,4558.4,7,2023,3,2,2,3
ORD-04276,2023-07-27,Tablet,East,Retail,18,1460.24,0.16,58,3.7,2184.29,0.97,22078.83,0.401,8853.61,7,2023,3,6,1,2
ORD-04277,2023-07-27,Keyboard,Central,Enterprise,18,1166.21,0.26,49,7.7,722.86,0.84,15533.92,0.208,3231.06,7,2023,3,1,0,0
ORD-04278,2023-07-27,Phone,North,Retail,16,999.0,0.29,69,5.4,1624.27,1.14,11348.64,0.379,4301.13,7,2023,3,5,2,2
ORD-04279,2023-07-28,Monitor,North,SMB,5,1411.25,0.04,22,2.1,1185.45,0.98,6774.0,0.364,2465.74,7,2023,3,3,2,3
ORD-04280,2023-07-28,Headphones,South,Online,5,821.72,0.12,20,4.7,3465.8,1.02,3615.57,0.219,791.81,7,2023,3,0,3,1
ORD-04281,2023-07-28,Mouse,North,Retail,10,295.91,0.2,19,5.9,4564.04,0.93,2367.28,0.39,923.24,7,2023,3,4,2,2
ORD-04282,2023-07-28,Phone,Central,Enterprise,17,1003.34,0.09,31,8.7,3694.1,1.01,15521.67,0.472,7326.23,7,2023,3,5,0,0
ORD-04283,2023-07-28,Laptop,South,Online,13,1067.74,0.08,57,8.3,4233.74,1.11,12770.17,0.222,2834.98,7,2023,3,2,3,1
ORD-04284,2023-07-28,Mouse,West,Enterprise,17,443.71,0.24,69,4.3,4048.51,1.08,5732.73,0.492,2820.5,7,2023,3,4,4,0
ORD-04285,2023-07-28,Headphones,West,SMB,18,1874.46,0.29,61,6.5,171.56,1.2,23955.6,0.19,4551.56,7,2023,3,0,4,3
ORD-04286,2023-07-29,Phone,South,SMB,13,493.58,0.23,66,3.0,709.41,1.0,4940.74,0.154,760.87,7,2023,3,5,3,3
ORD-04287,2023-07-29,Webcam,South,Online,17,847.99,0.16,46,6.3,2174.56,1.01,12109.3,0.131,1586.32,7,2023,3,7,3,1
ORD-04288,2023-07-29,Phone,South,Enterprise,15,352.11,0.13,65,9.1,649.24,0.82,4595.04,0.185,850.08,7,2023,3,5,3,0
ORD-04289,2023-07-29,Phone,East,Enterprise,12,1094.8,0.16,55,6.2,3701.18,0.96,11035.58,0.237,2615.43,7,2023,3,5,1,0
ORD-04290,2023-07-29,Webcam,Central,Enterprise,10,649.89,0.14,23,3.0,443.92,1.17,5589.05,0.393,2196.5,7,2023,3,7,0,0
ORD-04291,2023-07-29,Phone,Central,Enterprise,13,1004.08,0.15,67,6.4,2139.59,0.94,11095.08,0.129,1431.27,7,2023,3,5,0,0
ORD-04292,2023-07-29,Mouse,West,SMB,11,488.0,0.06,51,9.0,2022.22,1.11,5045.92,0.303,1528.91,7,2023,3,4,4,3
ORD-04293,2023-07-29,Laptop,West,Enterprise,3,154.86,0.27,25,1.4,2762.88,1.19,339.14,0.307,104.12,7,2023,3,2,4,0
ORD-04294,2023-07-30,Headphones,West,SMB,10,1569.49,0.23,63,4.8,3183.95,0.85,12085.07,0.191,2308.25,7,2023,3,0,4,3
ORD-04295,2023-07-30,Keyboard,North,Enterprise,11,1300.12,0.2,19,3.2,4740.09,0.93,11441.06,0.118,1350.05,7,2023,3,1,2,0
ORD-04296,2023-07-30,Tablet,West,Enterprise,6,714.44,0.28,43,2.4,1428.81,0.99,3086.38,0.19,586.41,7,2023,3,6,4,0
ORD-04297,2023-07-31,Webcam,South,Retail,1,142.61,0.09,34,4.0,3363.32,0.89,129.78,0.192,24.92,7,2023,3,7,3,2
ORD-04298,2023-07-31,Monitor,West,Retail,6,1737.87,0.02,41,3.9,271.92,0.8,10218.68,0.375,3832.0,7,2023,3,3,4,2
ORD-04299,2023-07-31,Webcam,South,Enterprise,5,381.1,0.25,48,2.1,104.93,0.99,1429.12,0.194,277.25,7,2023,3,7,3,0
ORD-04300,2023-07-31,Headphones,East,SMB,7,1864.95,0.3,33,4.0,224.26,1.01,9138.25,0.236,2156.63,7,2023,3,0,1,3
ORD-04301,2023-07-31,Tablet,North,Enterprise,12,983.26,0.17,67,6.3,2299.67,1.05,9793.27,0.119,1165.4,7,2023,3,6,2,0
ORD-04302,2023-07-31,Tablet,North,Retail,12,713.75,0.02,38,0.3,2819.56,1.13,8393.7,0.35,2937.8,7,2023,3,6,2,2
ORD-04303,2023-07-31,Monitor,Central,Enterprise,7,1496.43,0.23,55,9.9,130.44,0.9,8065.76,0.29,2339.07,7,2023,3,3,0,0
ORD-04304,2023-07-31,Headphones,East,Retail,2,1759.84,0.02,43,3.0,2042.42,0.82,3449.29,0.238,820.93,7,2023,3,0,1,2
ORD-04305,2023-08-01,Mouse,South,Enterprise,1,772.89,0.16,34,6.2,300.2,0.84,649.23,0.381,247.36,8,2023,3,4,3,0
ORD-04306,2023-08-01,Laptop,East,Online,18,844.32,0.08,67,2.8,3301.09,1.0,13981.94,0.373,5215.26,8,2023,3,2,1,1
ORD-04307,2023-08-01,Monitor,North,Enterprise,12,894.66,0.27,63,3.9,3193.04,1.17,7837.22,0.231,1810.4,8,2023,3,3,2,0
ORD-04308,2023-08-01,Laptop,South,SMB,7,1848.53,0.14,59,5.5,3942.5,1.19,11128.15,0.384,4273.21,8,2023,3,2,3,3
ORD-04309,2023-08-01,Mouse,East,Retail,19,1400.5,0.27,21,6.1,2776.68,0.88,19424.94,0.239,4642.56,8,2023,3,4,1,2
ORD-04310,2023-08-01,Tablet,North,Online,3,532.91,0.09,67,7.7,3152.45,0.86,1454.84,0.189,274.96,8,2023,3,6,2,1
ORD-04311,2023-08-02,Laptop,South,Retail,10,410.75,0.12,60,7.9,1469.15,0.94,3614.6,0.388,1402.46,8,2023,3,2,3,2
ORD-04312,2023-08-02,Mouse,South,Retail,11,499.22,0.28,65,5.2,518.72,0.99,3953.82,0.391,1545.94,8,2023,3,4,3,2
ORD-04313,2023-08-02,Mouse,North,SMB,5,563.95,0.06,21,0.8,3712.8,1.12,2650.56,0.446,1182.15,8,2023,3,4,2,3
ORD-04314,2023-08-02,Keyboard,South,Enterprise,2,498.86,0.17,36,5.6,3098.13,1.11,828.11,0.3,248.43,8,2023,3,1,3,0
ORD-04315,2023-08-02,Monitor,North,SMB,8,1334.09,0.12,55,4.8,4697.83,1.17,9391.99,0.193,1812.65,8,2023,3,3,2,3
ORD-04316,2023-08-02,Keyboard,West,Enterprise,14,276.07,0.23,42,2.2,4947.21,1.14,2976.03,0.435,1294.57,8,2023,3,1,4,0
ORD-04317,2023-08-03,Webcam,West,Online,8,805.35,0.04,25,0.1,4251.69,0.98,6185.09,0.17,1051.47,8,2023,3,7,4,1
ORD-04318,2023-08-03,Tablet,South,SMB,6,1268.85,0.13,35,3.2,4929.55,0.81,6623.4,0.475,3146.12,8,2023,3,6,3,3
ORD-04319,2023-08-03,Monitor,South,SMB,1,617.18,0.21,68,2.6,3272.49,0.89,487.57,0.223,108.73,8,2023,3,3,3,3
ORD-04320,2023-08-03,Tablet,North,Retail,1,177.29,0.12,35,4.8,550.55,1.04,156.02,0.108,16.85,8,2023,3,6,2,2
ORD-04321,2023-08-04,Keyboard,South,SMB,8,209.56,0.02,65,7.6,540.18,1.0,1642.95,0.175,287.52,8,2023,3,1,3,3
ORD-04322,2023-08-04,Headphones,Central,Enterprise,11,295.64,0.21,24,4.4,4054.89,0.9,2569.11,0.266,683.38,8,2023,3,0,0,0
ORD-04323,2023-08-04,Mouse,West,SMB,18,1679.89,0.15,34,9.5,1260.62,0.85,25702.32,0.122,3135.68,8,2023,3,4,4,3
ORD-04324,2023-08-04,Tablet,South,SMB,10,1332.83,0.0,20,2.2,398.84,0.89,13328.3,0.264,3518.67,8,2023,3,6,3,3
ORD-04325,2023-08-04,Monitor,South,Online,12,175.82,0.18,39,2.2,2414.15,0.9,1730.07,0.181,313.14,8,2023,3,3,3,1
ORD-04326,2023-08-04,Webcam,East,Enterprise,16,812.58,0.28,32,6.0,1641.76,1.15,9360.92,0.108,1010.98,8,2023,3,7,1,0
ORD-04327,2023-08-05,Monitor,South,Retail,5,593.24,0.03,48,9.0,2981.93,1.08,2877.21,0.22,632.99,8,2023,3,3,3,2
ORD-04328,2023-08-05,Tablet,Central,Enterprise,16,1177.18,0.18,53,6.7,3040.74,1.02,15444.6,0.191,2949.92,8,2023,3,6,0,0
ORD-04329,2023-08-05,Monitor,West,Online,12,1069.47,0.22,43,6.7,3439.35,0.81,10010.24,0.268,2682.74,8,2023,3,3,4,1
ORD-04330,2023-08-05,Webcam,East,Enterprise,6,988.19,0.02,65,8.1,2924.57,1.13,5810.56,0.404,2347.47,8,2023,3,7,1,0
ORD-04331,2023-08-05,Mouse,North,Enterprise,5,663.3,0.01,31,6.7,1966.5,1.02,3283.34,0.304,998.14,8,2023,3,4,2,0
ORD-04332,2023-08-05,Headphones,North,SMB,1,318.71,0.14,34,7.6,215.97,1.05,274.09,0.407,111.55,8,2023,3,0,2,3
ORD-04333,2023-08-05,Mouse,West,SMB,19,1497.63,0.24,26,8.7,4534.93,0.83,21625.78,0.235,5082.06,8,2023,3,4,4,3
ORD-04334,2023-08-05,Monitor,North,Enterprise,10,1765.72,0.05,24,0.1,1701.92,1.13,16774.34,0.105,1761.31,8,2023,3,3,2,0
ORD-04335,2023-08-05,Webcam,Central,Enterprise,14,1891.09,0.25,63,8.9,2585.04,1.13,19856.44,0.469,9312.67,8,2023,3,7,0,0
ORD-04336,2023-08-05,Webcam,South,Retail,3,164.31,0.2,44,2.2,2828.99,1.15,394.34,0.226,89.12,8,2023,3,7,3,2
ORD-04337,2023-08-05,Tablet,West,Online,6,1492.82,0.1,45,9.1,1642.78,1.01,8061.23,0.311,2507.04,8,2023,3,6,4,1
ORD-04338,2023-08-05,Keyboard,East,SMB,5,1466.68,0.15,29,2.7,1611.56,0.96,6233.39,0.288,1795.22,8,2023,3,1,1,3
ORD-04339,2023-08-06,Monitor,South,SMB,17,1896.86,0.29,34,4.6,1378.22,0.83,22895.1,0.333,7624.07,8,2023,3,3,3,3
ORD-04340,2023-08-06,Monitor,North,SMB,18,543.18,0.06,26,9.3,1292.43,0.88,9190.61,0.454,4172.54,8,2023,3,3,2,3
ORD-04341,2023-08-06,Monitor,North,SMB,12,1497.25,0.15,61,1.1,248.94,0.89,15271.95,0.447,6826.56,8,2023,3,3,2,3
ORD-04342,2023-08-06,Monitor,East,Enterprise,5,156.52,0.19,61,7.5,4793.78,0.83,633.91,0.492,311.88,8,2023,3,3,1,0
ORD-04343,2023-08-06,Tablet,Central,Enterprise,9,1280.93,0.04,25,3.9,3016.95,0.86,11067.24,0.311,3441.91,8,2023,3,6,0,0
ORD-04344,2023-08-07,Keyboard,East,Retail,12,734.15,0.01,44,0.2,629.53,1.15,8721.7,0.469,4090.48,8,2023,3,1,1,2
ORD-04345,2023-08-07,Keyboard,West,SMB,9,1549.37,0.0,59,9.4,3000.6,1.02,13944.33,0.293,4085.69,8,2023,3,1,4,3
ORD-04346,2023-08-07,Laptop,East,SMB,3,1733.44,0.1,29,1.2,1238.01,1.11,4680.29,0.118,552.27,8,2023,3,2,1,3
ORD-04347,2023-08-08,Monitor,North,Enterprise,1,761.4,0.02,54,7.7,1622.34,0.91,746.17,0.158,117.89,8,2023,3,3,2,0
ORD-04348,2023-08-08,Monitor,Central,Retail,15,1074.89,0.24,37,3.8,4025.72,0.85,12253.75,0.234,2867.38,8,2023,3,3,0,2
ORD-04349,2023-08-08,Laptop,Central,Enterprise,10,278.94,0.3,18,8.1,4440.43,0.95,1952.58,0.39,761.51,8,2023,3,2,0,0
ORD-04350,2023-08-09,Keyboard,East,SMB,14,862.97,0.02,26,7.5,3529.14,1.12,11839.95,0.133,1574.71,8,2023,3,1,1,3
ORD-04351,2023-08-09,Webcam,West,SMB,7,753.56,0.13,64,6.3,4669.65,0.92,4589.18,0.245,1124.35,8,2023,3,7,4,3
ORD-04352,2023-08-09,Webcam,North,Online,4,407.09,0.01,41,9.4,4534.63,0.88,1612.08,0.493,794.76,8,2023,3,7,2,1
ORD-04353,2023-08-09,Phone,South,Online,5,1794.23,0.04,51,1.0,2800.73,0.81,8612.3,0.414,3565.49,8,2023,3,5,3,1
ORD-04354,2023-08-09,Mouse,Central,Online,16,338.77,0.1,53,8.0,4548.45,1.05,4878.29,0.329,1604.96,8,2023,3,4,0,1
ORD-04355,2023-08-10,Phone,East,Retail,3,1289.69,0.12,21,6.7,2770.49,0.97,3404.78,0.125,425.6,8,2023,3,5,1,2
ORD-04356,2023-08-10,Keyboard,West,Enterprise,17,1785.78,0.28,46,3.1,610.94,0.9,21857.95,0.106,2316.94,8,2023,3,1,4,0
ORD-04357,2023-08-10,Headphones,West,SMB,13,1828.34,0.12,40,5.5,4164.33,1.01,20916.21,0.142,2970.1,8,2023,3,0,4,3
ORD-04358,2023-08-10,Monitor,North,SMB,6,1596.82,0.15,52,6.4,742.89,1.08,8143.78,0.231,1881.21,8,2023,3,3,2,3
ORD-04359,2023-08-10,Phone,Central,Retail,5,393.48,0.07,33,7.4,1648.2,0.9,1829.68,0.343,627.58,8,2023,3,5,0,2
ORD-04360,2023-08-10,Tablet,North,SMB,16,1643.99,0.0,25,1.9,1960.98,1.04,26303.84,0.179,4708.39,8,2023,3,6,2,3
ORD-04361,2023-08-10,Webcam,South,SMB,11,589.3,0.27,44,1.0,4055.7,0.9,4732.08,0.12,567.85,8,2023,3,7,3,3
ORD-04362,2023-08-11,Tablet,South,Enterprise,17,1848.68,0.02,56,1.0,509.33,1.19,30799.01,0.136,4188.67,8,2023,3,6,3,0
ORD-04363,2023-08-11,Laptop,South,Online,5,1432.72,0.29,29,2.9,2280.21,1.09,5086.16,0.271,1378.35,8,2023,3,2,3,1
ORD-04364,2023-08-11,Keyboard,West,Online,6,1581.27,0.04,61,1.5,2239.91,1.04,9108.12,0.409,3725.22,8,2023,3,1,4,1
ORD-04365,2023-08-12,Keyboard,Central,Retail,10,215.81,0.18,21,5.4,2952.59,0.87,1769.64,0.428,757.41,8,2023,3,1,0,2
ORD-04366,2023-08-12,Phone,North,Online,1,1186.39,0.3,64,4.4,1833.96,1.03,830.47,0.216,179.38,8,2023,3,5,2,1
ORD-04367,2023-08-12,Monitor,North,Online,10,1651.23,0.04,42,8.9,2928.1,1.12,15851.81,0.365,5785.91,8,2023,3,3,2,1
ORD-04368,2023-08-13,Keyboard,South,Retail,17,1730.1,0.13,23,7.2,4930.88,1.09,25588.18,0.257,6576.16,8,2023,3,1,3,2
ORD-04369,2023-08-13,Phone,Central,Retail,3,105.83,0.23,20,2.1,450.59,1.11,244.47,0.489,119.55,8,2023,3,5,0,2
ORD-04370,2023-08-13,Phone,Central,Online,2,1881.36,0.01,56,0.5,4385.68,0.93,3725.09,0.262,975.97,8,2023,3,5,0,1
ORD-04371,2023-08-13,Mouse,East,Enterprise,17,134.51,0.21,41,7.1,1612.28,0.93,1806.47,0.258,466.07,8,2023,3,4,1,0
ORD-04372,2023-08-13,Mouse,Central,Retail,4,1248.31,0.02,38,8.5,2382.01,1.02,4893.38,0.301,1472.91,8,2023,3,4,0,2
ORD-04373,2023-08-13,Keyboard,Central,SMB,2,1402.11,0.07,23,7.0,3731.48,0.91,2607.92,0.11,286.87,8,2023,3,1,0,3
ORD-04374,2023-08-14,Phone,North,Retail,5,259.32,0.05,50,6.4,4559.18,0.85,1231.77,0.267,328.88,8,2023,3,5,2,2
ORD-04375,2023-08-14,Laptop,Central,SMB,10,143.62,0.27,25,2.5,144.47,0.98,1048.43,0.431,451.87,8,2023,3,2,0,3
ORD-04376,2023-08-14,Laptop,Central,Retail,1,1580.58,0.05,50,4.9,3344.74,0.8,1501.55,0.345,518.03,8,2023,3,2,0,2
ORD-04377,2023-08-14,Mouse,North,Retail,1,800.11,0.01,65,7.2,440.81,1.1,792.11,0.488,386.55,8,2023,3,4,2,2
ORD-04378,2023-08-14,Keyboard,Central,Online,4,258.87,0.18,20,1.9,2675.82,1.1,849.09,0.23,195.29,8,2023,3,1,0,1
ORD-04379,2023-08-14,Webcam,North,Online,7,1537.2,0.1,19,4.8,3773.82,1.02,9684.36,0.165,1597.92,8,2023,3,7,2,1
ORD-04380,2023-08-14,Monitor,East,Online,14,1705.87,0.12,55,1.2,930.72,1.1,21016.32,0.4,8406.53,8,2023,3,3,1,1
ORD-04381,2023-08-14,Headphones,West,Enterprise,14,1195.4,0.04,57,5.3,3842.55,1.05,16066.18,0.117,1879.74,8,2023,3,0,4,0
ORD-04382,2023-08-15,Webcam,North,Online,18,364.41,0.22,56,5.7,1616.74,1.08,5116.32,0.164,839.08,8,2023,3,7,2,1
ORD-04383,2023-08-15,Laptop,North,Online,2,79.68,0.18,56,5.4,3091.7,0.83,130.68,0.303,39.6,8,2023,3,2,2,1
ORD-04384,2023-08-15,Laptop,Central,Retail,1,1416.56,0.11,41,4.7,3324.4,1.15,1260.74,0.401,505.56,8,2023,3,2,0,2
ORD-04385,2023-08-15,Webcam,North,Retail,16,1122.77,0.05,38,5.9,3280.01,1.06,17066.1,0.34,5802.47,8,2023,3,7,2,2
ORD-04386,2023-08-15,Mouse,South,Enterprise,18,1319.05,0.18,68,10.0,190.87,1.04,19469.18,0.498,9695.65,8,2023,3,4,3,0
ORD-04387,2023-08-15,Mouse,South,SMB,16,1635.71,0.23,35,6.2,846.14,0.95,20151.95,0.362,7295.01,8,2023,3,4,3,3
ORD-04388,2023-08-15,Keyboard,East,Retail,6,896.74,0.09,52,7.5,4295.39,0.81,4896.2,0.39,1909.52,8,2023,3,1,1,2
ORD-04389,2023-08-16,Mouse,North,Retail,10,292.81,0.01,28,1.9,4705.23,1.16,2898.82,0.498,1443.61,8,2023,3,4,2,2
ORD-04390,2023-08-16,Tablet,Central,SMB,2,1882.97,0.06,28,5.3,2861.97,1.19,3539.98,0.337,1192.97,8,2023,3,6,0,3
ORD-04391,2023-08-16,Headphones,Central,Enterprise,7,1113.26,0.2,20,0.1,3025.16,1.12,6234.26,0.386,2406.42,8,2023,3,0,0,0
ORD-04392,2023-08-16,Webcam,West,Retail,17,1249.82,0.3,40,0.3,3799.65,1.17,14872.86,0.219,3257.16,8,2023,3,7,4,2
ORD-04393,2023-08-16,Webcam,East,Online,3,1870.15,0.0,18,3.2,2089.92,0.85,5610.45,0.315,1767.29,8,2023,3,7,1,1
ORD-04394,2023-08-16,Phone,Central,Enterprise,12,1866.59,0.09,40,4.7,1707.28,0.85,20383.16,0.465,9478.17,8,2023,3,5,0,0
ORD-04395,2023-08-16,Laptop,West,SMB,2,1165.58,0.02,39,5.8,3864.19,1.15,2284.54,0.441,1007.48,8,2023,3,2,4,3
ORD-04396,2023-08-17,Webcam,Central,SMB,7,630.34,0.09,59,8.9,238.6,0.82,4015.27,0.223,895.41,8,2023,3,7,0,3
ORD-04397,2023-08-17,Tablet,West,Online,17,1994.37,0.12,47,7.7,4438.2,0.84,29835.78,0.243,7250.09,8,2023,3,6,4,1
ORD-04398,2023-08-17,Webcam,South,Online,19,1377.59,0.28,19,3.0,2260.42,1.13,18845.43,0.439,8273.14,8,2023,3,7,3,1
ORD-04399,2023-08-17,Monitor,South,Online,12,846.45,0.02,34,7.4,2570.72,1.02,9954.25,0.214,2130.21,8,2023,3,3,3,1
ORD-04400,2023-08-18,Tablet,Central,Enterprise,9,1141.68,0.23,58,5.5,3207.96,0.96,7911.84,0.455,3599.89,8,2023,3,6,0,0
ORD-04401,2023-08-18,Keyboard,East,SMB,14,860.88,0.12,67,7.8,1444.49,1.02,10606.04,0.41,4348.48,8,2023,3,1,1,3
ORD-04402,2023-08-18,Monitor,North,Online,2,1782.2,0.24,37,4.1,3027.2,1.15,2708.94,0.161,436.14,8,2023,3,3,2,1
ORD-04403,2023-08-18,Monitor,East,Online,4,990.87,0.15,26,0.9,3495.89,1.1,3368.96,0.388,1307.16,8,2023,3,3,1,1
ORD-04404,2023-08-19,Webcam,East,SMB,19,1655.88,0.01,28,6.2,677.86,1.08,31147.1,0.434,13517.84,8,2023,3,7,1,3
ORD-04405,2023-08-19,Mouse,North,Retail,16,1688.34,0.28,34,5.6,2650.31,1.19,19449.68,0.158,3073.05,8,2023,3,4,2,2
ORD-04406,2023-08-19,Webcam,South,Enterprise,17,1657.45,0.02,31,9.5,1714.16,1.01,27613.12,0.283,7814.51,8,2023,3,7,3,0
ORD-04407,2023-08-20,Tablet,South,Retail,2,1458.27,0.18,35,1.6,2831.05,0.8,2391.56,0.445,1064.24,8,2023,3,6,3,2
ORD-04408,2023-08-20,Keyboard,North,Online,17,1717.01,0.26,35,6.6,204.34,0.97,21599.99,0.179,3866.4,8,2023,3,1,2,1
ORD-04409,2023-08-20,Laptop,West,Enterprise,19,805.1,0.02,61,4.7,3739.13,0.84,14990.96,0.28,4197.47,8,2023,3,2,4,0
ORD-04410,2023-08-20,Headphones,East,Retail,8,273.59,0.17,67,3.8,925.18,0.85,1816.64,0.345,626.74,8,2023,3,0,1,2
ORD-04411,2023-08-20,Mouse,Central,SMB,6,1692.79,0.25,25,7.9,3478.0,0.9,7617.56,0.139,1058.84,8,2023,3,4,0,3
ORD-04412,2023-08-20,Tablet,South,Online,12,1021.43,0.3,46,8.1,3867.19,0.95,8580.01,0.185,1587.3,8,2023,3,6,3,1
ORD-04413,2023-08-21,Laptop,Central,Enterprise,18,298.38,0.22,25,7.1,3787.8,0.99,4189.26,0.287,1202.32,8,2023,3,2,0,0
ORD-04414,2023-08-21,Tablet,North,Enterprise,2,274.86,0.08,43,0.8,4105.76,0.87,505.74,0.249,125.93,8,2023,3,6,2,0
ORD-04415,2023-08-21,Mouse,Central,Enterprise,19,360.52,0.21,45,3.5,1607.95,0.92,5411.41,0.23,1244.62,8,2023,3,4,0,0
ORD-04416,2023-08-21,Laptop,Central,Enterprise,10,1514.4,0.21,25,0.5,4838.85,0.91,11963.76,0.111,1327.98,8,2023,3,2,0,0
ORD-04417,2023-08-21,Mouse,East,Online,3,1436.17,0.21,37,3.4,216.71,0.95,3403.72,0.471,1603.15,8,2023,3,4,1,1
ORD-04418,2023-08-22,Tablet,North,Online,12,447.45,0.26,64,6.5,2457.88,0.84,3973.36,0.449,1784.04,8,2023,3,6,2,1
ORD-04419,2023-08-22,Monitor,Central,SMB,16,1701.5,0.03,25,5.2,1424.4,0.96,26407.28,0.257,6786.67,8,2023,3,3,0,3
ORD-04420,2023-08-22,Headphones,South,SMB,12,598.52,0.03,31,7.0,3725.41,1.02,6966.77,0.173,1205.25,8,2023,3,0,3,3
ORD-04421,2023-08-22,Phone,North,SMB,8,1596.32,0.19,30,5.5,4045.59,0.84,10344.15,0.128,1324.05,8,2023,3,5,2,3
ORD-04422,2023-08-23,Headphones,South,Retail,5,1003.17,0.29,57,5.6,4129.72,1.01,3561.25,0.149,530.63,8,2023,3,0,3,2
ORD-04423,2023-08-23,Monitor,West,SMB,11,1476.52,0.14,34,5.1,1554.83,1.1,13967.88,0.341,4763.05,8,2023,3,3,4,3
ORD-04424,2023-08-23,Mouse,Central,Online,10,793.71,0.29,68,3.6,1443.29,0.8,5635.34,0.394,2220.32,8,2023,3,4,0,1
ORD-04425,2023-08-24,Headphones,North,Retail,3,726.92,0.28,43,4.5,3416.99,0.82,1570.15,0.163,255.93,8,2023,3,0,2,2
ORD-04426,2023-08-24,Mouse,South,Online,9,1690.65,0.27,23,1.1,4648.1,0.99,11107.57,0.145,1610.6,8,2023,3,4,3,1
ORD-04427,2023-08-25,Mouse,Central,Retail,12,118.84,0.27,34,8.3,1345.61,1.15,1041.04,0.376,391.43,8,2023,3,4,0,2
ORD-04428,2023-08-25,Laptop,East,SMB,6,1950.74,0.27,21,8.9,4561.94,1.2,8544.24,0.307,2623.08,8,2023,3,2,1,3
ORD-04429,2023-08-26,Keyboard,South,SMB,19,1313.95,0.25,42,7.7,2998.16,0.84,18723.79,0.249,4662.22,8,2023,3,1,3,3
ORD-04430,2023-08-26,Mouse,South,SMB,16,893.34,0.21,24,5.8,3715.9,0.81,11291.82,0.39,4403.81,8,2023,3,4,3,3
ORD-04431,2023-08-26,Headphones,West,Retail,14,1274.71,0.01,34,5.7,2255.47,0.89,17667.48,0.282,4982.23,8,2023,3,0,4,2
ORD-04432,2023-08-26,Headphones,East,Online,4,289.34,0.04,39,4.7,4053.6,0.99,1111.07,0.286,317.77,8,2023,3,0,1,1
ORD-04433,2023-08-27,Headphones,West,Enterprise,18,1052.4,0.04,45,2.3,4855.42,1.03,18185.47,0.106,1927.66,8,2023,3,0,4,0
ORD-04434,2023-08-27,Monitor,East,Online,10,1970.94,0.01,67,3.8,935.82,1.19,19512.31,0.226,4409.78,8,2023,3,3,1,1
ORD-04435,2023-08-27,Phone,South,SMB,18,508.78,0.04,23,9.9,1989.24,1.16,8791.72,0.102,896.76,8,2023,3,5,3,3
ORD-04436,2023-08-27,Mouse,West,Retail,12,1458.44,0.28,47,1.5,4326.04,1.02,12600.92,0.47,5922.43,8,2023,3,4,4,2
ORD-04437,2023-08-28,Webcam,Central,Retail,19,898.19,0.2,27,5.4,965.7,0.94,13652.49,0.218,2976.24,8,2023,3,7,0,2
ORD-04438,2023-08-28,Mouse,East,SMB,8,1322.29,0.09,67,8.7,2123.52,0.93,9626.27,0.172,1655.72,8,2023,3,4,1,3
ORD-04439,2023-08-29,Mouse,South,Retail,1,449.53,0.24,56,4.5,913.96,1.03,341.64,0.136,46.46,8,2023,3,4,3,2
ORD-04440,2023-08-29,Webcam,North,SMB,14,967.41,0.15,31,6.1,3277.0,1.09,11512.18,0.119,1369.95,8,2023,3,7,2,3
ORD-04441,2023-08-29,Laptop,East,Online,6,1961.18,0.04,63,8.3,1267.76,0.99,11296.4,0.454,5128.57,8,2023,3,2,1,1
ORD-04442,2023-08-29,Mouse,East,Retail,14,430.81,0.27,59,5.5,1965.93,0.92,4402.88,0.167,735.28,8,2023,3,4,1,2
ORD-04443,2023-08-30,Monitor,Central,Enterprise,2,1291.07,0.1,39,7.3,2506.55,1.05,2323.93,0.347,806.4,8,2023,3,3,0,0
ORD-04444,2023-08-30,Tablet,East,Retail,9,1172.42,0.21,58,3.5,1555.93,1.02,8335.91,0.36,3000.93,8,2023,3,6,1,2
ORD-04445,2023-08-30,Keyboard,East,SMB,12,1151.85,0.09,43,7.3,3431.51,0.97,12578.2,0.227,2855.25,8,2023,3,1,1,3
ORD-04446,2023-08-30,Headphones,Central,Enterprise,5,1249.49,0.15,27,0.4,645.12,1.1,5310.33,0.433,2299.37,8,2023,3,0,0,0
ORD-04447,2023-08-31,Mouse,Central,SMB,2,1029.36,0.24,19,1.5,4411.02,0.91,1564.63,0.186,291.02,8,2023,3,4,0,3
ORD-04448,2023-08-31,Laptop,West,Retail,19,83.01,0.05,20,6.4,2458.57,0.99,1498.33,0.129,193.28,8,2023,3,2,4,2
ORD-04449,2023-08-31,Monitor,South,Enterprise,7,1805.19,0.29,65,4.5,2906.79,1.18,8971.79,0.127,1139.42,8,2023,3,3,3,0
ORD-04450,2023-08-31,Mouse,South,Enterprise,7,1662.61,0.02,59,8.3,3148.44,1.09,11405.5,0.22,2509.21,8,2023,3,4,3,0
ORD-04451,2023-08-31,Webcam,West,Retail,10,389.63,0.16,28,3.4,392.44,0.96,3272.89,0.285,932.77,8,2023,3,7,4,2
ORD-04452,2023-08-31,Laptop,South,Enterprise,17,855.88,0.27,27,7.7,3809.25,1.02,10621.47,0.352,3738.76,8,2023,3,2,3,0
ORD-04453,2023-08-31,Tablet,East,Online,14,1552.57,0.28,29,1.4,4735.12,0.96,15649.91,0.391,6119.11,8,2023,3,6,1,1
ORD-04454,2023-08-31,Phone,West,Enterprise,11,1961.12,0.07,31,9.3,2647.55,0.85,20062.26,0.171,3430.65,8,2023,3,5,4,0
ORD-04455,2023-08-31,Mouse,West,Enterprise,6,1904.72,0.04,47,4.2,2015.26,0.93,10971.19,0.374,4103.23,8,2023,3,4,4,0
ORD-04456,2023-08-31,Monitor,South,Online,8,1803.75,0.22,58,2.3,3945.5,1.14,11255.4,0.173,1947.18,8,2023,3,3,3,1
ORD-04457,2023-08-31,Laptop,North,SMB,19,358.83,0.01,30,7.9,3629.73,0.98,6749.59,0.499,3368.05,8,2023,3,2,2,3
ORD-04458,2023-09-01,Webcam,South,SMB,19,1833.23,0.15,47,9.5,3289.78,1.03,29606.66,0.484,14329.62,9,2023,3,7,3,3
ORD-04459,2023-09-01,Laptop,North,Online,17,1762.97,0.24,55,9.2,4830.22,0.87,22777.57,0.141,3211.64,9,2023,3,2,2,1
ORD-04460,2023-09-01,Mouse,West,Enterprise,18,785.05,0.17,28,2.4,2950.69,0.94,11728.65,0.362,4245.77,9,2023,3,4,4,0
ORD-04461,2023-09-01,Laptop,North,Retail,12,819.32,0.06,18,6.7,1317.04,1.17,9241.93,0.461,4260.53,9,2023,3,2,2,2
ORD-04462,2023-09-01,Phone,East,Online,9,946.82,0.15,44,5.5,221.35,0.93,7243.17,0.132,956.1,9,2023,3,5,1,1
ORD-04463,2023-09-01,Laptop,Central,Retail,16,1329.54,0.28,64,7.3,2321.96,0.9,15316.3,0.15,2297.44,9,2023,3,2,0,2
ORD-04464,2023-09-01,Headphones,North,SMB,18,558.63,0.19,56,4.9,3296.39,0.82,8144.83,0.239,1946.61,9,2023,3,0,2,3
ORD-04465,2023-09-01,Keyboard,Central,Online,16,94.75,0.22,60,4.7,943.48,0.84,1182.48,0.138,163.18,9,2023,3,1,0,1
ORD-04466,2023-09-02,Headphones,East,Retail,16,325.4,0.1,66,8.8,226.24,1.03,4685.76,0.454,2127.34,9,2023,3,0,1,2
ORD-04467,2023-09-02,Keyboard,Central,Enterprise,4,908.23,0.06,54,8.7,4554.54,1.06,3414.94,0.45,1536.72,9,2023,3,1,0,0
ORD-04468,2023-09-02,Laptop,East,Online,7,599.91,0.08,26,7.9,1579.54,1.06,3863.42,0.479,1850.58,9,2023,3,2,1,1
ORD-04469,2023-09-02,Webcam,Central,Retail,1,1540.81,0.16,65,7.0,2383.64,1.02,1294.28,0.182,235.56,9,2023,3,7,0,2
ORD-04470,2023-09-02,Webcam,Central,Online,1,258.05,0.08,60,6.8,546.25,1.0,237.41,0.118,28.01,9,2023,3,7,0,1
ORD-04471,2023-09-03,Mouse,South,Online,8,1839.06,0.16,43,0.6,1969.91,0.83,12358.48,0.278,3435.66,9,2023,3,4,3,1
ORD-04472,2023-09-03,Webcam,North,SMB,8,1795.89,0.21,42,7.5,2176.49,1.14,11350.02,0.452,5130.21,9,2023,3,7,2,3
ORD-04473,2023-09-03,Keyboard,Central,SMB,10,1822.08,0.22,34,6.4,4523.45,1.01,14212.22,0.355,5045.34,9,2023,3,1,0,3
ORD-04474,2023-09-03,Monitor,West,Enterprise,1,1492.24,0.05,23,3.0,4340.74,0.85,1417.63,0.499,707.4,9,2023,3,3,4,0
ORD-04475,2023-09-04,Keyboard,South,SMB,14,258.65,0.23,32,8.2,1026.11,0.85,2788.25,0.462,1288.17,9,2023,3,1,3,3
ORD-04476,2023-09-04,Headphones,North,SMB,14,904.37,0.2,20,8.3,2824.7,1.01,10128.94,0.257,2603.14,9,2023,3,0,2,3
ORD-04477,2023-09-04,Laptop,South,SMB,10,306.24,0.0,48,9.3,3683.11,0.9,3062.4,0.116,355.24,9,2023,3,2,3,3
ORD-04478,2023-09-04,Mouse,North,Retail,19,1976.01,0.02,45,4.2,1530.07,1.17,36793.31,0.102,3752.92,9,2023,3,4,2,2
ORD-04479,2023-09-05,Tablet,East,Online,16,699.42,0.19,26,5.5,2032.72,1.0,9064.48,0.358,3245.08,9,2023,3,6,1,1
ORD-04480,2023-09-05,Mouse,Central,SMB,9,1191.39,0.12,61,9.1,4925.92,1.19,9435.81,0.466,4397.09,9,2023,3,4,0,3
ORD-04481,2023-09-05,Mouse,West,Retail,16,1569.82,0.04,68,3.2,3822.69,1.09,24112.44,0.278,6703.26,9,2023,3,4,4,2
ORD-04482,2023-09-05,Mouse,South,Online,8,1845.2,0.01,35,8.0,2242.18,1.12,14613.98,0.45,6576.29,9,2023,3,4,3,1
ORD-04483,2023-09-06,Monitor,South,SMB,7,1523.32,0.05,65,9.9,2717.0,0.96,10130.08,0.327,3312.54,9,2023,3,3,3,3
ORD-04484,2023-09-06,Phone,South,SMB,11,1365.28,0.29,57,6.5,3166.33,0.85,10662.84,0.139,1482.13,9,2023,3,5,3,3
ORD-04485,2023-09-06,Headphones,South,Online,6,958.66,0.22,49,9.8,2544.32,1.08,4486.53,0.419,1879.86,9,2023,3,0,3,1
ORD-04486,2023-09-06,Laptop,Central,Retail,15,1230.53,0.16,36,5.2,2116.94,0.96,15504.68,0.297,4604.89,9,2023,3,2,0,2
ORD-04487,2023-09-07,Phone,North,Retail,19,233.62,0.28,22,1.5,1860.81,1.18,3195.92,0.12,383.51,9,2023,3,5,2,2
ORD-04488,2023-09-07,Tablet,Central,Enterprise,14,1773.65,0.19,61,1.8,928.01,0.88,20113.19,0.426,8568.22,9,2023,3,6,0,0
ORD-04489,2023-09-07,Phone,East,Online,15,1110.37,0.22,23,7.3,4870.74,1.05,12991.33,0.403,5235.51,9,2023,3,5,1,1
ORD-04490,2023-09-07,Laptop,Central,Enterprise,6,128.26,0.08,29,0.0,547.92,1.15,708.0,0.283,200.36,9,2023,3,2,0,0
ORD-04491,2023-09-08,Headphones,Central,Retail,10,1843.81,0.18,64,6.6,3045.01,0.96,15119.24,0.108,1632.88,9,2023,3,0,0,2
ORD-04492,2023-09-08,Headphones,East,SMB,14,1004.14,0.04,59,1.5,4802.05,1.18,13495.64,0.239,3225.46,9,2023,3,0,1,3
ORD-04493,2023-09-08,Laptop,Central,Enterprise,16,1743.75,0.12,34,9.8,1937.16,0.83,24552.0,0.274,6727.25,9,2023,3,2,0,0
ORD-04494,2023-09-08,Tablet,North,Retail,13,1720.93,0.01,56,1.6,1336.86,1.03,22148.37,0.166,3676.63,9,2023,3,6,2,2
ORD-04495,2023-09-08,Laptop,West,Retail,11,1640.72,0.06,24,5.5,4782.06,1.11,16965.04,0.164,2782.27,9,2023,3,2,4,2
ORD-04496,2023-09-08,Tablet,East,SMB,3,169.74,0.02,28,6.7,4028.52,0.88,499.04,0.167,83.34,9,2023,3,6,1,3
ORD-04497,2023-09-09,Tablet,South,Online,8,531.78,0.12,51,8.2,3309.62,0.82,3743.73,0.248,928.45,9,2023,3,6,3,1
ORD-04498,2023-09-09,Laptop,North,Retail,3,1757.32,0.25,19,4.6,3098.74,0.83,3953.97,0.427,1688.35,9,2023,3,2,2,2
ORD-04499,2023-09-09,Keyboard,West,Enterprise,2,1803.03,0.11,31,9.3,1864.62,0.93,3209.39,0.404,1296.59,9,2023,3,1,4,0
ORD-04500,2023-09-09,Headphones,North,SMB,14,943.23,0.25,35,4.8,3242.46,0.89,9903.92,0.104,1030.01,9,2023,3,0,2,3
ORD-04501,2023-09-09,Tablet,North,Online,15,908.08,0.2,65,2.5,3652.62,0.89,10896.96,0.104,1133.28,9,2023,3,6,2,1
ORD-04502,2023-09-10,Laptop,South,Online,3,391.52,0.15,60,5.9,255.48,0.98,998.38,0.131,130.79,9,2023,3,2,3,1
ORD-04503,2023-09-10,Webcam,West,Online,1,1938.4,0.07,26,6.6,676.68,0.83,1802.71,0.287,517.38,9,2023,3,7,4,1
ORD-04504,2023-09-10,Keyboard,North,Retail,15,465.62,0.28,56,5.1,1644.04,1.2,5028.7,0.456,2293.09,9,2023,3,1,2,2
ORD-04505,2023-09-10,Headphones,South,Online,2,422.33,0.02,21,7.3,1683.33,1.08,827.77,0.173,143.2,9,2023,3,0,3,1
ORD-04506,2023-09-11,Tablet,East,Retail,18,1338.42,0.21,65,4.2,4512.53,0.81,19032.33,0.291,5538.41,9,2023,3,6,1,2
ORD-04507,2023-09-11,Headphones,South,SMB,1,523.55,0.19,31,0.0,3454.08,1.08,424.08,0.116,49.19,9,2023,3,0,3,3
ORD-04508,2023-09-11,Keyboard,Central,SMB,9,1880.6,0.13,28,2.6,1930.17,1.12,14725.1,0.108,1590.31,9,2023,3,1,0,3
ORD-04509,2023-09-11,Headphones,South,Online,3,71.27,0.07,47,9.5,4065.09,0.88,198.84,0.103,20.48,9,2023,3,0,3,1
ORD-04510,2023-09-11,Monitor,South,SMB,2,61.22,0.13,57,7.6,1683.65,1.14,106.52,0.395,42.08,9,2023,3,3,3,3
ORD-04511,2023-09-11,Mouse,South,Enterprise,4,1034.51,0.26,60,1.9,4954.71,1.04,3062.15,0.11,336.84,9,2023,3,4,3,0
ORD-04512,2023-09-11,Monitor,North,Enterprise,16,1001.72,0.25,44,0.7,3929.94,1.13,12020.64,0.21,2524.33,9,2023,3,3,2,0
ORD-04513,2023-09-12,Keyboard,West,Retail,1,368.56,0.28,46,3.5,4061.11,1.09,265.36,0.358,95.0,9,2023,3,1,4,2
ORD-04514,2023-09-12,Tablet,South,Online,9,1014.31,0.09,69,8.4,1378.77,1.08,8307.2,0.347,2882.6,9,2023,3,6,3,1
ORD-04515,2023-09-12,Laptop,South,Retail,8,852.74,0.12,49,1.1,810.67,0.86,6003.29,0.122,732.4,9,2023,3,2,3,2
ORD-04516,2023-09-12,Phone,Central,SMB,6,1786.14,0.01,66,5.4,2008.74,0.93,10609.67,0.203,2153.76,9,2023,3,5,0,3
ORD-04517,2023-09-12,Laptop,Central,Online,18,68.05,0.28,47,2.8,1737.76,1.01,881.93,0.356,313.97,9,2023,3,2,0,1
ORD-04518,2023-09-13,Headphones,East,Retail,16,1953.73,0.1,43,7.3,3872.18,0.85,28133.71,0.257,7230.36,9,2023,3,0,1,2
ORD-04519,2023-09-13,Phone,East,Online,8,1267.57,0.12,47,0.0,954.01,0.99,8923.69,0.286,2552.18,9,2023,3,5,1,1
ORD-04520,2023-09-13,Phone,Central,Online,4,346.09,0.27,68,2.8,2684.58,0.98,1010.58,0.183,184.94,9,2023,3,5,0,1
ORD-04521,2023-09-13,Headphones,West,Retail,3,141.18,0.16,27,6.8,3178.15,0.89,355.77,0.115,40.91,9,2023,3,0,4,2
ORD-04522,2023-09-13,Headphones,East,Online,15,1099.31,0.17,29,5.5,1987.31,0.88,13686.41,0.238,3257.37,9,2023,3,0,1,1
ORD-04523,2023-09-14,Tablet,West,SMB,6,508.04,0.05,50,7.8,1082.98,0.9,2895.83,0.373,1080.14,9,2023,3,6,4,3
ORD-04524,2023-09-14,Keyboard,Central,Enterprise,1,637.27,0.15,51,1.6,4488.77,1.04,541.68,0.407,220.46,9,2023,3,1,0,0
ORD-04525,2023-09-15,Webcam,East,Enterprise,18,528.01,0.28,35,5.3,780.32,0.97,6843.01,0.337,2306.09,9,2023,3,7,1,0
ORD-04526,2023-09-15,Laptop,South,Online,11,1317.84,0.17,56,2.0,1588.64,0.97,12031.88,0.257,3092.19,9,2023,3,2,3,1
ORD-04527,2023-09-15,Keyboard,Central,Enterprise,3,1129.38,0.08,33,6.4,3807.18,0.87,3117.09,0.333,1037.99,9,2023,3,1,0,0
ORD-04528,2023-09-15,Monitor,East,Online,13,202.05,0.01,62,1.3,3066.03,1.11,2600.38,0.382,993.35,9,2023,3,3,1,1
ORD-04529,2023-09-15,Tablet,West,Retail,17,1076.73,0.1,21,1.5,3680.16,1.08,16473.97,0.402,6622.54,9,2023,3,6,4,2
ORD-04530,2023-09-15,Tablet,West,SMB,18,1592.82,0.17,27,3.3,4062.96,0.97,23796.73,0.138,3283.95,9,2023,3,6,4,3
ORD-04531,2023-09-16,Webcam,East,Enterprise,14,208.33,0.01,45,4.0,4487.43,0.86,2887.45,0.421,1215.62,9,2023,3,7,1,0
ORD-04532,2023-09-16,Monitor,West,Retail,7,1784.99,0.18,58,5.0,1592.37,1.09,10245.84,0.125,1280.73,9,2023,3,3,4,2
ORD-04533,2023-09-16,Laptop,East,SMB,7,1177.7,0.16,35,5.8,2424.1,1.16,6924.88,0.448,3102.35,9,2023,3,2,1,3
ORD-04534,2023-09-16,Mouse,East,Enterprise,14,1903.72,0.24,26,4.7,3472.72,0.87,20255.58,0.257,5205.68,9,2023,3,4,1,0
ORD-04535,2023-09-17,Monitor,West,Enterprise,15,338.88,0.01,39,0.5,3994.25,1.04,5032.37,0.319,1605.33,9,2023,3,3,4,0
ORD-04536,2023-09-17,Laptop,North,SMB,12,1987.45,0.23,27,3.4,2931.3,0.97,18364.04,0.216,3966.63,9,2023,3,2,2,3
ORD-04537,2023-09-17,Phone,South,Retail,12,1306.33,0.16,57,0.6,2617.37,0.84,13167.81,0.271,3568.48,9,2023,3,5,3,2
ORD-04538,2023-09-17,Headphones,Central,Retail,8,1156.61,0.11,40,1.2,3489.64,1.09,8235.06,0.438,3606.96,9,2023,3,0,0,2
ORD-04539,2023-09-17,Tablet,South,Enterprise,16,1054.8,0.29,60,0.9,1971.94,0.83,11982.53,0.218,2612.19,9,2023,3,6,3,0
ORD-04540,2023-09-17,Laptop,Central,SMB,9,96.13,0.05,30,1.6,4479.15,1.08,821.91,0.326,267.94,9,2023,3,2,0,3
ORD-04541,2023-09-17,Keyboard,Central,Retail,2,1882.3,0.16,41,8.1,1139.87,0.91,3162.26,0.359,1135.25,9,2023,3,1,0,2
ORD-04542,2023-09-17,Webcam,South,SMB,14,1305.79,0.1,30,6.3,4431.62,1.03,16452.95,0.159,2616.02,9,2023,3,7,3,3
ORD-04543,2023-09-18,Headphones,East,SMB,16,228.67,0.16,65,5.1,3253.72,0.86,3073.32,0.411,1263.13,9,2023,3,0,1,3
ORD-04544,2023-09-18,Keyboard,West,Enterprise,5,90.86,0.17,62,7.3,3043.23,0.95,377.07,0.5,188.54,9,2023,3,1,4,0
ORD-04545,2023-09-18,Headphones,North,SMB,5,149.03,0.03,42,9.6,2402.78,0.84,722.8,0.162,117.09,9,2023,3,0,2,3
ORD-04546,2023-09-19,Tablet,North,SMB,18,1238.32,0.2,61,4.2,858.26,0.99,17831.81,0.407,7257.55,9,2023,3,6,2,3
ORD-04547,2023-09-19,Monitor,North,Online,18,1247.33,0.19,64,3.7,4338.18,0.89,18186.07,0.159,2891.59,9,2023,3,3,2,1
ORD-04548,2023-09-19,Mouse,South,SMB,5,1024.35,0.23,46,9.8,357.42,0.88,3943.75,0.48,1893.0,9,2023,3,4,3,3
ORD-04549,2023-09-19,Monitor,South,Retail,11,648.19,0.03,33,7.7,1422.83,0.84,6916.19,0.264,1825.87,9,2023,3,3,3,2
ORD-04550,2023-09-19,Laptop,East,Enterprise,13,1086.9,0.09,57,7.8,637.56,1.11,12858.03,0.492,6326.15,9,2023,3,2,1,0
ORD-04551,2023-09-20,Webcam,North,Enterprise,3,1056.79,0.2,23,6.0,623.49,1.06,2536.3,0.127,322.11,9,2023,3,7,2,0
ORD-04552,2023-09-20,Monitor,East,SMB,17,87.86,0.04,25,5.1,2013.07,0.86,1433.88,0.416,596.49,9,2023,3,3,1,3
ORD-04553,2023-09-20,Tablet,North,SMB,18,600.81,0.2,51,5.5,886.09,0.99,8651.66,0.289,2500.33,9,2023,3,6,2,3
ORD-04554,2023-09-20,Webcam,South,Retail,14,153.71,0.02,35,6.5,2948.79,1.06,2108.9,0.216,455.52,9,2023,3,7,3,2
ORD-04555,2023-09-20,Laptop,West,Online,12,1805.3,0.1,60,3.8,3173.08,1.15,19497.24,0.399,7779.4,9,2023,3,2,4,1
ORD-04556,2023-09-20,Phone,West,Enterprise,14,1464.19,0.25,49,7.8,4422.26,0.82,15374.0,0.354,5442.4,9,2023,3,5,4,0
ORD-04557,2023-09-21,Monitor,West,Online,18,1992.42,0.23,66,9.1,1568.37,0.94,27614.94,0.461,12730.49,9,2023,3,3,4,1
ORD-04558,2023-09-21,Monitor,West,Retail,2,639.23,0.19,27,5.7,1614.97,1.05,1035.55,0.2,207.11,9,2023,3,3,4,2
ORD-04559,2023-09-21,Mouse,Central,Enterprise,7,1763.05,0.26,51,3.8,1307.21,0.81,9132.6,0.476,4347.12,9,2023,3,4,0,0
ORD-04560,2023-09-21,Laptop,North,Retail,15,1225.96,0.21,40,7.0,3930.87,0.9,14527.63,0.357,5186.36,9,2023,3,2,2,2
ORD-04561,2023-09-21,Keyboard,West,SMB,10,933.59,0.16,36,1.8,2197.49,1.1,7842.16,0.28,2195.8,9,2023,3,1,4,3
ORD-04562,2023-09-21,Monitor,Central,Retail,15,484.02,0.29,37,9.7,2806.87,0.94,5154.81,0.121,623.73,9,2023,3,3,0,2
ORD-04563,2023-09-22,Tablet,Central,SMB,17,1489.86,0.21,69,6.6,1935.63,0.83,20008.82,0.406,8123.58,9,2023,3,6,0,3
ORD-04564,2023-09-22,Monitor,Central,Online,11,1813.07,0.18,69,0.7,868.38,1.05,16353.89,0.443,7244.77,9,2023,3,3,0,1
ORD-04565,2023-09-22,Mouse,East,Enterprise,2,508.85,0.12,51,5.3,602.4,0.9,895.58,0.424,379.73,9,2023,3,4,1,0
ORD-04566,2023-09-23,Phone,East,Enterprise,18,392.01,0.27,55,7.5,4354.54,1.08,5151.01,0.394,2029.5,9,2023,3,5,1,0
ORD-04567,2023-09-23,Mouse,Central,Online,4,1407.63,0.09,34,2.8,1400.86,1.16,5123.77,0.488,2500.4,9,2023,3,4,0,1
ORD-04568,2023-09-24,Monitor,West,SMB,9,1955.1,0.0,61,0.5,4713.94,1.01,17595.9,0.44,7742.2,9,2023,3,3,4,3
ORD-04569,2023-09-24,Webcam,North,Enterprise,17,1512.41,0.06,22,4.9,4741.74,1.04,24168.31,0.471,11383.27,9,2023,3,7,2,0
ORD-04570,2023-09-24,Keyboard,South,Retail,17,604.93,0.03,19,8.3,2446.72,1.01,9975.3,0.392,3910.32,9,2023,3,1,3,2
ORD-04571,2023-09-25,Headphones,East,SMB,17,868.91,0.1,58,2.5,4797.08,1.13,13294.32,0.428,5689.97,9,2023,3,0,1,3
ORD-04572,2023-09-25,Monitor,West,Enterprise,16,799.42,0.25,51,7.2,239.59,0.9,9593.04,0.216,2072.1,9,2023,3,3,4,0
ORD-04573,2023-09-25,Laptop,West,Retail,8,1711.59,0.2,37,4.1,549.09,0.96,10954.18,0.368,4031.14,9,2023,3,2,4,2
ORD-04574,2023-09-26,Monitor,South,Retail,15,1554.17,0.05,63,0.6,1292.22,1.16,22146.92,0.182,4030.74,9,2023,3,3,3,2
ORD-04575,2023-09-26,Keyboard,South,Enterprise,1,1198.5,0.24,64,3.0,1125.05,1.09,910.86,0.128,116.59,9,2023,3,1,3,0
ORD-04576,2023-09-26,Laptop,West,Online,19,586.17,0.15,19,3.1,1337.93,0.93,9466.65,0.332,3142.93,9,2023,3,2,4,1
ORD-04577,2023-09-26,Tablet,South,Online,15,1879.08,0.15,45,9.0,2316.24,1.13,23958.27,0.413,9894.77,9,2023,3,6,3,1
ORD-04578,2023-09-26,Webcam,West,Enterprise,9,1323.96,0.11,35,9.8,408.31,0.9,10604.92,0.133,1410.45,9,2023,3,7,4,0
ORD-04579,2023-09-26,Laptop,South,Retail,5,1942.43,0.26,61,2.1,2821.4,1.05,7186.99,0.173,1243.35,9,2023,3,2,3,2
ORD-04580,2023-09-26,Mouse,South,Online,16,1181.23,0.1,56,4.3,1616.33,1.18,17009.71,0.137,2330.33,9,2023,3,4,3,1
ORD-04581,2023-09-27,Phone,West,Online,13,1651.33,0.03,65,9.8,450.58,1.03,20823.27,0.354,7371.44,9,2023,3,5,4,1
ORD-04582,2023-09-27,Mouse,Central,Online,16,1635.56,0.09,68,4.1,3790.73,1.12,23813.75,0.132,3143.42,9,2023,3,4,0,1
ORD-04583,2023-09-28,Headphones,West,SMB,11,707.79,0.21,52,3.5,3301.81,1.09,6150.7,0.137,842.65,9,2023,3,0,4,3
ORD-04584,2023-09-28,Laptop,North,Online,13,1929.84,0.2,32,1.1,3987.81,1.15,20070.34,0.206,4134.49,9,2023,3,2,2,1
ORD-04585,2023-09-28,Tablet,South,Enterprise,6,92.79,0.06,64,7.5,4702.25,1.19,523.34,0.208,108.85,9,2023,3,6,3,0
ORD-04586,2023-09-28,Monitor,East,Enterprise,17,1548.99,0.03,56,4.5,2970.25,0.81,25542.85,0.323,8250.34,9,2023,3,3,1,0
ORD-04587,2023-09-29,Webcam,South,SMB,5,1932.84,0.2,57,6.4,3954.91,0.81,7731.36,0.113,873.64,9,2023,3,7,3,3
ORD-04588,2023-09-29,Laptop,North,SMB,17,710.87,0.2,56,5.1,1076.0,1.04,9667.83,0.346,3345.07,9,2023,3,2,2,3
ORD-04589,2023-09-29,Mouse,East,Enterprise,1,1313.82,0.11,20,1.7,2110.8,1.18,1169.3,0.265,309.86,9,2023,3,4,1,0
ORD-04590,2023-09-29,Laptop,East,SMB,5,1146.34,0.25,36,1.8,2697.35,0.99,4298.77,0.171,735.09,9,2023,3,2,1,3
ORD-04591,2023-09-29,Laptop,West,Online,5,1534.94,0.29,40,9.4,2751.95,1.14,5449.04,0.361,1967.1,9,2023,3,2,4,1
ORD-04592,2023-09-30,Laptop,Central,Retail,7,1739.05,0.06,36,8.9,3619.85,1.11,11442.95,0.232,2654.76,9,2023,3,2,0,2
ORD-04593,2023-09-30,Tablet,West,Retail,16,1225.94,0.17,35,6.1,4000.11,1.0,16280.48,0.431,7016.89,9,2023,3,6,4,2
ORD-04594,2023-10-01,Webcam,East,Retail,18,1641.01,0.0,47,0.0,3367.58,1.01,29538.18,0.496,14650.94,10,2023,4,7,1,2
ORD-04595,2023-10-01,Keyboard,East,Enterprise,6,658.96,0.21,56,4.3,331.5,0.97,3123.47,0.412,1286.87,10,2023,4,1,1,0
ORD-04596,2023-10-01,Keyboard,Central,SMB,2,495.74,0.12,36,5.3,1820.96,0.9,872.5,0.397,346.38,10,2023,4,1,0,3
ORD-04597,2023-10-01,Laptop,South,Retail,13,889.8,0.06,22,4.5,2904.95,1.14,10873.36,0.242,2631.35,10,2023,4,2,3,2
ORD-04598,2023-10-02,Tablet,Central,Online,10,1371.59,0.23,30,9.3,2588.56,0.88,10561.24,0.314,3316.23,10,2023,4,6,0,1
ORD-04599,2023-10-02,Tablet,West,Online,11,415.13,0.24,51,0.4,319.51,1.16,3470.49,0.121,419.93,10,2023,4,6,4,1
ORD-04600,2023-10-02,Headphones,South,Online,2,1376.69,0.03,41,6.5,4905.12,0.94,2670.78,0.391,1044.27,10,2023,4,0,3,1
ORD-04601,2023-10-02,Laptop,West,SMB,8,818.48,0.01,35,3.1,4784.92,0.81,6482.36,0.37,2398.47,10,2023,4,2,4,3
ORD-04602,2023-10-03,Mouse,Central,Retail,19,1601.37,0.1,21,5.6,3891.43,0.87,27383.43,0.208,5695.75,10,2023,4,4,0,2
ORD-04603,2023-10-04,Mouse,South,Online,17,121.83,0.19,53,6.6,371.23,1.16,1677.6,0.314,526.77,10,2023,4,4,3,1
ORD-04604,2023-10-04,Phone,Central,SMB,16,1352.57,0.24,25,4.4,2208.02,0.85,16447.25,0.372,6118.38,10,2023,4,5,0,3
ORD-04605,2023-10-04,Webcam,North,Online,10,1317.15,0.16,60,1.5,2107.87,1.1,11064.06,0.247,2732.82,10,2023,4,7,2,1
ORD-04606,2023-10-04,Laptop,East,Retail,5,1884.82,0.17,18,5.2,2834.33,0.87,7822.0,0.39,3050.58,10,2023,4,2,1,2
ORD-04607,2023-10-04,Phone,South,Retail,14,1441.07,0.24,58,9.3,374.05,1.0,15332.98,0.419,6424.52,10,2023,4,5,3,2
ORD-04608,2023-10-05,Mouse,East,Retail,19,1602.79,0.16,55,5.4,2175.92,0.88,25580.53,0.189,4834.72,10,2023,4,4,1,2
ORD-04609,2023-10-05,Mouse,North,Retail,4,1813.95,0.18,53,1.2,3813.41,0.93,5949.76,0.221,1314.9,10,2023,4,4,2,2
ORD-04610,2023-10-05,Laptop,South,Retail,16,1366.35,0.15,55,8.2,4990.24,0.85,18582.36,0.261,4850.0,10,2023,4,2,3,2
ORD-04611,2023-10-05,Phone,East,Online,15,615.8,0.26,30,2.2,3017.67,1.02,6835.38,0.194,1326.06,10,2023,4,5,1,1
ORD-04612,2023-10-05,Phone,East,Retail,9,1746.06,0.07,39,3.7,4709.0,0.95,14614.52,0.41,5991.95,10,2023,4,5,1,2
ORD-04613,2023-10-06,Laptop,South,Online,3,1507.78,0.08,46,4.3,4992.84,0.95,4161.47,0.329,1369.12,10,2023,4,2,3,1
ORD-04614,2023-10-06,Webcam,East,Retail,9,877.65,0.04,26,3.4,2230.43,0.82,7582.9,0.252,1910.89,10,2023,4,7,1,2
ORD-04615,2023-10-06,Headphones,East,Online,18,1435.53,0.25,44,4.0,3376.58,0.85,19379.66,0.106,2054.24,10,2023,4,0,1,1
ORD-04616,2023-10-06,Phone,South,Retail,4,1741.99,0.12,63,8.0,1144.75,1.08,6131.8,0.23,1410.31,10,2023,4,5,3,2
ORD-04617,2023-10-06,Headphones,East,Online,19,1952.52,0.1,61,2.2,2430.67,0.92,33388.09,0.435,14523.82,10,2023,4,0,1,1
ORD-04618,2023-10-06,Monitor,East,Retail,4,1907.09,0.29,21,4.7,484.22,0.98,5416.14,0.397,2150.21,10,2023,4,3,1,2
ORD-04619,2023-10-06,Webcam,West,SMB,9,684.39,0.28,57,0.2,242.83,1.11,4434.85,0.127,563.23,10,2023,4,7,4,3
ORD-04620,2023-10-07,Mouse,West,Online,1,872.3,0.29,34,5.1,4475.3,0.98,619.33,0.421,260.74,10,2023,4,4,4,1
ORD-04621,2023-10-07,Keyboard,North,SMB,1,263.6,0.04,54,1.1,4306.16,0.89,253.06,0.172,43.53,10,2023,4,1,2,3
ORD-04622,2023-10-07,Webcam,West,Online,19,532.71,0.27,20,2.8,1629.12,1.02,7388.69,0.495,3657.4,10,2023,4,7,4,1
ORD-04623,2023-10-08,Headphones,West,Online,3,1770.72,0.1,21,3.2,2339.07,1.12,4780.94,0.447,2137.08,10,2023,4,0,4,1
ORD-04624,2023-10-08,Headphones,North,Online,10,753.66,0.0,57,0.8,2518.69,1.04,7536.6,0.465,3504.52,10,2023,4,0,2,1
ORD-04625,2023-10-08,Headphones,East,Enterprise,12,1260.08,0.12,33,3.6,2651.44,0.97,13306.44,0.408,5429.03,10,2023,4,0,1,0
ORD-04626,2023-10-09,Tablet,East,Retail,18,1348.63,0.15,28,5.0,759.4,0.85,20634.04,0.384,7923.47,10,2023,4,6,1,2
ORD-04627,2023-10-09,Webcam,West,SMB,14,1574.57,0.03,44,4.3,3897.79,0.9,21382.66,0.198,4233.77,10,2023,4,7,4,3
ORD-04628,2023-10-09,Phone,North,SMB,10,406.46,0.16,43,2.8,1804.3,1.18,3414.26,0.335,1143.78,10,2023,4,5,2,3
ORD-04629,2023-10-09,Phone,East,Online,10,644.39,0.25,48,2.9,255.31,1.11,4832.92,0.379,1831.68,10,2023,4,5,1,1
ORD-04630,2023-10-09,Tablet,Central,SMB,18,924.26,0.11,51,6.3,3415.15,0.84,14806.65,0.215,3183.43,10,2023,4,6,0,3
ORD-04631,2023-10-09,Phone,South,SMB,1,761.44,0.11,25,7.2,4166.4,0.8,677.68,0.259,175.52,10,2023,4,5,3,3
ORD-04632,2023-10-10,Tablet,South,SMB,15,1966.67,0.1,56,5.8,4598.82,0.87,26550.04,0.479,12717.47,10,2023,4,6,3,3
ORD-04633,2023-10-10,Headphones,South,SMB,8,1678.13,0.28,18,9.8,3404.59,1.18,9666.03,0.263,2542.17,10,2023,4,0,3,3
ORD-04634,2023-10-10,Laptop,West,Enterprise,3,985.39,0.01,19,9.4,1037.27,1.03,2926.61,0.226,661.41,10,2023,4,2,4,0
ORD-04635,2023-10-10,Webcam,South,Online,18,1764.57,0.13,44,1.0,2989.92,1.14,27633.17,0.143,3951.54,10,2023,4,7,3,1
ORD-04636,2023-10-10,Monitor,South,SMB,9,727.92,0.08,62,2.6,4567.63,0.99,6027.18,0.237,1428.44,10,2023,4,3,3,3
ORD-04637,2023-10-10,Headphones,Central,Enterprise,16,1582.37,0.27,60,8.7,1817.74,1.13,18482.08,0.345,6376.32,10,2023,4,0,0,0
ORD-04638,2023-10-11,Monitor,East,Enterprise,15,486.17,0.03,20,0.3,4771.42,0.81,7073.77,0.159,1124.73,10,2023,4,3,1,0
ORD-04639,2023-10-11,Mouse,Central,Online,5,1556.03,0.12,51,5.9,578.63,0.97,6846.53,0.342,2341.51,10,2023,4,4,0,1
ORD-04640,2023-10-11,Headphones,West,Retail,13,940.08,0.12,33,9.5,3667.46,0.95,10754.52,0.396,4258.79,10,2023,4,0,4,2
ORD-04641,2023-10-11,Keyboard,South,Retail,7,259.62,0.27,18,6.8,687.56,1.19,1326.66,0.407,539.95,10,2023,4,1,3,2
ORD-04642,2023-10-11,Phone,East,Retail,16,582.86,0.06,24,0.9,4014.49,0.92,8766.21,0.494,4330.51,10,2023,4,5,1,2
ORD-04643,2023-10-11,Keyboard,South,SMB,7,834.44,0.19,52,7.5,578.51,0.97,4731.27,0.274,1296.37,10,2023,4,1,3,3
ORD-04644,2023-10-12,Laptop,South,Online,16,1511.12,0.04,39,3.8,1696.05,1.1,23210.8,0.113,2622.82,10,2023,4,2,3,1
ORD-04645,2023-10-12,Monitor,West,Retail,13,192.32,0.29,65,9.2,3906.62,1.15,1775.11,0.442,784.6,10,2023,4,3,4,2
ORD-04646,2023-10-12,Webcam,South,SMB,17,1336.12,0.18,49,2.9,2354.95,1.15,18625.51,0.133,2477.19,10,2023,4,7,3,3
ORD-04647,2023-10-12,Headphones,North,Online,9,1446.23,0.19,43,4.7,4425.16,0.96,10543.02,0.445,4691.64,10,2023,4,0,2,1
ORD-04648,2023-10-12,Webcam,East,SMB,12,1325.15,0.13,23,7.5,2068.52,1.18,13834.57,0.493,6820.44,10,2023,4,7,1,3
ORD-04649,2023-10-12,Laptop,East,Retail,13,1533.31,0.1,63,2.6,4975.29,1.06,17939.73,0.463,8306.09,10,2023,4,2,1,2
ORD-04650,2023-10-12,Laptop,North,Retail,9,397.43,0.06,28,1.8,191.51,1.14,3362.26,0.486,1634.06,10,2023,4,2,2,2
ORD-04651,2023-10-12,Phone,West,Enterprise,5,1194.85,0.18,48,0.0,3510.7,1.17,4898.88,0.109,533.98,10,2023,4,5,4,0
ORD-04652,2023-10-13,Laptop,South,Enterprise,7,1885.23,0.29,38,4.9,4587.85,0.89,9369.59,0.105,983.81,10,2023,4,2,3,0
ORD-04653,2023-10-13,Headphones,South,Online,1,1241.03,0.11,68,9.3,2726.33,1.0,1104.52,0.184,203.23,10,2023,4,0,3,1
ORD-04654,2023-10-13,Headphones,East,SMB,4,1242.11,0.26,39,2.8,4943.7,1.04,3676.65,0.419,1540.52,10,2023,4,0,1,3
ORD-04655,2023-10-13,Webcam,West,SMB,4,1486.06,0.04,18,0.4,3569.32,1.12,5706.47,0.136,776.08,10,2023,4,7,4,3
ORD-04656,2023-10-13,Webcam,West,Retail,16,699.75,0.28,38,6.2,2204.68,0.96,8061.12,0.399,3216.39,10,2023,4,7,4,2
ORD-04657,2023-10-14,Monitor,West,Retail,5,1415.93,0.11,62,0.6,2625.35,0.88,6300.89,0.105,661.59,10,2023,4,3,4,2
ORD-04658,2023-10-14,Headphones,South,Online,4,1836.66,0.11,37,5.1,4399.6,1.1,6538.51,0.392,2563.1,10,2023,4,0,3,1
ORD-04659,2023-10-14,Keyboard,West,Enterprise,6,71.25,0.14,26,3.8,4792.16,1.04,367.65,0.2,73.53,10,2023,4,1,4,0
ORD-04660,2023-10-14,Monitor,North,Retail,3,1746.72,0.22,44,4.8,2823.84,1.16,4087.32,0.276,1128.1,10,2023,4,3,2,2
ORD-04661,2023-10-14,Phone,Central,SMB,8,476.31,0.22,46,1.6,1605.04,1.06,2972.17,0.491,1459.34,10,2023,4,5,0,3
ORD-04662,2023-10-14,Monitor,West,Retail,17,939.05,0.14,60,0.9,1272.69,0.81,13728.91,0.321,4406.98,10,2023,4,3,4,2
ORD-04663,2023-10-14,Tablet,Central,Enterprise,18,1712.08,0.16,50,7.5,2437.54,1.19,25886.65,0.13,3365.26,10,2023,4,6,0,0
ORD-04664,2023-10-14,Webcam,South,SMB,18,1656.63,0.01,62,2.5,1552.06,1.04,29521.15,0.449,13255.0,10,2023,4,7,3,3
ORD-04665,2023-10-14,Keyboard,West,Enterprise,12,1789.26,0.09,69,8.0,2162.1,1.04,19538.72,0.229,4474.37,10,2023,4,1,4,0
ORD-04666,2023-10-14,Webcam,East,Online,1,1883.81,0.1,18,7.6,4188.89,1.16,1695.43,0.334,566.27,10,2023,4,7,1,1
ORD-04667,2023-10-15,Tablet,South,Online,12,921.96,0.17,20,2.0,2412.74,1.07,9182.72,0.385,3535.35,10,2023,4,6,3,1
ORD-04668,2023-10-15,Tablet,North,Enterprise,11,1329.91,0.17,49,9.1,3240.31,0.99,12142.08,0.411,4990.39,10,2023,4,6,2,0
ORD-04669,2023-10-15,Mouse,North,SMB,13,811.43,0.21,37,1.6,541.52,0.84,8333.39,0.273,2275.02,10,2023,4,4,2,3
ORD-04670,2023-10-16,Headphones,Central,Enterprise,3,733.9,0.22,34,8.0,3834.42,1.18,1717.33,0.409,702.39,10,2023,4,0,0,0
ORD-04671,2023-10-16,Phone,Central,Retail,8,891.61,0.07,54,4.2,2466.23,0.83,6633.58,0.147,975.14,10,2023,4,5,0,2
ORD-04672,2023-10-17,Laptop,East,Retail,3,1499.0,0.23,55,1.8,1868.62,0.87,3462.69,0.31,1073.43,10,2023,4,2,1,2
ORD-04673,2023-10-17,Tablet,East,Enterprise,17,1027.81,0.01,66,9.4,3093.85,1.13,17298.04,0.109,1885.49,10,2023,4,6,1,0
ORD-04674,2023-10-17,Monitor,North,Retail,13,1637.42,0.21,27,9.6,599.73,1.0,16816.3,0.263,4422.69,10,2023,4,3,2,2
ORD-04675,2023-10-17,Laptop,West,Enterprise,10,1503.18,0.03,60,5.1,2128.59,0.87,14580.85,0.246,3586.89,10,2023,4,2,4,0
ORD-04676,2023-10-17,Monitor,North,Retail,17,89.93,0.22,62,4.7,4073.76,0.91,1192.47,0.491,585.5,10,2023,4,3,2,2
ORD-04677,2023-10-17,Webcam,North,Enterprise,3,1278.96,0.16,46,9.0,1384.11,1.2,3222.98,0.259,834.75,10,2023,4,7,2,0
ORD-04678,2023-10-18,Monitor,East,Retail,13,901.31,0.13,59,6.0,4579.07,1.03,10193.82,0.463,4719.74,10,2023,4,3,1,2
ORD-04679,2023-10-18,Laptop,Central,SMB,6,940.43,0.21,63,2.7,3057.85,0.96,4457.64,0.274,1221.39,10,2023,4,2,0,3
ORD-04680,2023-10-18,Laptop,East,SMB,14,1645.83,0.01,49,4.3,2749.84,1.15,22811.2,0.313,7139.91,10,2023,4,2,1,3
ORD-04681,2023-10-18,Headphones,East,Retail,10,1117.84,0.07,30,8.4,2057.9,0.99,10395.91,0.24,2495.02,10,2023,4,0,1,2
ORD-04682,2023-10-18,Monitor,East,Enterprise,16,1776.96,0.18,48,8.6,3735.8,0.92,23313.72,0.356,8299.68,10,2023,4,3,1,0
ORD-04683,2023-10-19,Phone,North,Retail,18,1439.97,0.25,21,9.4,2865.89,0.87,19439.6,0.396,7698.08,10,2023,4,5,2,2
ORD-04684,2023-10-19,Headphones,West,Online,13,1128.04,0.11,69,2.9,4003.06,1.1,13051.42,0.416,5429.39,10,2023,4,0,4,1
ORD-04685,2023-10-19,Keyboard,North,Online,10,1521.35,0.08,66,6.8,1725.23,1.04,13996.42,0.378,5290.65,10,2023,4,1,2,1
ORD-04686,2023-10-19,Mouse,South,Enterprise,6,124.78,0.16,35,0.7,3539.87,0.84,628.89,0.232,145.9,10,2023,4,4,3,0
ORD-04687,2023-10-20,Keyboard,East,Retail,10,102.81,0.19,28,7.3,4722.87,1.04,832.76,0.232,193.2,10,2023,4,1,1,2
ORD-04688,2023-10-20,Phone,East,Retail,5,212.53,0.13,59,5.6,1471.6,0.86,924.51,0.239,220.96,10,2023,4,5,1,2
ORD-04689,2023-10-21,Headphones,South,SMB,6,903.25,0.26,35,2.5,4906.91,1.19,4010.43,0.115,461.2,10,2023,4,0,3,3
ORD-04690,2023-10-21,Mouse,East,Enterprise,7,509.13,0.16,68,6.5,2111.58,0.9,2993.68,0.477,1427.99,10,2023,4,4,1,0
ORD-04691,2023-10-21,Headphones,East,Online,11,1969.31,0.01,58,1.4,288.81,1.08,21445.79,0.178,3817.35,10,2023,4,0,1,1
ORD-04692,2023-10-22,Laptop,East,Online,16,1107.47,0.07,54,3.3,1852.74,1.06,16479.15,0.164,2702.58,10,2023,4,2,1,1
ORD-04693,2023-10-22,Mouse,South,Enterprise,12,1341.71,0.14,50,4.0,833.25,1.08,13846.45,0.321,4444.71,10,2023,4,4,3,0
ORD-04694,2023-10-22,Webcam,North,Online,12,593.7,0.21,54,7.8,1591.0,0.97,5628.28,0.119,669.77,10,2023,4,7,2,1
ORD-04695,2023-10-22,Monitor,East,Enterprise,5,677.5,0.07,20,3.1,570.25,0.83,3150.38,0.435,1370.42,10,2023,4,3,1,0
ORD-04696,2023-10-22,Keyboard,West,Online,16,704.15,0.29,18,0.5,973.2,1.19,7999.14,0.45,3599.61,10,2023,4,1,4,1
ORD-04697,2023-10-22,Mouse,South,Online,6,1412.53,0.1,36,1.8,720.82,0.88,7627.66,0.259,1975.56,10,2023,4,4,3,1
ORD-04698,2023-10-22,Monitor,Central,Enterprise,9,973.73,0.16,23,6.1,313.03,1.11,7361.4,0.489,3599.72,10,2023,4,3,0,0
ORD-04699,2023-10-23,Headphones,South,Enterprise,5,1059.48,0.01,27,0.2,1551.31,0.86,5244.43,0.23,1206.22,10,2023,4,0,3,0
ORD-04700,2023-10-23,Phone,North,Online,16,1204.41,0.27,54,7.9,4710.7,0.91,14067.51,0.204,2869.77,10,2023,4,5,2,1
ORD-04701,2023-10-24,Mouse,South,Online,18,1549.18,0.24,29,9.0,4752.03,1.02,21192.78,0.496,10511.62,10,2023,4,4,3,1
ORD-04702,2023-10-24,Monitor,Central,SMB,19,226.22,0.06,61,5.0,4248.57,0.97,4040.29,0.2,808.06,10,2023,4,3,0,3
ORD-04703,2023-10-24,Headphones,West,Retail,12,1564.9,0.28,34,7.1,159.49,1.18,13520.74,0.278,3758.77,10,2023,4,0,4,2
ORD-04704,2023-10-24,Headphones,Central,Enterprise,2,1148.31,0.09,44,4.6,237.81,1.14,2089.92,0.345,721.02,10,2023,4,0,0,0
ORD-04705,2023-10-25,Headphones,South,Enterprise,10,1354.74,0.21,19,3.1,150.75,1.17,10702.45,0.229,2450.86,10,2023,4,0,3,0
ORD-04706,2023-10-25,Phone,Central,Retail,12,688.73,0.25,42,1.6,1896.54,1.06,6198.57,0.254,1574.44,10,2023,4,5,0,2
ORD-04707,2023-10-26,Laptop,South,SMB,14,848.3,0.22,63,5.2,4903.26,0.89,9263.44,0.388,3594.21,10,2023,4,2,3,3
ORD-04708,2023-10-26,Phone,West,Online,18,500.77,0.28,61,9.3,4494.51,1.01,6489.98,0.389,2524.6,10,2023,4,5,4,1
ORD-04709,2023-10-26,Phone,West,Online,19,1959.63,0.26,45,8.9,1327.62,1.11,27552.4,0.421,11599.56,10,2023,4,5,4,1
ORD-04710,2023-10-26,Webcam,North,SMB,6,1019.16,0.3,62,9.2,2109.95,0.83,4280.47,0.337,1442.52,10,2023,4,7,2,3
ORD-04711,2023-10-26,Keyboard,West,SMB,5,1992.35,0.05,54,9.7,4139.7,1.15,9463.66,0.193,1826.49,10,2023,4,1,4,3
ORD-04712,2023-10-27,Headphones,East,Retail,16,1005.08,0.09,54,1.7,3817.06,1.05,14633.96,0.233,3409.71,10,2023,4,0,1,2
ORD-04713,2023-10-27,Monitor,Central,Retail,14,478.51,0.19,34,1.5,749.83,1.09,5426.3,0.46,2496.1,10,2023,4,3,0,2
ORD-04714,2023-10-27,Mouse,Central,Online,13,1039.53,0.22,22,4.3,628.11,1.08,10540.83,0.393,4142.55,10,2023,4,4,0,1
ORD-04715,2023-10-28,Keyboard,South,SMB,2,127.21,0.16,36,6.9,2764.23,1.14,213.71,0.135,28.85,10,2023,4,1,3,3
ORD-04716,2023-10-28,Headphones,West,SMB,2,1814.3,0.02,21,4.4,600.35,0.84,3556.03,0.401,1425.97,10,2023,4,0,4,3
ORD-04717,2023-10-28,Tablet,North,Online,12,1646.17,0.25,56,8.9,4142.59,0.95,14815.53,0.232,3437.2,10,2023,4,6,2,1
ORD-04718,2023-10-28,Phone,North,Online,1,1465.35,0.29,66,7.2,1341.3,1.0,1040.4,0.109,113.4,10,2023,4,5,2,1
ORD-04719,2023-10-28,Tablet,North,Online,19,1239.16,0.12,60,6.3,1022.82,1.02,20718.76,0.293,6070.6,10,2023,4,6,2,1
ORD-04720,2023-10-28,Headphones,East,Online,16,1180.68,0.07,55,0.7,1009.79,1.18,17568.52,0.453,7958.54,10,2023,4,0,1,1
ORD-04721,2023-10-29,Keyboard,West,Online,7,1993.62,0.01,62,1.8,321.63,0.82,13815.79,0.278,3840.79,10,2023,4,1,4,1
ORD-04722,2023-10-29,Monitor,North,Retail,7,592.09,0.07,61,4.3,3244.99,1.15,3854.51,0.496,1911.84,10,2023,4,3,2,2
ORD-04723,2023-10-29,Keyboard,East,Online,16,1570.38,0.21,47,9.8,906.03,1.02,19849.6,0.171,3394.28,10,2023,4,1,1,1
ORD-04724,2023-10-29,Webcam,Central,SMB,6,1183.74,0.27,49,3.3,1243.36,1.02,5184.78,0.24,1244.35,10,2023,4,7,0,3
ORD-04725,2023-10-29,Monitor,South,Enterprise,18,1952.97,0.03,54,6.3,3781.4,0.93,34098.86,0.107,3648.58,10,2023,4,3,3,0
ORD-04726,2023-10-29,Monitor,West,Retail,1,1664.22,0.17,44,9.9,381.66,1.06,1381.3,0.12,165.76,10,2023,4,3,4,2
ORD-04727,2023-10-29,Headphones,West,SMB,1,1997.12,0.21,49,2.6,1093.45,1.06,1577.72,0.242,381.81,10,2023,4,0,4,3
ORD-04728,2023-10-30,Laptop,Central,Enterprise,14,1197.23,0.08,59,1.7,831.81,0.88,15420.32,0.311,4795.72,10,2023,4,2,0,0
ORD-04729,2023-10-30,Headphones,West,Retail,6,448.86,0.17,28,5.5,123.76,1.07,2235.32,0.195,435.89,10,2023,4,0,4,2
ORD-04730,2023-10-31,Phone,West,Online,6,1032.19,0.21,58,5.5,2742.78,0.91,4892.58,0.167,817.06,10,2023,4,5,4,1
ORD-04731,2023-10-31,Keyboard,West,Retail,4,1436.67,0.25,30,9.2,1031.17,1.08,4310.01,0.268,1155.08,10,2023,4,1,4,2
ORD-04732,2023-10-31,Monitor,West,Online,12,1560.0,0.14,52,0.3,3201.24,1.04,16099.2,0.168,2704.67,10,2023,4,3,4,1
ORD-04733,2023-10-31,Headphones,East,Online,18,50.99,0.22,34,4.1,2558.72,1.09,715.9,0.352,252.0,10,2023,4,0,1,1
ORD-04734,2023-10-31,Headphones,East,Online,10,1034.8,0.09,47,3.1,3372.6,0.81,9416.68,0.482,4538.84,10,2023,4,0,1,1
ORD-04735,2023-10-31,Keyboard,South,Enterprise,3,508.71,0.06,35,5.7,4909.67,0.85,1434.56,0.423,606.82,10,2023,4,1,3,0
ORD-04736,2023-11-01,Keyboard,West,Retail,3,1756.08,0.06,54,0.1,1177.38,1.14,4952.15,0.186,921.1,11,2023,4,1,4,2
ORD-04737,2023-11-02,Webcam,Central,Online,8,348.17,0.11,65,7.1,3362.8,0.95,2478.97,0.48,1189.91,11,2023,4,7,0,1
ORD-04738,2023-11-02,Monitor,North,SMB,1,1349.59,0.01,47,4.8,4184.69,1.13,1336.09,0.4,534.44,11,2023,4,3,2,3
ORD-04739,2023-11-02,Mouse,South,Retail,18,568.82,0.08,43,7.0,4791.19,0.83,9419.66,0.162,1525.98,11,2023,4,4,3,2
ORD-04740,2023-11-02,Webcam,North,SMB,15,745.26,0.2,33,4.5,3149.44,1.11,8943.12,0.332,2969.12,11,2023,4,7,2,3
ORD-04741,2023-11-02,Tablet,North,Enterprise,17,1884.09,0.19,28,4.7,741.09,0.83,25943.92,0.487,12634.69,11,2023,4,6,2,0
ORD-04742,2023-11-02,Phone,West,Enterprise,11,518.87,0.02,21,9.0,363.85,0.99,5593.42,0.139,777.49,11,2023,4,5,4,0
ORD-04743,2023-11-02,Phone,Central,Retail,13,235.26,0.09,58,2.1,1464.71,1.18,2783.13,0.208,578.89,11,2023,4,5,0,2
ORD-04744,2023-11-02,Mouse,North,Enterprise,10,185.11,0.17,32,2.2,4647.97,0.83,1536.41,0.25,384.1,11,2023,4,4,2,0
ORD-04745,2023-11-03,Laptop,North,Enterprise,13,1034.0,0.1,29,5.6,2730.97,0.94,12097.8,0.146,1766.28,11,2023,4,2,2,0
ORD-04746,2023-11-03,Webcam,South,Retail,17,1301.34,0.13,44,6.6,2938.6,1.01,19246.82,0.22,4234.3,11,2023,4,7,3,2
ORD-04747,2023-11-03,Mouse,Central,SMB,1,688.22,0.21,65,3.5,3091.95,1.16,543.69,0.377,204.97,11,2023,4,4,0,3
ORD-04748,2023-11-03,Laptop,Central,Online,16,1396.01,0.0,21,5.2,1727.85,0.93,22336.16,0.291,6499.82,11,2023,4,2,0,1
ORD-04749,2023-11-03,Laptop,North,Retail,16,169.02,0.08,52,2.3,989.8,1.12,2487.97,0.268,666.78,11,2023,4,2,2,2
ORD-04750,2023-11-03,Mouse,Central,Retail,3,1721.8,0.04,38,1.4,4775.78,1.09,4958.78,0.273,1353.75,11,2023,4,4,0,2
ORD-04751,2023-11-03,Phone,South,Online,2,1642.31,0.04,53,2.4,3801.39,0.92,3153.24,0.404,1273.91,11,2023,4,5,3,1
ORD-04752,2023-11-03,Tablet,South,SMB,6,1971.72,0.29,19,9.2,2604.15,0.94,8399.53,0.497,4174.57,11,2023,4,6,3,3
ORD-04753,2023-11-04,Phone,South,Online,11,1876.18,0.11,68,8.0,1945.86,0.88,18367.8,0.335,6153.21,11,2023,4,5,3,1
ORD-04754,2023-11-04,Headphones,West,Online,3,744.58,0.16,56,1.4,2465.58,1.08,1876.34,0.401,752.41,11,2023,4,0,4,1
ORD-04755,2023-11-04,Phone,North,SMB,1,828.59,0.22,45,0.5,264.96,1.03,646.3,0.249,160.93,11,2023,4,5,2,3
ORD-04756,2023-11-04,Phone,Central,SMB,11,1504.63,0.01,51,0.9,1312.72,0.86,16385.42,0.444,7275.13,11,2023,4,5,0,3
ORD-04757,2023-11-05,Webcam,South,Online,13,311.46,0.07,50,2.9,1328.46,1.05,3765.55,0.268,1009.17,11,2023,4,7,3,1
ORD-04758,2023-11-05,Mouse,North,Online,5,662.33,0.25,67,8.1,2282.2,1.0,2483.74,0.474,1177.29,11,2023,4,4,2,1
ORD-04759,2023-11-05,Mouse,North,Retail,18,281.15,0.26,25,3.2,1257.72,0.84,3744.92,0.397,1486.73,11,2023,4,4,2,2
ORD-04760,2023-11-05,Headphones,West,SMB,15,937.03,0.11,25,1.9,1008.74,1.18,12509.35,0.383,4791.08,11,2023,4,0,4,3
ORD-04761,2023-11-06,Headphones,Central,Enterprise,18,1126.41,0.11,59,4.0,3851.09,1.13,18045.09,0.216,3897.74,11,2023,4,0,0,0
ORD-04762,2023-11-06,Webcam,Central,SMB,15,461.76,0.23,67,1.2,4478.18,0.83,5333.33,0.418,2229.33,11,2023,4,7,0,3
ORD-04763,2023-11-06,Mouse,South,Online,7,101.93,0.09,39,4.7,428.99,1.17,649.29,0.142,92.2,11,2023,4,4,3,1
ORD-04764,2023-11-06,Phone,South,Online,17,1452.74,0.04,44,6.8,1127.3,1.17,23708.72,0.315,7468.25,11,2023,4,5,3,1
ORD-04765,2023-11-06,Tablet,North,Online,8,89.01,0.08,45,3.7,3891.07,0.82,655.11,0.394,258.11,11,2023,4,6,2,1
ORD-04766,2023-11-07,Laptop,Central,Online,13,1948.14,0.12,28,1.7,4097.59,0.88,22286.72,0.453,10095.88,11,2023,4,2,0,1
ORD-04767,2023-11-07,Keyboard,Central,Enterprise,16,482.13,0.02,44,4.5,2550.78,1.08,7559.8,0.328,2479.61,11,2023,4,1,0,0
ORD-04768,2023-11-07,Laptop,South,SMB,10,1344.61,0.14,18,7.6,3504.93,1.17,11563.65,0.203,2347.42,11,2023,4,2,3,3
ORD-04769,2023-11-07,Headphones,East,Enterprise,14,897.77,0.22,56,0.8,480.24,1.13,9803.65,0.44,4313.61,11,2023,4,0,1,0
ORD-04770,2023-11-07,Headphones,North,Enterprise,6,166.36,0.15,45,0.7,4262.69,0.91,848.44,0.407,345.32,11,2023,4,0,2,0
ORD-04771,2023-11-07,Laptop,Central,Online,7,970.76,0.02,44,3.2,4180.37,0.81,6659.41,0.161,1072.17,11,2023,4,2,0,1
ORD-04772,2023-11-08,Keyboard,West,Enterprise,6,1057.68,0.13,25,4.2,3497.67,0.99,5521.09,0.449,2478.97,11,2023,4,1,4,0
ORD-04773,2023-11-08,Phone,West,Online,17,1716.63,0.21,63,2.2,4590.0,0.84,23054.34,0.484,11158.3,11,2023,4,5,4,1
ORD-04774,2023-11-08,Tablet,East,Online,8,1478.08,0.02,41,0.3,333.41,0.9,11588.15,0.315,3650.27,11,2023,4,6,1,1
ORD-04775,2023-11-09,Tablet,South,Online,12,204.64,0.02,68,2.2,1231.72,1.06,2406.57,0.115,276.76,11,2023,4,6,3,1
ORD-04776,2023-11-09,Laptop,South,Enterprise,4,457.87,0.11,57,4.4,1876.47,1.0,1630.02,0.466,759.59,11,2023,4,2,3,0
ORD-04777,2023-11-09,Keyboard,South,Online,10,658.18,0.06,68,0.8,877.09,0.95,6186.89,0.149,921.85,11,2023,4,1,3,1
ORD-04778,2023-11-10,Webcam,West,Enterprise,6,276.99,0.28,53,7.2,4092.66,1.17,1196.6,0.353,422.4,11,2023,4,7,4,0
ORD-04779,2023-11-10,Headphones,South,SMB,7,940.95,0.17,41,5.5,3810.25,0.88,5466.92,0.26,1421.4,11,2023,4,0,3,3
ORD-04780,2023-11-10,Monitor,West,Online,8,1969.4,0.09,59,4.3,3888.94,0.99,14337.23,0.497,7125.6,11,2023,4,3,4,1
ORD-04781,2023-11-10,Phone,East,Retail,3,1053.49,0.21,39,5.2,1527.34,1.03,2496.77,0.467,1165.99,11,2023,4,5,1,2
ORD-04782,2023-11-10,Webcam,North,Retail,8,1496.67,0.11,27,6.6,3837.16,0.93,10656.29,0.414,4411.7,11,2023,4,7,2,2
ORD-04783,2023-11-10,Laptop,Central,Retail,15,1381.73,0.04,21,9.9,702.98,1.08,19896.91,0.18,3581.44,11,2023,4,2,0,2
ORD-04784,2023-11-10,Tablet,East,Retail,1,1707.33,0.07,25,7.8,623.32,1.15,1587.82,0.38,603.37,11,2023,4,6,1,2
ORD-04785,2023-11-11,Headphones,West,Retail,13,470.66,0.19,56,5.4,2961.88,1.02,4956.05,0.329,1630.54,11,2023,4,0,4,2
ORD-04786,2023-11-11,Webcam,East,Enterprise,18,1519.96,0.02,32,7.7,338.48,1.11,26812.09,0.154,4129.06,11,2023,4,7,1,0
ORD-04787,2023-11-12,Webcam,Central,SMB,15,1768.64,0.08,25,4.8,4699.39,0.82,24407.23,0.418,10202.22,11,2023,4,7,0,3
ORD-04788,2023-11-12,Mouse,North,Enterprise,7,384.44,0.06,46,3.1,1711.35,0.86,2529.62,0.135,341.5,11,2023,4,4,2,0
ORD-04789,2023-11-12,Mouse,Central,Online,15,726.26,0.06,59,2.6,2437.46,0.98,10240.27,0.293,3000.4,11,2023,4,4,0,1
ORD-04790,2023-11-12,Keyboard,West,SMB,3,1941.7,0.2,56,4.0,4084.82,1.17,4660.08,0.271,1262.88,11,2023,4,1,4,3
ORD-04791,2023-11-12,Keyboard,Central,SMB,14,1572.54,0.25,68,0.0,2060.26,1.01,16511.67,0.422,6967.92,11,2023,4,1,0,3
ORD-04792,2023-11-12,Laptop,East,SMB,4,601.05,0.21,52,1.8,2210.16,0.97,1899.32,0.271,514.72,11,2023,4,2,1,3
ORD-04793,2023-11-12,Webcam,South,SMB,4,1149.69,0.19,58,1.3,1804.93,1.04,3725.0,0.378,1408.05,11,2023,4,7,3,3
ORD-04794,2023-11-13,Monitor,East,Retail,3,838.44,0.27,65,9.6,1823.44,0.85,1836.18,0.291,534.33,11,2023,4,3,1,2
ORD-04795,2023-11-13,Tablet,West,Online,5,1005.43,0.02,31,0.6,2392.98,1.06,4926.61,0.333,1640.56,11,2023,4,6,4,1
ORD-04796,2023-11-13,Laptop,North,SMB,11,742.57,0.05,49,5.0,4735.05,0.84,7759.86,0.196,1520.93,11,2023,4,2,2,3
ORD-04797,2023-11-14,Monitor,Central,SMB,8,594.7,0.12,24,9.2,4686.49,1.03,4186.69,0.181,757.79,11,2023,4,3,0,3
ORD-04798,2023-11-15,Headphones,North,Retail,2,1365.79,0.11,61,6.1,2771.29,1.09,2431.11,0.384,933.55,11,2023,4,0,2,2
ORD-04799,2023-11-15,Keyboard,West,Enterprise,16,1568.16,0.13,50,5.0,2334.2,0.96,21828.79,0.149,3252.49,11,2023,4,1,4,0
ORD-04800,2023-11-15,Mouse,Central,Enterprise,10,1754.22,0.06,65,7.4,4059.99,1.16,16489.67,0.17,2803.24,11,2023,4,4,0,0
ORD-04801,2023-11-15,Phone,East,Enterprise,18,352.89,0.04,52,3.5,3436.55,0.86,6097.94,0.476,2902.62,11,2023,4,5,1,0
ORD-04802,2023-11-15,Webcam,East,Online,7,1654.57,0.15,44,1.9,4419.66,0.87,9844.69,0.201,1978.78,11,2023,4,7,1,1
ORD-04803,2023-11-15,Headphones,West,Enterprise,5,546.86,0.28,18,8.5,3680.0,1.01,1968.7,0.229,450.83,11,2023,4,0,4,0
ORD-04804,2023-11-15,Mouse,Central,SMB,7,883.31,0.12,23,0.6,4766.49,1.17,5441.19,0.353,1920.74,11,2023,4,4,0,3
ORD-04805,2023-11-15,Tablet,East,Retail,6,1807.82,0.01,19,8.1,4442.6,0.96,10738.45,0.276,2963.81,11,2023,4,6,1,2
ORD-04806,2023-11-15,Tablet,West,Retail,1,936.28,0.21,24,1.0,4290.72,1.17,739.66,0.324,239.65,11,2023,4,6,4,2
ORD-04807,2023-11-16,Mouse,West,Enterprise,11,434.27,0.09,25,6.3,2018.59,1.08,4347.04,0.158,686.83,11,2023,4,4,4,0
ORD-04808,2023-11-16,Headphones,North,Retail,13,361.74,0.07,62,4.8,1992.44,1.11,4373.44,0.369,1613.8,11,2023,4,0,2,2
ORD-04809,2023-11-16,Mouse,East,SMB,12,972.32,0.1,46,10.0,3731.89,1.18,10501.06,0.163,1711.67,11,2023,4,4,1,3
ORD-04810,2023-11-16,Monitor,Central,Enterprise,1,1537.21,0.22,33,3.9,510.37,1.03,1199.02,0.399,478.41,11,2023,4,3,0,0
ORD-04811,2023-11-16,Laptop,East,SMB,15,1994.55,0.25,46,9.6,1678.85,1.06,22438.69,0.309,6933.56,11,2023,4,2,1,3
ORD-04812,2023-11-17,Keyboard,East,Online,1,1585.45,0.18,48,4.0,4667.9,1.03,1300.07,0.426,553.83,11,2023,4,1,1,1
ORD-04813,2023-11-17,Monitor,East,SMB,3,1760.17,0.1,39,6.8,2305.5,1.11,4752.46,0.169,803.17,11,2023,4,3,1,3
ORD-04814,2023-11-17,Phone,West,SMB,15,1508.27,0.09,27,6.4,1422.5,0.91,20587.89,0.251,5167.56,11,2023,4,5,4,3
ORD-04815,2023-11-18,Mouse,South,SMB,9,1796.1,0.04,21,0.9,2434.62,1.12,15518.3,0.439,6812.53,11,2023,4,4,3,3
ORD-04816,2023-11-18,Phone,South,SMB,14,198.77,0.28,42,7.4,1514.09,1.09,2003.6,0.419,839.51,11,2023,4,5,3,3
ORD-04817,2023-11-18,Phone,North,Online,8,1863.37,0.19,30,2.1,3864.48,1.04,12074.64,0.486,5868.28,11,2023,4,5,2,1
ORD-04818,2023-11-18,Monitor,East,Enterprise,4,822.99,0.01,34,3.9,4267.96,0.82,3259.04,0.189,615.96,11,2023,4,3,1,0
ORD-04819,2023-11-19,Keyboard,South,SMB,6,1847.15,0.2,57,7.8,3935.03,1.11,8866.32,0.316,2801.76,11,2023,4,1,3,3
ORD-04820,2023-11-19,Headphones,North,Enterprise,1,197.68,0.13,25,9.4,830.33,0.85,171.98,0.107,18.4,11,2023,4,0,2,0
ORD-04821,2023-11-19,Tablet,West,Retail,18,1444.72,0.29,40,5.6,1746.68,1.18,18463.52,0.486,8973.27,11,2023,4,6,4,2
ORD-04822,2023-11-20,Laptop,East,SMB,6,1484.59,0.25,24,5.2,1148.46,0.83,6680.65,0.17,1135.71,11,2023,4,2,1,3
ORD-04823,2023-11-20,Webcam,Central,SMB,14,1993.98,0.05,49,5.0,309.72,1.09,26519.93,0.462,12252.21,11,2023,4,7,0,3
ORD-04824,2023-11-20,Tablet,West,Retail,11,1549.27,0.22,41,8.2,3721.96,0.94,13292.74,0.371,4931.61,11,2023,4,6,4,2
ORD-04825,2023-11-20,Keyboard,North,Enterprise,17,796.02,0.15,18,9.9,2198.96,1.09,11502.49,0.475,5463.68,11,2023,4,1,2,0
ORD-04826,2023-11-21,Webcam,West,Online,9,1136.63,0.06,64,6.3,1455.45,1.01,9615.89,0.199,1913.56,11,2023,4,7,4,1
ORD-04827,2023-11-21,Tablet,Central,SMB,7,764.77,0.21,64,3.8,1606.88,1.05,4229.18,0.238,1006.54,11,2023,4,6,0,3
ORD-04828,2023-11-21,Mouse,West,Retail,14,432.24,0.16,68,2.2,761.58,0.83,5083.14,0.166,843.8,11,2023,4,4,4,2
ORD-04829,2023-11-22,Mouse,North,Retail,17,534.58,0.01,53,2.0,4151.13,1.19,8996.98,0.269,2420.19,11,2023,4,4,2,2
ORD-04830,2023-11-23,Monitor,Central,SMB,8,482.92,0.19,44,8.6,805.23,0.8,3129.32,0.479,1498.94,11,2023,4,3,0,3
ORD-04831,2023-11-23,Phone,Central,Enterprise,16,1120.19,0.19,23,9.9,1757.75,1.18,14517.66,0.328,4761.79,11,2023,4,5,0,0
ORD-04832,2023-11-23,Webcam,West,Enterprise,12,1817.01,0.04,59,7.0,136.2,1.03,20931.96,0.266,5567.9,11,2023,4,7,4,0
ORD-04833,2023-11-23,Keyboard,Central,SMB,12,1829.82,0.1,48,9.6,2238.42,0.9,19762.06,0.23,4545.27,11,2023,4,1,0,3
ORD-04834,2023-11-25,Keyboard,West,Retail,5,156.79,0.18,29,3.5,1838.52,1.06,642.84,0.334,214.71,11,2023,4,1,4,2
ORD-04835,2023-11-25,Tablet,East,SMB,5,205.8,0.04,43,6.3,3623.6,1.07,987.84,0.389,384.27,11,2023,4,6,1,3
ORD-04836,2023-11-25,Monitor,Central,Online,14,527.98,0.26,42,5.1,3605.04,1.09,5469.87,0.263,1438.58,11,2023,4,3,0,1
ORD-04837,2023-11-25,Tablet,West,Online,6,547.37,0.01,21,4.8,289.29,0.81,3251.38,0.192,624.26,11,2023,4,6,4,1
ORD-04838,2023-11-25,Tablet,East,Enterprise,7,235.03,0.03,23,6.3,667.73,1.19,1595.85,0.334,533.01,11,2023,4,6,1,0
ORD-04839,2023-11-25,Keyboard,Central,Online,17,807.5,0.03,63,3.1,4532.67,1.05,13315.68,0.246,3275.66,11,2023,4,1,0,1
ORD-04840,2023-11-26,Tablet,East,Retail,9,1196.06,0.16,30,6.4,3979.81,0.95,9042.21,0.498,4503.02,11,2023,4,6,1,2
ORD-04841,2023-11-27,Phone,Central,Online,13,1177.42,0.19,42,6.7,2008.48,1.03,12398.23,0.276,3421.91,11,2023,4,5,0,1
ORD-04842,2023-11-27,Tablet,North,SMB,9,1109.69,0.12,48,8.4,915.23,0.87,8788.74,0.274,2408.11,11,2023,4,6,2,3
ORD-04843,2023-11-27,Webcam,North,Retail,16,710.41,0.09,39,7.3,1377.83,0.9,10343.57,0.436,4509.8,11,2023,4,7,2,2
ORD-04844,2023-11-28,Phone,West,Enterprise,4,1427.59,0.24,52,3.2,3324.33,0.83,4339.87,0.2,867.97,11,2023,4,5,4,0
ORD-04845,2023-11-28,Keyboard,South,Enterprise,2,1661.64,0.02,38,4.5,4732.92,1.15,3256.81,0.126,410.36,11,2023,4,1,3,0
ORD-04846,2023-11-28,Monitor,North,Online,13,725.23,0.08,32,1.2,3117.12,0.9,8673.75,0.442,3833.8,11,2023,4,3,2,1
ORD-04847,2023-11-29,Mouse,South,Enterprise,13,216.79,0.01,20,2.6,229.58,1.1,2790.09,0.336,937.47,11,2023,4,4,3,0
ORD-04848,2023-11-29,Webcam,East,SMB,19,627.84,0.0,54,5.2,3288.52,0.91,11928.96,0.204,2433.51,11,2023,4,7,1,3
ORD-04849,2023-11-29,Phone,East,Retail,12,317.87,0.11,62,1.0,4729.28,0.86,3394.85,0.237,804.58,11,2023,4,5,1,2
ORD-04850,2023-11-29,Monitor,South,SMB,4,961.35,0.06,43,5.7,1857.34,0.84,3614.68,0.27,975.96,11,2023,4,3,3,3
ORD-04851,2023-11-29,Monitor,West,SMB,10,354.07,0.08,64,3.9,4674.42,1.14,3257.44,0.372,1211.77,11,2023,4,3,4,3
ORD-04852,2023-11-29,Phone,Central,SMB,16,952.55,0.25,34,0.3,3386.04,0.85,11430.6,0.287,3280.58,11,2023,4,5,0,3
ORD-04853,2023-11-29,Keyboard,South,SMB,19,480.96,0.05,55,4.3,1030.19,0.83,8681.33,0.258,2239.78,11,2023,4,1,3,3
ORD-04854,2023-11-29,Laptop,South,Retail,8,1490.53,0.23,67,2.8,812.0,0.8,9181.66,0.412,3782.84,11,2023,4,2,3,2
ORD-04855,2023-11-29,Monitor,South,Retail,6,103.76,0.2,52,0.7,963.87,0.95,498.05,0.129,64.25,11,2023,4,3,3,2
ORD-04856,2023-11-29,Monitor,South,SMB,4,1131.76,0.1,58,2.9,3526.2,1.18,4074.34,0.361,1470.84,11,2023,4,3,3,3
ORD-04857,2023-11-29,Keyboard,South,SMB,7,380.5,0.16,25,2.9,2988.65,1.16,2237.34,0.28,626.46,11,2023,4,1,3,3
ORD-04858,2023-11-29,Keyboard,West,Enterprise,14,51.93,0.13,69,3.6,2332.16,0.85,632.51,0.234,148.01,11,2023,4,1,4,0
ORD-04859,2023-11-30,Tablet,North,Enterprise,13,1744.94,0.04,28,3.7,1390.44,0.8,21776.85,0.471,10256.9,11,2023,4,6,2,0
ORD-04860,2023-11-30,Keyboard,Central,Retail,5,1359.48,0.27,41,4.3,4545.43,1.1,4962.1,0.411,2039.42,11,2023,4,1,0,2
ORD-04861,2023-11-30,Monitor,North,Enterprise,9,242.94,0.17,60,0.9,1147.34,0.92,1814.76,0.188,341.17,11,2023,4,3,2,0
ORD-04862,2023-11-30,Phone,South,Retail,3,1344.94,0.26,25,0.1,1489.67,1.13,2985.77,0.361,1077.86,11,2023,4,5,3,2
ORD-04863,2023-12-01,Laptop,North,Retail,10,1242.71,0.25,47,7.4,369.1,0.89,9320.33,0.429,3998.42,12,2023,4,2,2,2
ORD-04864,2023-12-01,Headphones,West,Online,15,973.05,0.02,18,3.4,1449.09,1.0,14303.84,0.496,7094.7,12,2023,4,0,4,1
ORD-04865,2023-12-01,Tablet,East,Retail,17,867.55,0.06,51,6.1,4622.2,0.81,13863.45,0.379,5254.25,12,2023,4,6,1,2
ORD-04866,2023-12-01,Headphones,North,Enterprise,6,1779.79,0.04,37,3.1,1019.26,1.16,10251.59,0.376,3854.6,12,2023,4,0,2,0
ORD-04867,2023-12-01,Phone,Central,Online,3,528.04,0.25,53,9.8,1099.42,0.87,1188.09,0.345,409.89,12,2023,4,5,0,1
ORD-04868,2023-12-02,Laptop,West,Enterprise,18,826.7,0.26,51,3.2,3039.89,0.92,11011.64,0.116,1277.35,12,2023,4,2,4,0
ORD-04869,2023-12-02,Laptop,East,Retail,5,691.78,0.16,51,6.1,2878.07,0.99,2905.48,0.334,970.43,12,2023,4,2,1,2
ORD-04870,2023-12-02,Laptop,West,Retail,13,1553.84,0.03,30,2.2,962.2,0.91,19593.92,0.422,8268.63,12,2023,4,2,4,2
ORD-04871,2023-12-02,Mouse,South,SMB,1,1837.11,0.04,69,5.2,855.9,0.82,1763.63,0.258,455.02,12,2023,4,4,3,3
ORD-04872,2023-12-02,Phone,East,Retail,17,1707.07,0.24,23,5.8,673.19,0.81,22055.34,0.335,7388.54,12,2023,4,5,1,2
ORD-04873,2023-12-03,Webcam,Central,Online,3,1605.52,0.28,53,1.8,4319.32,1.18,3467.92,0.471,1633.39,12,2023,4,7,0,1
ORD-04874,2023-12-03,Tablet,East,Retail,19,1974.24,0.06,42,1.2,3306.73,0.93,35259.93,0.169,5958.93,12,2023,4,6,1,2
ORD-04875,2023-12-03,Tablet,Central,SMB,12,1409.43,0.0,44,9.7,4771.88,0.93,16913.16,0.212,3585.59,12,2023,4,6,0,3
ORD-04876,2023-12-04,Laptop,South,Retail,8,1514.55,0.1,64,8.9,912.58,1.17,10904.76,0.144,1570.29,12,2023,4,2,3,2
ORD-04877,2023-12-04,Phone,Central,Retail,8,1966.46,0.01,48,6.6,2356.96,1.13,15574.36,0.3,4672.31,12,2023,4,5,0,2
ORD-04878,2023-12-04,Mouse,West,Retail,15,63.63,0.25,20,8.6,3740.93,1.07,715.84,0.436,312.11,12,2023,4,4,4,2
ORD-04879,2023-12-04,Laptop,North,SMB,11,1286.39,0.15,45,1.0,1146.39,1.06,12027.75,0.274,3295.6,12,2023,4,2,2,3
ORD-04880,2023-12-04,Keyboard,West,Enterprise,1,1490.99,0.19,21,7.3,3454.92,1.12,1207.7,0.128,154.59,12,2023,4,1,4,0
ORD-04881,2023-12-04,Webcam,West,Retail,16,1839.76,0.12,34,2.9,2421.64,0.87,25903.82,0.205,5310.28,12,2023,4,7,4,2
ORD-04882,2023-12-04,Headphones,East,Online,14,1773.5,0.1,55,5.4,2211.06,1.07,22346.1,0.456,10189.82,12,2023,4,0,1,1
ORD-04883,2023-12-05,Tablet,South,SMB,7,1691.82,0.07,51,7.6,3260.49,0.84,11013.75,0.323,3557.44,12,2023,4,6,3,3
ORD-04884,2023-12-05,Headphones,North,Online,6,1894.29,0.23,37,0.3,2391.7,0.85,8751.62,0.466,4078.25,12,2023,4,0,2,1
ORD-04885,2023-12-05,Monitor,Central,Retail,4,1097.89,0.21,30,6.9,4118.06,0.9,3469.33,0.434,1505.69,12,2023,4,3,0,2
ORD-04886,2023-12-06,Laptop,East,SMB,8,63.49,0.11,64,4.3,4659.55,1.08,452.05,0.266,120.25,12,2023,4,2,1,3
ORD-04887,2023-12-06,Keyboard,South,Retail,19,71.56,0.1,22,4.4,2985.41,1.16,1223.68,0.353,431.96,12,2023,4,1,3,2
ORD-04888,2023-12-06,Tablet,North,Online,3,1112.05,0.0,41,9.1,1572.91,1.08,3336.15,0.366,1221.03,12,2023,4,6,2,1
ORD-04889,2023-12-06,Headphones,West,SMB,4,898.78,0.02,68,8.6,3908.39,0.97,3523.22,0.399,1405.76,12,2023,4,0,4,3
ORD-04890,2023-12-07,Webcam,South,Enterprise,13,929.93,0.19,55,0.6,935.4,1.01,9792.16,0.233,2281.57,12,2023,4,7,3,0
ORD-04891,2023-12-07,Mouse,South,Enterprise,2,830.79,0.15,34,6.2,565.46,1.08,1412.34,0.216,305.07,12,2023,4,4,3,0
ORD-04892,2023-12-07,Phone,South,Enterprise,11,1839.57,0.13,48,4.4,2641.78,1.05,17604.68,0.374,6584.15,12,2023,4,5,3,0
ORD-04893,2023-12-07,Tablet,West,Retail,16,750.38,0.25,45,1.2,3269.01,1.01,9004.56,0.428,3853.95,12,2023,4,6,4,2
ORD-04894,2023-12-07,Webcam,Central,SMB,10,1719.64,0.15,18,8.5,4191.49,0.89,14616.94,0.266,3888.11,12,2023,4,7,0,3
ORD-04895,2023-12-07,Headphones,East,Online,15,1810.59,0.12,19,0.7,4780.54,1.05,23899.79,0.228,5449.15,12,2023,4,0,1,1
ORD-04896,2023-12-07,Phone,Central,Online,10,1024.03,0.05,50,0.3,4379.36,0.81,9728.28,0.43,4183.16,12,2023,4,5,0,1
ORD-04897,2023-12-08,Headphones,North,Retail,2,921.53,0.25,57,2.0,4944.63,1.02,1382.3,0.375,518.36,12,2023,4,0,2,2
ORD-04898,2023-12-08,Phone,East,Retail,6,1533.99,0.17,46,3.0,2430.93,1.13,7639.27,0.237,1810.51,12,2023,4,5,1,2
ORD-04899,2023-12-08,Mouse,North,Online,14,1430.54,0.03,21,0.6,1651.03,0.87,19426.73,0.312,6061.14,12,2023,4,4,2,1
ORD-04900,2023-12-08,Mouse,West,SMB,2,690.64,0.19,35,6.4,2352.56,0.85,1118.84,0.484,541.52,12,2023,4,4,4,3
ORD-04901,2023-12-09,Laptop,Central,Retail,10,249.97,0.13,41,4.4,3256.24,1.19,2174.74,0.4,869.9,12,2023,4,2,0,2
ORD-04902,2023-12-09,Laptop,South,SMB,17,566.46,0.24,49,4.1,2585.56,1.14,7318.66,0.189,1383.23,12,2023,4,2,3,3
ORD-04903,2023-12-09,Tablet,East,Online,8,305.51,0.28,26,1.5,3207.19,0.92,1759.74,0.218,383.62,12,2023,4,6,1,1
ORD-04904,2023-12-09,Mouse,South,SMB,16,624.73,0.18,64,4.4,4444.94,0.88,8196.46,0.206,1688.47,12,2023,4,4,3,3
ORD-04905,2023-12-09,Keyboard,North,Enterprise,14,560.55,0.22,33,3.9,912.48,0.93,6121.21,0.439,2687.21,12,2023,4,1,2,0
ORD-04906,2023-12-09,Headphones,South,Online,10,1293.54,0.02,38,3.8,689.29,0.97,12676.69,0.357,4525.58,12,2023,4,0,3,1
ORD-04907,2023-12-10,Headphones,South,Enterprise,13,1911.27,0.17,47,2.2,2542.74,1.13,20622.6,0.476,9816.36,12,2023,4,0,3,0
ORD-04908,2023-12-10,Headphones,West,Online,1,1387.2,0.23,20,0.9,4910.66,0.9,1068.14,0.136,145.27,12,2023,4,0,4,1
ORD-04909,2023-12-10,Tablet,West,Enterprise,10,1856.97,0.15,50,2.6,389.31,1.09,15784.24,0.121,1909.89,12,2023,4,6,4,0
ORD-04910,2023-12-10,Headphones,Central,SMB,12,1579.06,0.18,48,6.7,4934.13,1.17,15537.95,0.37,5749.04,12,2023,4,0,0,3
ORD-04911,2023-12-11,Monitor,North,Online,17,1469.36,0.27,62,0.7,4841.76,0.95,18234.76,0.207,3774.6,12,2023,4,3,2,1
ORD-04912,2023-12-11,Phone,West,Online,14,857.42,0.06,31,3.8,1533.74,0.81,11283.65,0.372,4197.52,12,2023,4,5,4,1
ORD-04913,2023-12-13,Headphones,West,Enterprise,5,683.35,0.03,23,5.1,4465.92,1.13,3314.25,0.389,1289.24,12,2023,4,0,4,0
ORD-04914,2023-12-13,Webcam,Central,SMB,19,1700.24,0.21,22,9.6,138.02,1.08,25520.6,0.222,5665.57,12,2023,4,7,0,3
ORD-04915,2023-12-13,Phone,East,Online,5,1815.52,0.25,46,8.4,2324.9,0.86,6808.2,0.481,3274.74,12,2023,4,5,1,1
ORD-04916,2023-12-13,Laptop,Central,Retail,15,931.17,0.26,54,9.2,2070.41,1.04,10335.99,0.41,4237.76,12,2023,4,2,0,2
ORD-04917,2023-12-13,Headphones,South,Enterprise,13,67.67,0.19,53,8.2,4523.02,1.13,712.57,0.247,176.0,12,2023,4,0,3,0
ORD-04918,2023-12-13,Webcam,South,Online,17,1595.44,0.25,38,5.9,2414.25,0.87,20341.86,0.265,5390.59,12,2023,4,7,3,1
ORD-04919,2023-12-13,Keyboard,West,SMB,1,605.88,0.21,29,8.6,2147.9,0.89,478.65,0.386,184.76,12,2023,4,1,4,3
ORD-04920,2023-12-14,Webcam,West,SMB,14,69.28,0.03,63,5.7,3234.01,0.88,940.82,0.222,208.86,12,2023,4,7,4,3
ORD-04921,2023-12-14,Mouse,Central,SMB,4,1619.73,0.23,40,3.6,1941.42,1.2,4988.77,0.218,1087.55,12,2023,4,4,0,3
ORD-04922,2023-12-14,Mouse,Central,SMB,9,1058.96,0.05,31,3.7,2729.14,0.89,9054.11,0.35,3168.94,12,2023,4,4,0,3
ORD-04923,2023-12-14,Laptop,North,Enterprise,17,1386.16,0.07,60,5.7,4782.28,0.91,21915.19,0.154,3374.94,12,2023,4,2,2,0
ORD-04924,2023-12-15,Monitor,South,Online,3,1833.65,0.12,59,8.1,1092.82,0.82,4840.84,0.497,2405.9,12,2023,4,3,3,1
ORD-04925,2023-12-16,Tablet,Central,Enterprise,13,1105.29,0.09,27,1.3,2348.67,1.19,13075.58,0.215,2811.25,12,2023,4,6,0,0
ORD-04926,2023-12-16,Tablet,East,Enterprise,12,1031.23,0.1,44,0.4,175.35,0.9,11137.28,0.253,2817.73,12,2023,4,6,1,0
ORD-04927,2023-12-16,Keyboard,North,SMB,16,616.79,0.05,58,7.9,4226.96,1.09,9375.21,0.19,1781.29,12,2023,4,1,2,3
ORD-04928,2023-12-16,Laptop,Central,Retail,4,645.13,0.09,19,6.5,550.89,0.81,2348.27,0.357,838.33,12,2023,4,2,0,2
ORD-04929,2023-12-17,Laptop,West,SMB,18,1603.26,0.01,31,8.2,564.34,1.11,28570.09,0.124,3542.69,12,2023,4,2,4,3
ORD-04930,2023-12-17,Monitor,Central,Retail,3,925.61,0.14,24,9.8,4425.91,1.1,2388.07,0.471,1124.78,12,2023,4,3,0,2
ORD-04931,2023-12-18,Headphones,West,Enterprise,17,368.88,0.23,34,2.5,2105.55,0.83,4828.64,0.222,1071.96,12,2023,4,0,4,0
ORD-04932,2023-12-18,Tablet,West,SMB,1,234.33,0.26,37,1.9,3467.75,0.85,173.4,0.471,81.67,12,2023,4,6,4,3
ORD-04933,2023-12-18,Headphones,South,SMB,19,972.19,0.25,25,3.4,4303.45,0.92,13853.71,0.201,2784.6,12,2023,4,0,3,3
ORD-04934,2023-12-18,Laptop,South,Enterprise,4,956.66,0.12,37,8.8,1934.94,0.94,3367.44,0.306,1030.44,12,2023,4,2,3,0
ORD-04935,2023-12-18,Headphones,Central,SMB,17,1324.24,0.22,53,0.1,1381.58,1.11,17559.42,0.378,6637.46,12,2023,4,0,0,3
ORD-04936,2023-12-19,Mouse,Central,Online,7,968.58,0.09,22,0.1,930.64,0.82,6169.85,0.345,2128.6,12,2023,4,4,0,1
ORD-04937,2023-12-19,Keyboard,East,Retail,2,329.78,0.02,30,2.2,3074.89,1.06,646.37,0.305,197.14,12,2023,4,1,1,2
ORD-04938,2023-12-19,Tablet,North,Retail,12,1040.22,0.2,56,3.8,1336.14,0.89,9986.11,0.415,4144.24,12,2023,4,6,2,2
ORD-04939,2023-12-19,Monitor,North,Retail,5,1818.24,0.19,55,3.0,3208.01,0.95,7363.87,0.288,2120.79,12,2023,4,3,2,2
ORD-04940,2023-12-19,Keyboard,Central,SMB,16,360.91,0.24,34,8.2,1654.0,0.8,4388.67,0.233,1022.56,12,2023,4,1,0,3
ORD-04941,2023-12-19,Phone,South,Online,8,1395.02,0.18,23,6.9,1804.11,0.92,9151.33,0.387,3541.56,12,2023,4,5,3,1
ORD-04942,2023-12-19,Mouse,East,SMB,8,1208.03,0.05,36,8.4,1320.66,0.87,9181.03,0.475,4360.99,12,2023,4,4,1,3
ORD-04943,2023-12-19,Monitor,North,Retail,13,1509.74,0.26,42,3.8,2150.49,1.0,14523.7,0.341,4952.58,12,2023,4,3,2,2
ORD-04944,2023-12-19,Webcam,Central,SMB,14,343.67,0.19,20,6.0,894.44,0.86,3897.22,0.212,826.21,12,2023,4,7,0,3
ORD-04945,2023-12-19,Keyboard,South,Retail,11,1886.13,0.24,58,5.2,1666.56,1.13,15768.05,0.405,6386.06,12,2023,4,1,3,2
ORD-04946,2023-12-20,Laptop,South,Enterprise,6,1260.88,0.23,45,4.7,3911.61,1.15,5825.27,0.405,2359.23,12,2023,4,2,3,0
ORD-04947,2023-12-20,Phone,South,Retail,16,1701.79,0.09,43,2.9,1156.53,1.14,24778.06,0.207,5129.06,12,2023,4,5,3,2
ORD-04948,2023-12-20,Monitor,West,Enterprise,15,530.88,0.02,64,7.1,4740.85,1.19,7803.94,0.254,1982.2,12,2023,4,3,4,0
ORD-04949,2023-12-20,Laptop,South,Enterprise,16,1491.86,0.05,25,5.2,2515.32,1.17,22676.27,0.156,3537.5,12,2023,4,2,3,0
ORD-04950,2023-12-20,Mouse,Central,Enterprise,13,1573.01,0.03,32,0.8,623.91,0.91,19835.66,0.132,2618.31,12,2023,4,4,0,0
ORD-04951,2023-12-22,Webcam,East,Retail,12,825.0,0.07,18,0.0,4721.0,0.93,9207.0,0.423,3894.56,12,2023,4,7,1,2
ORD-04952,2023-12-22,Phone,Central,Online,18,798.71,0.14,57,0.2,2337.72,1.01,12364.03,0.249,3078.64,12,2023,4,5,0,1
ORD-04953,2023-12-22,Tablet,South,Retail,18,1332.7,0.27,40,0.8,2829.13,0.95,17511.68,0.213,3729.99,12,2023,4,6,3,2
ORD-04954,2023-12-23,Webcam,East,SMB,14,232.14,0.26,53,3.7,1007.45,1.19,2404.97,0.202,485.8,12,2023,4,7,1,3
ORD-04955,2023-12-23,Laptop,North,SMB,2,1484.47,0.22,59,3.1,1733.21,0.94,2315.77,0.13,301.05,12,2023,4,2,2,3
ORD-04956,2023-12-23,Keyboard,North,Online,2,133.63,0.01,33,1.6,3547.83,1.1,264.59,0.494,130.71,12,2023,4,1,2,1
ORD-04957,2023-12-23,Headphones,Central,Online,3,421.65,0.1,67,5.2,707.45,1.03,1138.46,0.247,281.2,12,2023,4,0,0,1
ORD-04958,2023-12-23,Monitor,East,Online,8,1345.08,0.2,21,9.7,2895.25,1.18,8608.51,0.166,1429.01,12,2023,4,3,1,1
ORD-04959,2023-12-23,Phone,Central,Enterprise,11,241.73,0.04,25,1.6,3498.26,1.1,2552.67,0.446,1138.49,12,2023,4,5,0,0
ORD-04960,2023-12-23,Laptop,East,Online,12,1945.09,0.24,53,2.5,109.0,0.92,17739.22,0.389,6900.56,12,2023,4,2,1,1
ORD-04961,2023-12-24,Tablet,East,Online,4,1743.37,0.27,27,4.6,4204.12,0.88,5090.64,0.365,1858.08,12,2023,4,6,1,1
ORD-04962,2023-12-24,Headphones,Central,Online,9,1271.29,0.11,69,6.4,376.03,1.14,10183.03,0.219,2230.08,12,2023,4,0,0,1
ORD-04963,2023-12-24,Monitor,East,Retail,17,1647.16,0.21,47,6.0,1309.91,1.16,22121.36,0.266,5884.28,12,2023,4,3,1,2
ORD-04964,2023-12-25,Monitor,South,SMB,16,1780.78,0.04,53,5.2,4821.37,1.13,27352.78,0.436,11925.81,12,2023,4,3,3,3
ORD-04965,2023-12-25,Laptop,East,SMB,17,555.98,0.21,33,7.4,497.1,1.09,7466.81,0.356,2658.18,12,2023,4,2,1,3
ORD-04966,2023-12-25,Tablet,East,Online,15,1706.35,0.01,47,8.5,4147.11,0.93,25339.3,0.238,6030.75,12,2023,4,6,1,1
ORD-04967,2023-12-25,Mouse,Central,SMB,7,429.85,0.05,61,10.0,3294.79,1.0,2858.5,0.144,411.62,12,2023,4,4,0,3
ORD-04968,2023-12-25,Headphones,North,Retail,10,856.02,0.21,27,4.7,3032.06,1.17,6762.56,0.46,3110.78,12,2023,4,0,2,2
ORD-04969,2023-12-25,Mouse,West,SMB,4,1138.61,0.21,28,9.9,2950.24,0.85,3598.01,0.482,1734.24,12,2023,4,4,4,3
ORD-04970,2023-12-25,Phone,East,Enterprise,14,1442.09,0.19,51,7.3,915.65,1.0,16353.3,0.388,6345.08,12,2023,4,5,1,0
ORD-04971,2023-12-25,Laptop,West,Retail,14,108.78,0.14,33,6.6,3377.23,0.94,1309.71,0.377,493.76,12,2023,4,2,4,2
ORD-04972,2023-12-26,Headphones,East,SMB,14,616.49,0.2,36,6.4,4763.0,1.07,6904.69,0.315,2174.98,12,2023,4,0,1,3
ORD-04973,2023-12-26,Phone,Central,SMB,14,1236.61,0.23,61,9.1,477.47,1.05,13330.66,0.489,6518.69,12,2023,4,5,0,3
ORD-04974,2023-12-26,Webcam,Central,Retail,18,746.87,0.29,21,9.5,1728.82,1.02,9545.0,0.378,3608.01,12,2023,4,7,0,2
ORD-04975,2023-12-26,Mouse,East,SMB,15,1561.3,0.27,66,1.8,2414.03,0.91,17096.24,0.131,2239.61,12,2023,4,4,1,3
ORD-04976,2023-12-26,Webcam,Central,SMB,19,1320.72,0.24,61,4.9,1238.23,0.86,19071.2,0.137,2612.75,12,2023,4,7,0,3
ORD-04977,2023-12-26,Webcam,Central,Online,13,507.08,0.21,48,9.4,3730.37,1.11,5207.71,0.485,2525.74,12,2023,4,7,0,1
ORD-04978,2023-12-27,Headphones,East,Enterprise,12,334.56,0.17,65,3.8,3474.25,1.2,3332.22,0.477,1589.47,12,2023,4,0,1,0
ORD-04979,2023-12-27,Monitor,North,Retail,19,1276.64,0.04,52,2.3,677.11,0.87,23285.91,0.323,7521.35,12,2023,4,3,2,2
ORD-04980,2023-12-28,Phone,East,Online,19,928.41,0.05,51,1.0,2890.37,0.83,16757.8,0.186,3116.95,12,2023,4,5,1,1
ORD-04981,2023-12-28,Webcam,North,SMB,2,379.47,0.25,43,6.0,1907.48,1.1,569.21,0.333,189.55,12,2023,4,7,2,3
ORD-04982,2023-12-28,Tablet,Central,Retail,3,686.43,0.24,56,7.0,1219.07,0.94,1565.06,0.405,633.85,12,2023,4,6,0,2
ORD-04983,2023-12-28,Keyboard,North,Retail,10,640.94,0.18,23,2.0,4256.64,0.89,5255.71,0.103,541.34,12,2023,4,1,2,2
ORD-04984,2023-12-29,Mouse,Central,Enterprise,5,260.86,0.13,50,6.7,367.9,1.01,1134.74,0.429,486.8,12,2023,4,4,0,0
ORD-04985,2023-12-29,Mouse,North,Enterprise,12,1116.47,0.01,64,9.0,2390.21,1.07,13263.66,0.286,3793.41,12,2023,4,4,2,0
ORD-04986,2023-12-29,Tablet,North,Retail,7,1539.11,0.1,44,2.4,2429.03,0.89,9696.39,0.285,2763.47,12,2023,4,6,2,2
ORD-04987,2023-12-29,Headphones,East,Enterprise,9,1172.16,0.13,29,1.2,2893.6,1.2,9178.01,0.274,2514.77,12,2023,4,0,1,0
ORD-04988,2023-12-29,Headphones,North,Enterprise,2,1661.27,0.15,62,8.4,1068.21,0.93,2824.16,0.377,1064.71,12,2023,4,0,2,0
ORD-04989,2023-12-29,Headphones,Central,SMB,10,298.76,0.28,25,9.2,4368.89,0.93,2151.07,0.184,395.8,12,2023,4,0,0,3
ORD-04990,2023-12-29,Phone,East,Enterprise,6,899.44,0.03,26,2.1,4829.98,0.97,5234.74,0.343,1795.52,12,2023,4,5,1,0
ORD-04991,2023-12-29,Laptop,North,Enterprise,12,1238.36,0.16,18,7.2,2789.88,1.1,12482.67,0.118,1472.96,12,2023,4,2,2,0
ORD-04992,2023-12-30,Webcam,East,Online,6,1368.2,0.11,22,5.9,1355.01,1.15,7306.19,0.425,3105.13,12,2023,4,7,1,1
ORD-04993,2023-12-30,Monitor,West,SMB,3,1406.78,0.3,24,2.4,4396.45,0.93,2954.24,0.426,1258.51,12,2023,4,3,4,3
ORD-04994,2023-12-30,Keyboard,East,SMB,10,1471.48,0.26,35,8.2,4942.05,0.85,10888.95,0.225,2450.01,12,2023,4,1,1,3
ORD-04995,2023-12-30,Laptop,West,Retail,9,1320.29,0.13,57,4.7,3735.21,0.9,10337.87,0.142,1467.98,12,2023,4,2,4,2
ORD-04996,2023-12-30,Laptop,West,Enterprise,5,233.74,0.3,41,7.0,1735.15,0.83,818.09,0.399,326.42,12,2023,4,2,4,0
ORD-04997,2023-12-30,Tablet,East,Online,3,1405.85,0.15,43,3.0,1256.5,1.05,3584.92,0.288,1032.46,12,2023,4,6,1,1
ORD-04998,2023-12-31,Phone,Central,Online,5,1463.33,0.05,27,8.2,867.43,1.1,6950.82,0.47,3266.89,12,2023,4,5,0,1
ORD-04999,2023-12-31,Mouse,Central,SMB,8,1987.29,0.17,57,2.6,1251.2,0.97,13195.61,0.241,3180.14,12,2023,4,4,0,3
